,count,mean,min,max,source
p_rateModFactorC,1,0.6,0.6,0.6,RothC_soilRespiration.gms
p_NetIncomeChange,1,1.0,1.0,1.0,addNetincome.gms
p_trqGlobl,36,2.777777777777778e-05,0.0,0.001,scen/trade_policies/WTO/wtoDefra.gms
p_trqBilat,93,107526916.33925809,0.0,10000000000.0,scen/trade_policies/WTO/wtohrb.gms
p_fixdomExpQ,9,0.1111111111111111,0.0,1.0,pol_input/fta/tariffline_cuts.gms
p_dpCESTrade,1,1000.0,1000.0,1000.0,arm/cal_armington.gms
p_cnstNQSupp,4,0.0,0.0,0.0,reports/welfare.gms
p_cnstNQProc,2,0.0,0.0,0.0,reports/welfare.gms
p_cnstNQDairy,2,0.0,0.0,0.0,reports/welfare.gms
p_weight,95,28.316842105263156,0.1,200.0,fao/fao_balance_consolidation.gms
p_exchgRateChangeFactor,2,1.0,1.0,1.0,arm/cal_models.gms
p_maxEU27Exports,3,425.0,0.0,1275.0,arm/data_cal.gms
P_RR,74,212.18216216216214,-2.0,4500.0,supply/pmp_elas.gms
p_infesReport,2,0.0,0.0,0.0,arm/market_model.gms
p_testDiff,14,0.0,0.0,0.0,arm/check_cal.gms
p_doubleZero,40,-0.325,-3.0,1.0,reports/sol_market.gms
p_maxEU27Imports,3,25.0,0.0,70.0,arm/market_model.gms
p_impPrice,6,0.0,0.0,0.0,reports/sol_market.gms
p_dataMarket,64,0.000625,0.0,0.04,special_ch/bas_data_ch.gms
p_globiomTightLink,4,0.0,0.0,0.0,cgemrk/map_data.gms
p_tradeFlows,19,0.5263157894736842,0.0,10.0,special_ch/bas_data_ch.gms
p_DataMarket,1,0.0,0.0,0.0,arm/data_prep.gms
p_growthRateMarketModelPos,10,1000.80555,0.0,10000.0,arm/prepare_market_data.gms
p_caloConsCor,1,2200.0,2200.0,2200.0,arm/data_prep.gms
p_shFstInSecRmall,2,0.35,0.2,0.5,reports/sol_market.gms
p_procCostShare,10,0.27,0.08,0.7,arm/def_dairy_prices.gms
p_lucAnnualFac,4,1.0,1.0,1.0,arm/prep_market.gms
p_foddShare,54,0.32333333333333336,0.02,0.95,pol_input/agmip/ylds_s6.gms
p_elasSupp,1,1.0,1.0,1.0,arm/define_land_params.gms
p_weightLnd,6,0.8333333333333334,0.5,1.0,arm/define_land_params.gms
p_shFstInSecMrk,1,0.05,0.05,0.05,arm/define_land_params.gms
p_lucPriorMrk,2,0.5,0.0,1.0,arm/define_land_params.gms
p_relPrice,5,21.222,0.01,100.0,arm/trim_elas.gms
p_feedCostShare,1,0.7,0.7,0.7,arm/feed_conv.gms
p_datyield,1,0.0,0.0,0.0,arm/ini_netTradeModel.gms
p_stockChgSlope,1,2.0,2.0,2.0,arm/ini_netTradeModel.gms
p_stockChgShare,1,0.05,0.05,0.05,arm/ini_netTradeModel.gms
p_gridHandlesT,1,0.0,0.0,0.0,arm/ini_netTradeModel.gms
p_keepTradeFlow,6,0.6666666666666666,0.0,1.0,arm/market_model.gms
p_rhoBioFuel,2,4.0,4.0,4.0,cgemrk/bev_parameters.gms
p_rhoFeed,14,2.9285714285714284,0.5,6.0,cgemrk/bev_parameters.gms
p_rhoArm1,72,3.6458333333333335,0.5,15.0,special_ch/market1_ch.gms
p_rhoArm2,69,6.811594202898551,1.5,16.5,special_ch/market1_ch.gms
p_rhoProc,2,0.01,0.01,0.01,cgemrk/bev_parameters.gms
p_feedBlkElas,1,-2.0,-2.0,-2.0,arm/market1.gms
p_landSupplyElas,10,0.20800000000000002,0.01,0.4,arm/market1.gms
p_inputSupplyElas,7,1.5542857142857145,0.01,10.0,arm/market1.gms
p_hessNQSupp,6,0.16666666666666666,0.0,1.0,reports/welfare.gms
p_hessNQFeed,3,0.0,0.0,0.0,reports/welfare.gms
p_hessNQDairy,3,0.0,0.0,0.0,reports/welfare.gms
p_hessNQProc,3,0.0,0.0,0.0,reports/welfare.gms
p_pbGL,4,0.0,0.0,0.0,reports/welfare.gms
p_pdGL,4,0.0,0.0,0.0,reports/welfare.gms
p_aLU,3,0.3333333333333333,0.0,1.0,arm/trim_elas.gms
p_bLU,2,0.0,0.0,0.0,arm/market1.gms
p_markupBiofFeedCost,1,0.0,0.0,0.0,arm/market_model.gms
p_stockDemElas,1,0.0,0.0,0.0,arm/market_model.gms
p_arm2Commit,2,0.0,0.0,0.0,arm/set_start_val.gms
p_deltaCES,1,1.0,1.0,1.0,arm/market_model.gms
p_transitA,1,0.0,0.0,0.0,arm/market_model.gms
p_transitB,1,1.0,1.0,1.0,arm/market_model.gms
p_oilCostShare,34,0.05647058823529412,0.0,0.3,arm/market_model.gms
p_trqSigmoidSlope,5,56.0,10.0,200.0,arm/trim_trqs.gms
p_expectedTrade,3,18.0,-1.0,55.0,pol_input/fta/ttip_modArm.gms
p_additivePPriMargin,1,1.0,1.0,1.0,arm/prep_market.gms
p_cSugarCalPar,1,0.0,0.0,0.0,arm/prep_market.gms
p_lstIters,12,48.166666666666664,-1.0,100.0,cgemrk/solve_presteps.gms
p_fapriData,1,0.0,0.0,0.0,arm/prepare_market_data.gms
p_AglinkTrade,1,0.0,0.0,0.0,arm/shift_quantities.gms
p_gridHandles,12,0.0,0.0,0.0,supply/solve_land_supply_estimation.gms
p_arm2Price,2,0.0,0.0,0.0,arm/tagg_before_calc.gms
p_Arm1Price,2,0.0,0.0,0.0,arm/tagg_before_calc.gms
p_price_null,5,0.0,0.0,0.0,arm/tagg_before_calc.gms
p_problems0,1,0.0,0.0,0.0,arm/tagg_before_calc.gms
p_tline_trq,4,0.0,0.0,0.0,arm/tagg_load_data_hs8.gms
p_impInQ,1,0.0,0.0,0.0,arm/tagg_model.gms
p_impOutQ,1,0.0,0.0,0.0,arm/tagg_model.gms
p_sigma_up,1,4.0,4.0,4.0,arm/tagg_model.gms
p_sigma_lo,1,8.0,8.0,8.0,arm/tagg_model.gms
p_nInfesTrimPar,1,0.0,0.0,0.0,arm/trim_elas.gms
p_oriYieldElasShar,9,0.4222222222222222,0.2,0.9,arm/trim_elas.gms
p_srFac,8,3.5125,0.3,10.0,arm/trim_elas.gms
P_XX,3,0.2333333333333333,0.1,0.3,arm/trim_elas.gms
p_wgtElasR,3,13.666666666666666,1.0,30.0,arm/trim_elas.gms
p_bLu,1,0.01,0.01,0.01,arm/trim_elas.gms
p_nTries,3,0.0,0.0,0.0,arm/trim_elas_start.gms
p_oriInputs,6,0.0,0.0,0.0,arm/trim_elas.gms
p_price,8,0.75,0.0,1.0,arm/trimdem_ini.gms
p_qx,18,-0.516661111111111,-3.0,2.0,arm/trim_elas_collect_solution.gms
P_budgetShare,1,0.0,0.0,0.0,arm/trim_elas.gms
p_oriElas,3,-0.08333333333333333,-1.5,1.0,arm/trim_elas.gms
p_priceN,1,1.0,1.0,1.0,arm/trim_elas.gms
p_elasFeedOri,1,-6.0,-6.0,-6.0,arm/trim_elas.gms
p_elasSuppOri,8,0.6832,0.5,0.8857,special_ch/sup_elas_ch.gms
p_numeraireBuying,1,0.0,0.0,0.0,arm/trim_intervent_bas.gms
p_numeraireRelease,1,0.0,0.0,0.0,arm/trim_intervent_bas.gms
p_elasBuying,1,-1.0,-1.0,-1.0,arm/trim_intervent_bas.gms
p_elasRelease,1,1.0,1.0,1.0,arm/trim_intervent_bas.gms
p_storeTRQ,1,0.0,0.0,0.0,arm/trim_trqs.gms
p_SpecialCHTrqbilat,11,0.0,0.0,0.0,special_ch/ch_global_settings_Default.gms
p_demElaLit,3,0.05000000000000001,0.05,0.05,arm/trimdem_decl.gms
p_elaHiera,3,0.31666666666666665,0.0,0.95,arm/trimdem_ini.gms
p_groupExpe,1,0.0,0.0,0.0,arm/trimdem_ini.gms
p_budShare,1,0.0,0.0,0.0,arm/trimdem_ini.gms
p_sourceWgtDelta,2,0.0,-0.45,0.45,arm/trimdem_ini.gms
p_dataCopy,15,109.93333333333334,0.0,1000.0,reports/yield_change_decomp.gms
p_maxFeedShare,45,0.2793333777777778,0.0,0.95,supply/set_supply_bounds.gms
p_technFact,114,3626.738315807018,-1.0,100000.0,supply/unload_iy.gms
p_chk_mTradeCal,2,0.0,0.0,0.0,baseline/check_cal.gms
p_animReq,15,0.0,0.0,0.0,feed/req_or_man_fnc.gms
p_animReqCopy,1,0.0,0.0,0.0,baseline/fedtrm_prep.gms
p_fedtrmHasIniPoint,5,0.4,0.0,1.0,feed/fedtrm_cal_pw.gms
p_feedQuant,2,0.0,0.0,0.0,farmtype/frmb_consis_yields.gms
p_aprDistAnimReq,46,0.2543478260869565,0.0,1.0,feed/set_prior.gms
p_aglink,47,0.0,0.0,0.0,global/bio_fuel_markets_aglink2011oecd.gms
p_secgShare,44,0.6409090909090909,0.0,1.0,baseline/load_aglink2024dgAgri.gms
P_Result,28,0.0,0.0,0.0,captrd/rem_tiny.gms
p_result,32,0.28125,0.0,9.0,captrd.gms
p_nagrShare,16,1.0,1.0,1.0,baseline/load_aglink2017dgAgri.gms
p_demShare,22,1.0,1.0,1.0,baseline/load_aglink2017dgAgri.gms
p_aglinkTrd,49,0.0,0.0,0.0,baseline/load_aglink2024dgAgri.gms
p_primesResults,4,0.0,0.0,0.0,biofuel/biofuel_trends.gms
p_expertSupprt,48,28.645833333333332,0.0,250.0,captrd/conservative_biofuel_trends_EU.gms
p_ExpertSupprt,54,51.19148148148148,0.0,631.0,sugar/kws_support.gms
P_expertSupprt,40,7.3,1.0,10.0,biofuel/biofuel_trends.gms
p_primesWithUnits,1,0.0,0.0,0.0,biofuel/biofuel_trends.gms
p_AVGDAT,45,0.0,0.0,0.0,coco/coco2_shares.gms
p_domm,2,0.0,0.0,0.0,biofuel/calc_feedstock_share.gms
p_bioSupPar,1,0.5,0.5,0.5,biofuel/def_biofuel_params.gms
P_palmData,6,0.0,0.0,0.0,biofuel/palm_oil.gms
p_prepare_biofuel,7,0.0,0.0,0.0,biofuel/prepare_biofuel_data.gms
p_usda,3,0.0,0.0,0.0,biofuel/prepare_biofuel_data.gms
p_biofData,4,125.0,0.0,300.0,biofuel/prepare_biofuel_data.gms
p_comext_biotrade,1,0.0,0.0,0.0,biofuel/update_biofuel_tradeflows.gms
p_biofuelTrade,1,0.0,0.0,0.0,biofuel/update_biofuel_tradeflows.gms
p_LUUnits,7,6.428571428571429,1.0,14.0,capdis/est_stock_dens.gms
p_regShare,1,1.0,1.0,1.0,capdis/est_crop_levels.gms
p_adHocForecast,3,2.0,1.0,3.0,capdis/est_crop_levels.gms
p_levlMean,2,5e-11,0.0,1e-10,capdis/est_crop_levels.gms
p_step,3,1.3333333333333333,1.0,2.0,capdis.gms
p_status,16,2.375,-1.0,8.0,farmtype/frmb_consis_level.gms
p_handle,3,0.0,0.0,0.0,capdis/est_stock_dens.gms
p_aprioDistEst,3,0.0,0.0,0.0,capdis/est_crop_levels.gms
p_levlStde,1,0.0,0.0,0.0,capdis/est_crop_levels.gms
p_xDNDC,1,0.0,0.0,0.0,capdis/est_dndc_meta.gms
p_xMeta,1,0.0,0.0,0.0,capdis/est_dndc_meta.gms
p_distance,1,0.0,0.0,0.0,capdis/est_stock_dens.gms
p_tempStore,5,1.0,1.0,1.0,capdis/est_yields_irri.gms
p_fertData,2,0.0,0.0,0.0,capdis/fert_nut.gms
p_data,57,35088252.614035085,0.0,1000000000.0,captrdfrm.gms
p_nflows,1,0.0,0.0,0.0,capdis/nflows.gms
p_dm,5,0.758,0.25,0.9,report_agmip/read_some_refrun_data.gms
p_pastsuit,6,0.3370066666666667,4e-05,1.368,capdis/spat_hnv.gms
p_Cmfactor,2,1.0,1.0,1.0,reports/soil_erosion.gms
p_Cmtillrescov,2,1.0,1.0,1.0,reports/def_cbalance.gms
p_Cmtillresfactor,2,1.0,1.0,1.0,reports/soil_erosion.gms
p_soillos,2,0.0,0.0,0.0,capdis/spat_soillos.gms
p_levlmean,3,0.0,0.0,0.0,capdis.gms
p_levlstdeori,4,0.0,0.0,0.0,capdis.gms
p_levlunit,2,0.0,0.0,0.0,capdis.gms
p_temp3dim,4,0.75,0.0,1.03,capdis.gms
p_levlstde,1,0.5,0.5,0.5,capdis.gms
P_DATA_FSS,3,0.0,0.0,0.0,farmtype/frm_sets.gms
p_priFertDist,16,0.8125,0.0,5.0,supply/set_fert_priors.gms
p_priMinRate,2,2.0,1.0,3.0,fert/ferttrm_years.gms
p_manureShare,5,0.0,0.0,0.0,fert/ferttrm_years.gms
p_netPutQuant,5,0.0,0.0,0.0,fert/ferttrm_years.gms
p_ifaFertDataCorrFact,6,0.0,0.0,0.0,fert/ferttrm_years.gms
p_minShareMinFertCorr,5,0.0,0.0,0.0,fert/ferttrm_years.gms
p_stepWeights,1,0.55,0.55,0.55,capmod/define_stepWeights.gms
p_FileExist,35,1.0,1.0,1.0,capmod/fileExist.gms
p_itemsInIters,5,0.2,0.0,1.0,manuremarket/simu_manure_market.gms
p_ItemsInIters,2,0.0,0.0,0.0,capmod/list_iteration_changes.gms
p_pmpFeedInpCoeff,4,0.0,0.0,0.0,supply/pmp_terms/define_const_pmp_param.gms
p_pmpCnst,2,0.0,0.0,0.0,supply/prep_cal.gms
p_pmpQuadPact,2,0.0,0.0,0.0,supply/pmp_terms/forecast_activity_slopes.gms
p_pmpQuadTechn,1,0.0,0.0,0.0,capmod/load_sim_ini_gdx.gms
p_pmpWater,2,0.0,0.0,0.0,supply/pmp_terms/define_for_water_module.gms
p_pmpQuadLandTypes,1,0.0,0.0,0.0,capmod/load_sim_ini_gdx.gms
P_PMPLANDSUPPLYTAIL,1,0.0,0.0,0.0,capmod/load_sim_ini_gdx.gms
p_pmpCnstLandTypes,1,0.0,0.0,0.0,capmod/load_sim_ini_gdx.gms
p_iterChg,2,1.0,1.0,1.0,capmod.gms
p_lowerBounds,1,0.0,0.0,0.0,capmod.gms
p_upperBounds,1,0.0,0.0,0.0,capmod.gms
p_storeLevel,1,0.0,0.0,0.0,capmod.gms
p_premModifFact,2,0.0,0.0,0.0,policy/del_policy.gms
p_regioData,288,6.944444444444444e-13,0.0,1e-10,capreg/map_from_regio.gms
p_AgriProd,711,11.487189873417721,0.0,1942.0,eurostat_raw.gms
p_processHilda,3,0.10000000000000002,0.1,0.1,fao/fao_land_hilda.gms
p_maxYearlyChange,14,9.714285714285714,1.0,30.0,capreg/check_and_cor_regio_rev2022.gms
p_checkRegioData,4,0.0,0.0,0.0,capreg/check_and_cor_regio_rev2022.gms
p_CLCRegio,3,0.0,0.0,0.0,capreg.gms
p_rr,70,10.916714285714285,0.0,100.0,supply/prep_sim_luc.gms
p_objFac,7,1428574.507157143,0.0001,10000000.0,capreg/cons_levls.gms
p_avgdat,8,0.0,0.0,0.0,global/time_avg_flex.gms
p_priorlanduse,1,0.01,0.01,0.01,capreg/cons_levls.gms
p_outliers,2,0.0,0.0,0.0,capreg/cons_levls_tj.gms
p_priorActLevl,8,2.125,1.0,10.0,capreg/cons_levls_tj.gms
p_animalYieldRelation,2,1.0,1.0,1.0,capreg/cons_yields.gms
p_landUseScaleFact,2,0.0,0.0,0.0,capreg/merge_CLC_LUCAS.gms
p_nObs,2,0.0,0.0,0.0,water_database.gms
p_sumY,5,0.0,0.0,0.0,water_database.gms
p_sumX,5,0.0,0.0,0.0,water_database.gms
p_sumZ,2,0.0,0.0,0.0,water_database.gms
p_sumXX,5,0.0,0.0,0.0,water_database.gms
p_sumYY,2,0.0,0.0,0.0,water_database.gms
p_sumXY,5,0.0,0.0,0.0,water_database.gms
p_sumZZ,2,0.0,0.0,0.0,water_database.gms
p_sumYZ,2,0.0,0.0,0.0,water_database.gms
p_sumXZ,2,0.0,0.0,0.0,water_database.gms
p_X1,2,0.0,0.0,0.0,water_database.gms
p_X2,2,0.0,0.0,0.0,water_database.gms
p_Z1,2,0.0,0.0,0.0,water_database.gms
p_Z2,2,0.0,0.0,0.0,water_database.gms
p_slope,2,0.0,0.0,0.0,water_database.gms
p_slopeZ,2,0.0,0.0,0.0,water_database.gms
p_R2,2,0.0,0.0,0.0,water_database.gms
p_const,2,0.0,0.0,0.0,water_database.gms
p_seExpert,2,0.0,0.0,0.0,capreg.gms
p_emisPerProdDefInput,1,0.0,0.0,0.0,capreg.gms
P_LowLim,2,0.7,0.5,0.9,captrd/adjust_to_biof_supports.gms
P_PrdAdj,2,1.0,1.0,1.0,captrd/adjust_to_biof_supports.gms
P_UppLim,1,1.2,1.2,1.2,captrd/adjust_to_biof_supports.gms
p_cocoSupport,1,7.0,7.0,7.0,captrd/define_stats_and_supports.gms
p_coefHFCS,2,0.55,0.5,0.6,coco/coco2_collect.gms
p_exTrapMinMax,3,0.75,0.75,0.75,captrd.gms
p_longrunInfo,12,0.0,0.0,0.0,captrd/longrun_supports.gms
P_DATA,3,390.8333333333333,0.0,631.0,captrd/prep_data_for_estimation.gms
p_natExpert,1,0.0,0.0,0.0,captrd/national_supports.gms
p_mrkbalee_Data,1,0.0,0.0,0.0,captrd/sets_captrd.gms
p_activateStep,2,1.0,1.0,1.0,captrd.gms
p_resultCopy,2,0.0,0.0,0.0,captrdfrm.gms
p_cesElasInt,6,2.25,0.5,4.0,cgemrk/bev_parameters.gms
p_cesElasVA,1,0.3,0.3,0.3,cgemrk/bev_parameters.gms
p_cesElas,1,0.1,0.1,0.1,cgemrk/bev_parameters.gms
p_CetElasPrimFac,4,0.3875,0.1,0.7,cgemrk/bev_parameters.gms
p_distShare,1,1.0,1.0,1.0,cgemrk/map_data.gms
p_inputShare,3,0.0,0.0,0.0,cgemrk/map_data.gms
p_useShareDirect,1,0.0,0.0,0.0,cgemrk/map_data.gms
p_exoInc,1,0.0,0.0,0.0,cgemrk/map_data.gms
p_emptyDays,4,35.5,7.0,60.0,coco/coco1_anim.gms
p_Upplim,2,0.0,0.0,0.0,coco/coco1_crops.gms
p_Lowlim,1,0.0,0.0,0.0,coco/coco1_anim.gms
p_LowLim,11,309.1727272727273,0.0,800.0,coco/coco1_estimc1.gms
p_UppLim,10,675.11,0.0,1600.0,coco/coco1_estimc1.gms
p_reqfcnlim,6,294.8333333333333,40.0,550.0,coco/coco1_anim.gms
p_LOWLIM,1,0.0,0.0,0.0,coco/coco1_anim.gms
p_UPPLIM,1,0.0,0.0,0.0,coco/coco1_anim.gms
p_threshNonsencePrice,4,2.875,2.5,3.0,coco/coco1_assign_agri_pri.gms
p_Cand,3,0.0,0.0,0.0,coco/coco1_candi_agri_prod_agri_pri.gms
P_Cand,18,0.2266111111111111,0.0,4.023,coco/coco1_candi_agri_prod_agri_pri.gms
p_fao2,3,0.0,0.0,0.0,coco/coco1_candi_agri_prod_agri_pri.gms
P_Share,2,0.0,0.0,0.0,coco/coco1_candi_eco_act.gms
p_AG_DATA,2,0.0,0.0,0.0,coco/coco1_candi_agri_prod_agri_pri.gms
P_EcoAct1,8,0.0,0.0,0.0,coco/coco1_candi_eco_act.gms
p_ACT_fixed_zero,14,0.21428571428571427,0.0,1.0,coco/coco1_finish_agri_prod.gms
p_EcoAct,34,0.0,0.0,0.0,coco/coco1_finish_agri_prod.gms
p_salpest,3,0.0,0.0,0.0,coco/coco1_eaa.gms
p_splitFac,4,1.0,0.8,1.2,coco/coco1_estima.gms
p_NobsP,42,26601.45238095238,0.0,600000.0,coco/coco1_estimc2.gms
p_ZERO_YLD,4,0.0,0.0,0.0,coco/coco1_finish_raw.gms
p_AgriProd_dairy,1,0.0,0.0,0.0,coco/coco1_eurostat.gms
p_for_exchange,1,0.0,0.0,0.0,coco/coco1_eurostat.gms
p_EcoACT,1,0.0,0.0,0.0,coco/coco1_eurostat.gms
p_AgriPri,5,0.0,0.0,0.0,eurostat_raw.gms
p_fodder,67,20.686567164179106,0.0,379.9,coco/coco1_eurostat_fodd.gms
p_Fodder,14,0.0,0.0,0.0,coco/coco1_eurostat_fodd.gms
p_FAO,13,0.0,0.0,0.0,coco/coco1_finish_agriprod_oils.gms
p_FAO_add,1,0.0,0.0,0.0,coco/coco1_finish_agri_prod.gms
p_GRC,1,0.0,0.0,0.0,coco/coco1_finish_raw.gms
p_mlkBalTmp,2,0.0,0.0,0.0,coco/coco1_rebook.gms
p_roadData0,3,0.3333333333333333,0.0,1.0,coco/coco1_roads.gms
p_motorwgt,1,0.0,0.0,0.0,coco/coco1_roads.gms
p_aglinkSel,1,0.0,0.0,0.0,coco/coco2_collect.gms
p_adata,1,0.0,0.0,0.0,coco/coco2_collect.gms
p_xrates,4,0.75,0.0,1.0,coco/coco2_ilo_addup.gms
p_DOBS,5,0.0,0.0,0.0,coco/coco2_shares.gms
p_CHECKREG,4,0.75025,0.001,1.1,coco/coco2_collect.gms
p_FeedAgri,2,0.0,0.0,0.0,coco/coco2_feed.gms
p_wgtLOSF,3,0.43333333333333335,0.1,1.0,coco/coco2_gras.gms
p_ilod4,2,0.0,0.0,0.0,coco/coco2_ilo_addup.gms
p_ILOP,2,-0.5,-1.0,0.0,coco/coco2_ilo_adjust.gms
p_WGT,3,33.35333333333333,0.01,100.0,coco/coco2_ilo_adjust.gms
p_ConsPriInd,2,0.0,0.0,0.0,coco/coco2_shares.gms
p_ilop,1,0.01,0.01,0.01,coco/coco2_ilo_adjust.gms
p_shares,4,0.0,0.0,0.0,coco/coco2_shares.gms
p_RWI,4,0.0,0.0,0.0,coco/coco2_shares.gms
p_SBA,1,0.0,0.0,0.0,coco/coco2_shares.gms
p_REG_DAT,3,0.0,0.0,0.0,coco/coco2_shares.gms
p_SHOW_AGG,2,0.5,0.0,1.0,coco/coco2_shares.gms
p_Nai_years,1,0.0,0.0,0.0,coco/coco2_shares.gms
p_fshares,3,0.0,0.0,0.0,coco/coco2_solve.gms
p_TOFO,3,0.6666666666666666,0.0,1.0,coco/coco2_solve.gms
p_WGT_ILO,14,0.4785714285714286,0.0,1.0,coco/coco2_solve.gms
p_luc_matrix,4,0.0,0.0,0.0,envind/est_lucpos.gms
p_DIFF,3,0.0,0.0,0.0,coco1.gms
p_aesMiti,70,0.5714285714285714,0.0,1.0,compile_rdp_data/create_cap_fp_data.gms
p_aesSubMeas1420Areas,2,0.0,0.0,0.0,compile_rdp_data/create_cap_fp_data.gms
p_subM1420FarmPract,2,0.0,0.0,0.0,compile_rdp_data/create_cap_fp_data.gms
p_pua2329FarmPract,28,0.03571428571428571,0.0,1.0,compile_rdp_data/create_cap_fp_data.gms
p_years2329Avg,2,0.0,0.0,0.0,compile_rdp_data/create_cap_fp_data.gms
p_regShare1420,2,0.0,0.0,0.0,compile_rdp_data/create_cap_fp_data.gms
p_rdBudget,2,0.0,0.0,0.0,compile_rdp_data/process_2007_2013_spend.gms
p_dataFT,1,1e-20,1e-20,1e-20,cropDiv.gms
p_IrrigationHSMU,2,5.5,1.0,10.0,enerdisag.gms
p_HSMUCropEmerBal,1,500000000000000.0,500000000000000.0,500000000000000.0,enerdisag.gms
p_YieldScenario,1,0.0,0.0,0.0,enerdisag.gms
p_HSMUCropEnerBal,3,0.0,0.0,0.0,enerdisag.gms
p_Level,1,0.0,0.0,0.0,enerdisag.gms
p_actLevl,6,83.5,1.0,100.0,enerind/enerind_calc.gms
p_NutsEnerDataDisag,7,2455.714285714286,1770.0,2810.0,enerind/enerind_calc.gms
p_combiRAINS_scenRAINS,22,0.5,0.0,1.0,envind/Miterra/aggregate_control_strategies.gms
p_relRedNmax,1,0.0,0.0,0.0,envind/RedFert.gms
p_ghgMiti,110,6.037599090912728,0.0,100.0,supply/def_supply_model_par.gms
p_aesMitiData,9,0.3333333333333333,0.0,1.0,envind/load_cap_fp_data.gms
p_MaxLvstDens,2,0.0,0.0,0.0,envind/RedLvst.gms
p_emiLoss,1,0.0,0.0,0.0,envind/ammo.gms
p_envConst,11,0.0,0.0,0.0,supply/def_supply_model_par.gms
p_emiLossTseries,1,0.0,0.0,0.0,envind/ammo_tseries.gms
p_bfpPar,17,0.9725905882352942,-0.2,10.0,envind/bfp_sets_parameters.gms
p_dataBFP,1,0.0,0.0,0.0,envind/bfp_sets_parameters.gms
p_milkFatCont,2,4.0,4.0,4.0,feed/req_or_man_fnc.gms
p_regressors,1,1.0,1.0,1.0,envind/calc_fbi.gms
p_fert_for_gains,1,1.0,1.0,1.0,envind/calc_fert_eff_fac.gms
p_BioHisBur,3,33333.666666666664,0.0,100000.0,supply/set_miti_bounds.gms
p_ipcc11_2,20,0.070785,0.0,0.28,envind/cropresidues.gms
p_EdgarData,1,0.0,0.0,0.0,envind/edgar_xls_to_gdx.gms
p_prodPrim,1,1.0,1.0,1.0,envind/enerLca.gms
p_difRegNat,2,0.0,0.0,0.0,envind/feed_reg.gms
p_tradeflows,2,0.0,0.0,0.0,envind/feed_reg.gms
p_loadLocalData,1,0.0,0.0,0.0,envind/gas_per_commodity_ipcc.gms
p_NCshr,1,1.0,1.0,1.0,envind/gas_per_commodity_ipcc.gms
p_emishr,1,1.0,1.0,1.0,envind/gas_per_commodity_ipcc.gms
p_localData,5,0.2,0.0,1.0,envind/lulca.gms
p_shareRMinNonEU,1,0.0,0.0,0.0,envind/gas_per_commodity_ipcc.gms
p_NonEUCoef,1,0.0,0.0,0.0,envind/gas_per_commodity_ipcc.gms
p_globWarmPot,1,1.0,1.0,1.0,envind/gascoeff.gms
p_emissDifAbs,1,0.0,0.0,0.0,envind/gases.gms
p_emissDifRel,1,0.0,0.0,0.0,envind/gases.gms
p_emiPerProduct_LCA,2,0.0,0.0,0.0,envind/gases_lvst.gms
p_emiPerProdDef,1,0.0,0.0,0.0,envind/gases_lvst.gms
p_emisFeed,1,0.42,0.42,0.42,envind/line_nitr.gms
p_calcLabourReq,1,570.0,570.0,570.0,envind/miti_labour_requirement.gms
p_faoAgg,2,1.0,1.0,1.0,envind/prep_lulucf_carbon.gms
p_tillReg,9,0.6088888888888889,-0.12,1.0,envind/tillage.gms
p_to_type,1,1.0,1.0,1.0,fao/doubleCropIndex.gms
P_RES,1,0.0,0.0,0.0,fao/export_trade.gms
p_extractionRates,2,0.0,0.0,0.0,fao/export_trade.gms
p_processtree,2,0.5,0.0,1.0,fao/export_trade.gms
p_codeMapping,1,0.0,0.0,0.0,fao/export_trade.gms
p_avgDat,8,0.0,0.0,0.0,fao/fao_land_consolidation.gms
p_SUA,1,0.0,0.0,0.0,fao/fao_balance_consolidation.gms
p_faotemp,1,1.0,1.0,1.0,fao/fao_balance_consolidation.gms
p_sua,2,0.0,0.0,0.0,fao/fao_balance_consolidation.gms
p_faomilk_SUA,2,0.0,0.0,0.0,fao/fao_balance_consolidation.gms
p_milkData,3,0.2866666666666667,0.0,0.85,fao/fao_balance_consolidation.gms
p_solverInfo,12,0.5833333333333334,0.0,1.0,fao/fao_milk_consolidation_collect_one_solution.gms
p_prodStatAdj,2,0.0,0.0,0.0,fao/fao_land_consolidation.gms
p_checkland,1,0.0,0.0,0.0,fao/fao_land_consolidation.gms
p_priorLandUse,16,0.935125,0.001,5.0,fao/fao_land_consolidation.gms
p_country_luc1,1,0.0,0.0,0.0,fao/fao_read_luc_from_xls.gms
P_DATA_FADN,6,0.16665,0.0,0.9999,farmtype/fd_map_capri.gms
p_DataF,40,15.0,0.0,30.0,farmtype/frm_excluded.gms
p_DATA_FSScpy,3,0.0,0.0,0.0,farmtype/frm_map_fss_to_capri.gms
p_resultsIY_farm,1,0.0,0.0,0.0,farmtype/frmb_consis_inputs.gms
p_DATAC2,4,0.0,0.0,0.0,farmtype/frmb_consis_level.gms
P_Relaxseta,1,0.0,0.0,0.0,farmtype/frmb_consis_new_sets.gms
p_Posit,2,0.0,0.0,0.0,farmtype/frmsgm.gms
p_data_FSScpy,18,0.0,0.0,0.0,farmtype/frmsgm.gms
p_ResTypRules,9,0.3333333333333333,-1.0,1.0,farmtype/test_fss_type_esu.gms
p_indSGM,2,0.0,0.0,0.0,farmtype/frmsgm.gms
p_coeff,2,1.0,1.0,1.0,farmtype/struct_change_main.gms
p_c,2,0.0,0.0,0.0,farmtype/struct_change_main.gms
p_nSolved,4,0.5,0.0,1.0,inputs/dist_input.gms
p_aprDistFeedCost,4,0.0,0.0,0.0,feed/fedtrm_cal_pw.gms
p_FeedAggrPrior,3,1.0,1.0,1.0,feed/fedtrm_prior_pw.gms
p_feedBalance,3,0.0,0.0,0.0,feed/fedtrm_prior_pw.gms
p_FeedShareInAggr,2,0.0,0.0,0.0,feed/fedtrm_prior_pw.gms
p_gvamFac,1,0.0,0.0,0.0,feed/fodprcy.gms
p_suppGva,1,0.0,0.0,0.0,feed/fodprcy.gms
p_femWgt,1,550.0,550.0,550.0,feed/req_or_man_fnc.gms
p_fatngDays,3,0.0,0.0,0.0,feed/req_or_man_fnc.gms
p_animProdDays,2,0.5,0.0,1.0,feed/req_or_man_fnc.gms
p_NutContFeed,4,50.0,0.0,100.0,feed/req_or_man_fnc.gms
p_minFeedShare,26,0.40499999999999997,0.05,0.99,feed/req_or_man_fnc.gms
p_NPKContData,10,678.35,0.0,998.0,fert/calc_npimport.gms
p_endoManAv,7,-0.0002142857142857143,-0.0015,0.0,fert/ferttrm_cor_tj.gms
p_expMeanMannShare,21,0.18414285714285714,-100.0,100.0,fert/ferttrm_cor_tj.gms
p_minShareMinFert,10,0.16999999999999998,0.0,0.5,scen/NLimits/sur_nlimits.gms
p_maxShareMinFert,3,0.4033333333333333,0.01,1.0,fert/fertpar.gms
p_priNutAvailFact,26,4.353846153846154,0.0,50.0,fert/store_ferttrm_results.gms
p_nutAvailFactExcrStde,1,0.1,0.1,0.1,fert/ferttrm_cor.gms
p_cropNutNeedMultFactMean,1,1.25,1.25,1.25,fert/ferttrm_cor.gms
p_cropNutNeedMultFactSTDE,2,0.05,0.05,0.05,fert/ferttrm_cor.gms
p_cropNutNeedAddFactMEAN,2,5.0,5.0,5.0,fert/ferttrm_cor_tj.gms
p_cropNutNeedAddFactSTDE,2,0.55,0.1,1.0,fert/ferttrm_cor_tj.gms
p_aggFertUseDevSTDE,2,0.01,0.01,0.01,fert/ferttrm_cor_tj.gms
p_csViolManTradeWgt,2,1000000.0,1000000.0,1000000.0,fert/ferttrm_cor_tj.gms
p_kgDiffMin,6,1.0,0.0,5.0,fert/ferttrm_cor_tj.gms
p_ifaStdev,1,0.1,0.1,0.1,fert/ferttrm_cor_tj.gms
p_nutRetShare,2,1.0,1.0,1.0,fert/ferttrm_cor_tj.gms
p_fertDistSolutionStats,4,0.25,0.0,1.0,fert/ferttrm_cor_tj.gms
p_manureShareAll,1,0.0,0.0,0.0,fert/ferttrm_years.gms
p_nobs,3,0.0,0.0,0.0,fert/ferttrm_years.gms
p_storedFertModuleSettings,2,0.5,0.0,1.0,fert/store_ferttrm_results.gms
p_FUBC,2,0.0,0.0,0.0,fert_to_gdx.gms
p_activityLevel,2,0.0,0.0,0.0,ghg_emission_factors_per_commodity/create_data/prepare_aglink_data/define_production_and_activity_levels.gms
p_emiShrAC,6,0.6666666666666666,0.0,1.0,ghg_emission_factors_per_commodity/create_data/prepare_aglink_data/prepare_conversion_of_emissions_factors.gms
p_useAC,1,0.0,0.0,0.0,ghg_emission_factors_per_commodity/create_data/prepare_aglink_data/solve_model.gms
p_stDevAdjustedForCropUncertainty,4,0.75,0.0,1.0,ghg_emission_factors_per_commodity/define_priors.gms
p_dataDuals,2,0.0,0.0,0.0,reports/aggreg_res_data.gms
p_beta1,1,0.0,0.0,0.0,ghg_emission_factors_per_commodity/solve_model.gms
p_tariffDataOri,4,5e+29,1.0,1e+30,global/aggreg_tariffs.gms
p_tradeTarAggReg,4,0.0,0.0,0.0,global/aggreg_tariffs_mac2.gms
p_tariffData,2,0.0,0.0,0.0,special_ch/aggreg_tar_trqglobl_ch.gms
p_IMPACTinfo,1,0.0,0.0,0.0,global/agmip_yields.gms
p_bioDat,35,0.0,0.0,0.0,global/bio_fuel_markets_aglink2013dgAgri.gms
p_biofuelData,18,33.333333333333336,0.0,150.0,global/biofuel_markets.gms
p_comextBiofTradeFlows,1,0.0,0.0,0.0,global/bio_fuel_trade_new.gms
p_comtrade,2,0.0,0.0,0.0,global/comtrade_hs.gms
p_GDP,6,0.0,0.0,0.0,global/convert_aglink2012dgAgri.gms
p_GLOBIOM,1,0.0,0.0,0.0,global/convert_globiom.gms
p_GLOBIOMmapped,1,0.0,0.0,0.0,global/convert_globiom.gms
p_prcy,2,0.122,0.094,0.15,global/convert_globiom.gms
p_globiomInfo,3,0.0,0.0,0.0,global/convert_globiom.gms
p_mediumTermData,3,0.0,0.0,0.0,global/create_final_marketdb.gms
p_longRunInfoAll,1,0.0,0.0,0.0,global/create_longrun_info.gms
p_AglinkElasMapped,1,0.0,0.0,0.0,global/elas_aglink.gms
p_transpCost,5,0.0,0.0,0.0,global/estimate_transportcosts.gms
p_ordyr,4,2023.75,2000.0,2050.0,global/f2050_impact.gms
p_popshare,2,0.5,0.21,0.79,global/fao_population.gms
p_AGLINKOri,1,1.0,1.0,1.0,global/growth_factor_aglink.gms
p_share_crop,1,1.0,1.0,1.0,global/load_fao_fert_pest.gms
p_levlElas,1,0.0,0.0,0.0,global/load_wfm_elas.gms
p_yieldElas,4,0.175,0.0,0.3,supply/yield_elas.gms
p_demandElas,2,0.0,0.0,0.0,global/load_wfm_elas.gms
p_feedElas,1,0.0,0.0,0.0,global/load_wfm_elas.gms
P_checkGrowthFac,2,0.0,0.0,0.0,global_database.gms
p_prior_JKI,1,0.0,0.0,0.0,inputs/compile_prior_jki.gms
p_SectorCostsFromEAA,1,0.0,0.0,0.0,inputs/dist_input.gms
p_expCostsFromSectorRelations,3,0.0,0.0,0.0,inputs/dist_input.gms
p_supports,2,5e-05,0.0,0.0001,inputs/dist_input.gms
p_estInputDemandCoef,4,0.25,0.0,1.0,inputs/fill_inp_matrix.gms
p_estLabInpCoeff,1,0.0,0.0,0.0,inputs/labour_calc.gms
p_shiftLogRelLabCoeff,2,0.0,0.0,0.0,inputs/labour_cons.gms
p_aprDistLabInpCoeff,3,7.333333333333333,0.0,12.0,inputs/labour_calc.gms
p_logRelLabCoeff,8,0.0,0.0,0.0,inputs/labour_relation.gms
p_pestPar,6,0.0,0.0,0.0,supply/cal_pesti.gms
p_EstimRes,1,0.0,0.0,0.0,inputs/pest_cor_selai.gms
p_inputDemandFactor,1,0.0,0.0,0.0,inputs/yieldIY.gms
p_mTradeAutarkyBuffer,3,17003.333333333332,10.0,50000.0,manuremarket/declare_manure_market.gms
p_trapZeroDistances,1,0.0,0.0,0.0,manuremarket/define_manure_market_structure.gms
p_CO2EquEmisInIters,5,0.0,0.0,0.0,permits/ghg_emission_trade_model.gms
p_carbonTax,13,1.2615384615384615,0.0,2.0,pol_input/ghg/carbcali_uaa_endotech_noc.gms
p_mitiEffFac,1063,0.46369708372530577,0.0,1.5,scen/ghg_emission_abatement/endo_mititech_agora.gms
p_premDataE,4339,6133588.767316513,0.0,278324388.0,scen/base_scenarios/CAP_2014_2020_pol_editor.gms
p_entlWght1,4,0.4,0.2,1.0,pol_input/agenda.gms
p_rdMax,22,375.0,250.0,500.0,scen/base_scenarios/mtr_rd.gms
p_mac_info_lucas,17,2.0,2.0,2.0,pol_input/greendeal/oth_pol.gms
p_watBalance,1,10.0,10.0,10.0,pol_input/agmip/agclim50iv_scenarios.gms
p_watScen,1,0.5,0.5,0.5,pol_input/agmip/agclim50iv_scenarios.gms
p_forItems,4,1.0,0.5,1.5,pol_input/ecampa4/ecampa4_scenarios.gms
p_3billion,4,5250.0,3000.0,7500.0,pol_input/ecampa4/ecampa4_scenarios.gms
p_DPGreeningLimits,2,0.0,0.0,0.0,pol_input/agora/main.gms
p_shkPmpSlope,18,-0.4861111111111111,-0.75,0.5,shock/declarations.gms
p_shkPmpGroup,2,-0.25,-0.5,0.0,shock/declarations.gms
p_shkPmpCnst,12,815.3333333333334,0.0,7498.0,shock/declarations.gms
p_exoDemand,2,0.25,0.0,0.5,supply/define_manure_trade_costs.gms
p_animCostChange,1,0.1,0.1,0.1,pol_input/animWelf.gms
p_BFPindex,25,1e-06,1e-06,1e-06,pol_input/biodiv/bfp_min_total_index.gms
p_ConFarm,10,70.0,0.0,200.0,policy/equalizing_restrictions.gms
p_fixMiti,2,0.5000005,1e-06,1.0,pol_input/greendeal/greendeal_scenarios.gms
p_premToDDTarget,66,50.0,0.0,100.0,scen/Premiums/Distribution_farm_premium/mtr.gms
p_tariffRed,1,0.2,0.2,0.2,pol_input/fta/eu_mercosur_fta.gms
p_tline_qchange,4,0.75,0.5,1.0,pol_input/fta/swiss_beef.gms
p_tlinecuts,4,25.0,0.0,50.0,pol_input/fta/swiss_beef.gms
p_rent_null,4,0.65,0.5,0.8,pol_input/fta/tariffline_cuts.gms
p_rentShare0,4,0.5,0.0,1.0,pol_input/fta/tariffline_cuts.gms
p_tariff_R0,4,0.0,0.0,0.0,pol_input/fta/tariffline_cuts.gms
p_constFeed,1,0.0,0.0,0.0,pol_input/ghg/sup_shock_DK_beef.gms
p_addLoss,2,1.0,1.0,1.0,pol_input/ghg/sup_shock_DK_swhe.gms
p_already_adjusted,4,0.0,0.0,0.0,pol_input/greendeal/conventional_io.gms
p_minCoverCrops,2,1.0,1.0,1.0,pol_input/greendeal/conventional_io.gms
p_uncorrChgCalo,1,0.0,0.0,0.0,pol_input/greendeal/diets.gms
p_nMaxPerHa,1,0.0,0.0,0.0,pol_input/greendeal/greendeal_scenarios.gms
p_fertDistReguWgt,13,1.0,1.0,1.0,pol_input/manure/envconstr_r4711_miti.gms
p_DPGreeningShare,13,0.3,0.3,0.3,pol_input/slov/si_p2013_green_envi.gms
p_maxSetAsideShare,6,0.0,0.0,0.0,pol_input/mtrstd.gms
p_premToDDTargetNuts,10,1.0,1.0,1.0,scen/Premiums/Distribution_farm_premium/mtr.gms
p_manure_limit,4,87.5,50.0,120.0,pol_input/manure/ManureNLimit80.gms
p_Nsurplus,3,0.05000000000000001,0.05,0.05,pol_input/metakiel/nsurp50nec_ghg0_oth0_par0.gms
p_couplPercent_E,4,100.0,100.0,100.0,pol_input/mtr_2004.gms
p_mitiSubs,4,80.025,0.1,140.0,pol_input/outlook2022/redu_ldens_.gms
p_LuPerHaLim,1,1.4,1.4,1.4,pol_input/outlook2022/redu_ldens_.gms
p_shiftCAPPaym,16,1.0,1.0,1.0,pol_input/scenar2040/EnvClimate_Scenar2040_miti_NewYields.gms
p_tarBands,51,46.27647058823529,0.0,130.0,pol_input/wto/DDA_rmtp.gms
p_sensProds,257,0.9851167315175098,0.04,1.0,scen/trade_policies/WTO/falconer.gms
p_tarsVsGlobl,3,0.0,0.0,0.0,pol_input/wto/DDA_rmtp.gms
p_tarvVsGlobl,3,0.0,0.0,0.0,pol_input/wto/DDA_rmtp.gms
p_specBilatCut,3,0.0,0.0,0.0,pol_input/wto/DDA_rmtp.gms
p_iniTariffs_HS6,1,0.0,0.0,0.0,pol_input/wto/DDA_HS6.gms
p_premPaym,4,0.25,0.0,1.0,policy/policy.gms
p_nationalCeilCut,2,0.0,0.0,0.0,policy/calc_mtr.gms
p_premData,4,0.0,0.0,0.0,policy/prmcut.gms
p_nonCAPPremOutput,1,0.0,0.0,0.0,policy/del_policy.gms
p_aggToPsdPay,56,0.9821428571428571,0.5,1.0,policy/policy_sets.gms
p_budToPsdPay,19,1.0,1.0,1.0,policy/policy_sets.gms
p_couplPercent,1,0.0,0.0,0.0,policy/policy_sets.gms
p_aeLfa,1,100.0,100.0,100.0,policy/rd_logic.gms
p_rd_spend_2007_2013_natExpert,5,300.0,300.0,300.0,policy/rd_logic.gms
p_dataFM,1,0.0,0.0,0.0,prep_cbm_data.gms
p_dataCBM,19,0.0,0.0,0.0,prep_cbm_data.gms
p_estim,6,0.0,0.0,0.0,prep_cbm_data.gms
p_reducGains,11,0.09272727272727273,0.0,0.34,prep_data_LitRev.gms
p_shareLiquidInv,1,0.0,0.0,0.0,prep_data_LitRev.gms
p_shareGrazInv,1,0.0,0.0,0.0,prep_data_LitRev.gms
P_Data,14,0.0,0.0,0.0,report_agmip/agmip_thread.gms
p_othoFromRaw,1,0.0,0.0,0.0,report_agmip/read_some_refrun_data.gms
p_armDecomp,5,0.0,0.0,0.0,reports/bev_func_decomp.gms
p_dataInfoSource,1,0.0,0.0,0.0,reports/calc_cbalance.gms
p_cInput,2,0.0,0.0,0.0,reports/def_cbalance.gms
p_dSOC,2,0.0,0.0,0.0,reports/def_cbalance.gms
p_CcFactorsData,3,0.16,0.05,0.38,reports/def_cbalance.gms
p_Cmsummercover,30,0.56,0.2,0.6,reports/def_cbalance.gms
p_resFertDist,4,0.25,0.0,1.0,reports/fert_dist_results.gms
p_Cmcovfactor,1,1.0,1.0,1.0,reports/soil_erosion.gms
p_dataCrf,2,0.0,0.0,0.0,reports/sol_simy.gms
p_cnstLU,1,0.0,0.0,0.0,reports/welfare.gms
p_hessLU,1,0.0,0.0,0.0,reports/welfare.gms
p_cnstNQFeed,1,0.0,0.0,0.0,reports/welfare.gms
p_decomp,4,0.0,0.0,0.0,reports/yield_change_decomp.gms
p_nMinLimit,6,10.0005,0.001,30.0,scen/NLimits/sur_nlimits.gms
p_premToDDTarget_E,2,50.0,0.0,100.0,scen/Premiums/Distribution_farm_premium/full_flate.gms
p_DPgreeningWeight,20,0.72,0.0,1.0,scen/Premiums/Greening/cap_2023_2027_GAECs.gms
p_bps_final_year,14,2018.2142857142858,2015.0,2020.0,scen/Premiums/bps_full_flat_rate.gms
p_bps_tunnel_target_share,15,0.9733333333333333,0.9,1.0,scen/Premiums/bps_full_flat_rate.gms
p_bps_tunnel_gap_closure,10,0.97,0.7,1.0,scen/Premiums/bps_full_flat_rate.gms
p_dpGreeningShareCAP14,2,0.3,0.3,0.3,scen/base_scenarios/CAP_2014_2020_pol_editor.gms
p_oilPriceTransMissElas,29,0.2793103448275862,0.1,0.8,scen/macro_environment/oil_price_shock.gms
p_reductionFormula,16,49.16875,0.0,130.0,scen/trade_policies/WTO/falconer.gms
p_shkPdGL,1,0.0,0.0,0.0,shock/declarations.gms
p_shkPbGL,1,0.0,0.0,0.0,shock/declarations.gms
p_shkPmpSlopeLandTypes,1,0.0,0.0,0.0,shock/declarations.gms
p_shkTradeFlows,1,0.0,0.0,0.0,shock/declarations.gms
p_shkCons,1,0.0,0.0,0.0,shock/declarations.gms
p_shkLand,1,0.0,0.0,0.0,shock/declarations.gms
p_shkIPric,1,0.0,0.0,0.0,shock/declarations.gms
p_shkYield,1,0.0,0.0,0.0,shock/declarations.gms
p_shkICoef,1,0.0,0.0,0.0,shock/declarations.gms
p_CHImportShares,3,0.0,0.0,0.0,special_ch/bas_data_ch.gms
p_CHCalcTarAdval,4,0.425,0.0,1.0,special_ch/ch_global_settings_IndoNeg.gms
p_CHTrqToCapri,1,0.89,0.89,0.89,special_ch/def_tariff_ch.gms
p_CHTariffToCapri,1,1.0,1.0,1.0,special_ch/def_tariff_ch.gms
p_TrqBilat,8,0.0,0.0,0.0,special_ch/def_tariff_trimag_ch.gms
p_TrqGlobl,11,0.0,0.0,0.0,special_ch/def_tariff_trimag_ch.gms
p_demelaCh,1,0.8,0.8,0.8,special_ch/dem_elas_ch.gms
p_SpecialChPrices,1,1.3,1.3,1.3,special_ch/prices_ch.gms
p_arm2ImpPriceRelation,3,1.0,0.9,1.1,special_ch/prices_ch.gms
p_sugarPric,1,0.0,0.0,0.0,sugar/price_est.gms
p_sugarLEVY,12,81.02083333333333,0.001,236.963,sugar/price_est.gms
p_ABCPric,1,0.0,0.0,0.0,sugar/price_est.gms
P_VCOF,4,0.3025,0.01,1.0,sugar/price_est.gms
p_priorsLandTypesEla,2,5e-11,0.0,1e-10,supply/cal_land_nests.gms
p_d2L_dlevl_dmu,1,-1.0,-1.0,-1.0,supply/cal_land_nests.gms
p_d2L_dmu_dlevl,1,-1.0,-1.0,-1.0,supply/cal_land_nests.gms
p_d2L_dmu_dmu,1,0.0,0.0,0.0,supply/cal_land_nests.gms
p_dF_dr,1,1.0,1.0,1.0,supply/cal_land_nests.gms
p_pestiEla,6,183.61666666666667,-0.3,1000.0,supply/cal_pesti.gms
p_testAppl,1,0.0,0.0,0.0,supply/cal_pesti.gms
p_identHes,1,1.0,1.0,1.0,supply/declare_calibration_models_for_land_supply.gms
p_lucAnnualFac_sup,3,1.0,1.0,1.0,supply/prep_sim_luc.gms
p_watPar,10,0.316,0.0,1.0,water_database.gms
p_manureSellCostSlope,1,10.0,10.0,10.0,supply/define_manure_trade_costs.gms
p_manureBuyCostSlope,1,10.0,10.0,10.0,supply/define_manure_trade_costs.gms
p_manureSellCostConst,1,0.0,0.0,0.0,supply/define_manure_trade_costs.gms
p_manureBuyCostConst,1,0.0,0.0,0.0,supply/define_manure_trade_costs.gms
p_yieldChange,1,1.0,1.0,1.0,supply/endog_yields.gms
p_obsHa,1,0.0,0.0,0.0,supply/merel_corr.gms
p_uaaChgFactor,1,1.0,1.0,1.0,supply/pmp.gms
p_inflationFactor,1,1.0,1.0,1.0,supply/pmp.gms
p_assumedOwnPriceFeedElas,7,-3.9285714285714284,-10.0,-0.5,supply/pmp_elas.gms
p_assumedOwnSupplyElas,22,1.9318181818181819,0.1,20.0,supply/pmp_elas.gms
p_pmpSlopeForActivity,1,0.0,0.0,0.0,supply/pmp_terms/forecast_activity_slopes.gms
p_elasHigh,2,4.5,4.5,4.5,supply/pmp_terms/impose_upper_bound_on_elasticity.gms
p_ordFeed,1,0.0,0.0,0.0,supply/prep_cal.gms
p_shFstInSec,10,4.6501,0.001,40.0,supply/prep_sim_luc.gms
p_lucPrior,3,0.33333333666666665,0.0,1.0,supply/prep_sim_luc.gms
p_INFES,4,0.0,0.0,0.0,supply/widen_bounds.gms
p_needYieldUpdate,1,0.0,0.0,0.0,supply/yield_elas.gms
p_problem3D,2,0.0,0.0,0.0,util/delete_tiny_activity_level.gms
p_metaOnOff,1,1.0,1.0,1.0,util/meta_onoff.gms
p_irriFactor,1,0.0,0.0,0.0,water/irrigation_factors.gms
p_irriData,7,0.23,0.0,0.8,water_database.gms
p_wElaFac,3,6.933666666666666,0.001,20.0,water/load_water_data_and_scen.gms
p_watAGRate,3,0.0036666666666666666,0.0005,0.01,water_database.gms
