,DCOW,SCOW,COWS,BULL,HEIF,CALV,PIGS,SOWS,HENS,POUL,SHGO
DE11,94.4494882798519,16.789371529585,113.66878645770664,5.19346953034821,5.54778359434586,93.2355505560298,1061.37438373902,107.800608927883,0.856696145591786,2.86924149364824,26.37805379972966
DE12,17.4238947914013,6.92986397735103,113.66878645770664,2.450106204726,2.39553198455371,41.8365658351884,88.8077431066821,7.77732730030516,0.0621862396829496,0.174342041849012,26.37805379972966
DE13,63.9890594808406,28.6294696046856,113.66878645770664,9.69287146086446,5.85841236300118,66.0056087778518,131.315025478447,11.2763661964077,0.0917717782261281,0.336174901324999,26.37805379972966
DE14,167.132925616014,7.29448108546631,113.66878645770664,15.0571826492309,7.61663416253807,86.6823273634965,641.772424181714,57.4722555691389,0.435603822990462,1.49299658606706,26.37805379972966
DE21,373.821458237603,15.2314319601873,113.66878645770664,24.1638494756863,35.1301538499184,161.64970923698,446.609859972895,42.2612518075074,0.686863652431349,2.30086979299395,26.37805379972966
DE22,145.840191603302,11.5202947973462,113.66878645770664,20.7672729836746,14.585478096571,107.380390041859,1069.54192939108,82.794144561479,1.80329174725055,5.95247189200803,26.37805379972966
DE23,163.441031823921,15.2068780502781,113.66878645770664,7.82916587047933,13.8647524484744,84.7740234265969,277.059379412263,25.6116749557243,0.739301515533953,2.4286638840993,26.37805379972966
DE24,85.0008182204113,7.90538318857649,113.66878645770664,2.6353049361222,8.57231698154889,66.3554689609826,247.665686861152,21.7064227089849,0.125476147449162,0.391244072683161,26.37805379972966
DE25,97.0083155402916,8.43422232718777,113.66878645770664,10.6422520352102,11.2896180051016,70.9398884069219,505.968034485833,42.132850262715,1172.7652416611322,3161.016545298344,26.37805379972966
DE26,30.8626628821278,5.42990719882751,113.66878645770664,4.12486636014834,4.6851122385332,72.6209771757055,372.563373708789,37.4950600912081,0.0648322907556094,0.212408850348991,26.37805379972966
DE27,294.551506782992,7.92359352543363,113.66878645770664,12.5485178166904,23.4687027699366,106.406428519635,509.79607365147,41.7137219262128,0.403046495970466,1.2511136141133,26.37805379972966
DE30,46.9476838966315,7.486150134940365,54.43395105935306,1.038270474717299,0.4476312630515857,40.78862880038524,304.89715944544275,20.923396998952416,561.6163219306039,1513.7543496920953,12.631978701643966
DE40,151.964678207203,91.5265109154497,240.5299859829487,12.7955976544505,10.0790172341221,258.975514348771,959.580301768658,111.005456670642,2.96638900762731,9.85191265606918,55.81754770529861
DE50,46.9476838966315,7.486150134940365,54.43395105935306,1.038270474717299,0.4476312630515857,40.78862880038524,304.89715944544275,20.923396998952416,561.6163219306039,1513.7543496920953,12.631978701643966
DE60,45.56680551092536,7.265959018883371,52.83287811543646,1.0077316890295809,0.4344650259849128,39.588907510256085,295.9291792939955,20.307974377998057,545.0974273729664,1469.230094409111,12.26043265485268
DE71,25.7414232721979,13.3262783164131,113.66878645770664,6.44238836501259,3.91114342804634,47.7570663515969,50.5752530605954,0.594911640968405,0.152046686104197,0.507440650445745,26.37805379972966
DE72,37.0741866409409,14.2202471174999,113.66878645770664,3.61830374771912,4.72136607032163,40.5695125079652,128.040111319897,13.8983035504659,0.0873826075423748,0.26291353905774,26.37805379972966
DE73,76.494019304427,17.1430386612329,113.66878645770664,5.17324953123009,5.12469738830493,64.5680630459779,395.642543700747,33.0319823962721,0.143985482032065,0.478518708119819,26.37805379972966
DE80,170.557014203676,67.2567202747308,270.17415307821165,11.9971686711983,7.81028268804963,262.248972272248,1008.41015757558,112.229588438743,2.96542976496283,9.78321662091878,62.69679273689722
DE91,19.3360732195324,5.51097567589312,113.66878645770664,2.1681127784991805,0.607478496763191,83.787699146002,196.648409187419,11.602267708341,0.162270117831204,0.498784900221299,26.37805379972966
DE92,60.1422711855475,10.5913555045614,113.66878645770664,3.31453483495888,3.66502652001152,105.322028100699,1116.56426611577,82.0343286095987,1.652530753833,5.4313417635769,26.37805379972966
DE93,345.808140590698,27.3074789602893,113.66878645770664,32.7954195670621,18.5219251148542,183.127358677552,1436.42039385513,105.617548909293,1.41815862819451,4.69682709206576,26.37805379972966
DE94,441.288311397834,27.7476290854275,113.66878645770664,59.2626204196009,24.0383959554652,192.948853839364,5655.76783120974,420.295507057546,17.1570667330513,56.8831008445934,26.37805379972966
DEA1,114.134541660051,10.3168024523846,113.66878645770664,3.60364441469926,4.70912938246033,46.5890751143005,436.002231443771,34.4057925544141,0.532248379531337,1.7484038971505,26.37805379972966
DEA2,97.2958909787287,12.6680210479751,113.66878645770664,2.05501809086263,4.46175023655457,59.8141130416383,636.6851833109845,43.692164525233146,0.298043929807813,0.863185505129398,26.37805379972966
DEA3,100.422893692075,11.5115056176548,113.66878645770664,38.6516391691686,4.99157640685382,83.589702138949,4465.89187478853,349.404235638594,1.29178603659491,4.31130728422059,26.37805379972966
DEA4,45.3600743125571,10.5198524422573,113.66878645770664,8.10260527522004,2.85422377672958,70.1509065981106,1446.86241198243,94.8446254179214,1.30878269477584,4.34675734632321,26.37805379972966
DEA5,61.4643910266361,20.4858141155497,113.66878645770664,11.7006496722874,4.82272215812561,50.6627727313551,735.518650486302,59.5758347747364,0.599907964243692,1.94559824546578,26.37805379972966
DEB1,30.4678502298231,19.1048460034281,113.66878645770664,2.6506755950469,4.5071143810144,51.295990233334,636.6851833109845,43.692164525233146,0.174246887000938,0.588299619520875,26.37805379972966
DEB2,71.9649236310333,12.8115927518283,113.66878645770664,5.29533251024117,3.97455956489205,36.0334975204805,83.3687891068759,5.25494228910336,0.0899505348282915,0.286738234848205,26.37805379972966
DEB3,9.94930933096032,7.6054467506354,113.66878645770664,1.56621922548429,1.24703748846001,51.0823621690416,55.9261261664935,8.10129437247961,0.376574534323969,1.20808201715036,26.37805379972966
DEC0,14.0014689904833,5.84369848226179,59.30136844170953,1.56606147865115,1.86502246600164,15.2589524246631,3.35886623732193,0.167204061327549,0.054180081664467,0.164120423418917,13.761514800151623
DED2,98.03598951895634,15.6325525617464,113.66878645770664,2.1681127784991805,0.9347420398736884,85.17467218130604,636.6851833109845,43.692164525233146,1172.7652416611322,3161.016545298344,26.37805379972966
DED4,98.03598951895634,15.6325525617464,113.66878645770664,2.1681127784991805,0.9347420398736884,85.17467218130604,636.6851833109845,43.692164525233146,1172.7652416611322,3161.016545298344,26.37805379972966
DED5,98.03598951895634,15.6325525617464,113.66878645770664,2.1681127784991805,0.9347420398736884,85.17467218130604,636.6851833109845,43.692164525233146,1172.7652416611322,3161.016545298344,26.37805379972966
DEE0,119.634902504534,30.7694330006679,261.04434101770045,6.26283213278242,6.17333259780278,236.273886249882,1518.09818958208,183.782790441865,4.65743008924868,15.3340524600693,60.57812250896098
DEF0,394.634115617911,39.8205484420736,170.37458804428437,31.7233518053847,23.3919010769484,214.047887053895,1482.78534707024,117.405077791653,0.919952110980695,3.13636248715905,39.53723963799924
DEG0,103.255496763858,38.6310937137694,191.8499759275109,7.89958746026972,3.04712641388774,151.649544486252,936.850110188614,110.240395419544,1.42803640309474,4.81662437106172,44.52083236039173
FR10,5.84796803780825,6.05365657774092,259.46906703879694,0.332744960756011,0.937162708463517,92.1662556898255,10.7152846473133,1.17891768746061,0.470806032835216,1.41897622690107,221.19065163838607
FRB0,59.4241222112008,204.341472826156,593.9959957276413,7.91982878342993,20.3657238594913,391.81375017676,358.439165741057,33.3285251297001,2.70076144470128,8.33209748448182,506.3661840890788
FRC1,54.3729957845107,481.074066336183,396.4132757504121,21.7652285293657,54.8843829800037,327.260394443847,131.82362948741,14.1132182700711,1.22894988553346,3.78926541799189,337.9320386126418
FRC2,208.779038892702,50.1304483326219,259.46906703879694,8.63870252556849,26.3289754143533,125.868016248197,101.233315359882,7.62964390665276,0.108248977718802,0.33290067076612,221.19065163838607
FRD1,453.411748669975,173.049738469555,358.5308427378171,44.4205087561198,46.2992051635326,241.945261705833,587.008061016511,50.4186386298675,1.41687771775998,4.35448306158805,305.6382467578675
FRD2,124.092740510485,89.027220958505,259.46906703879694,15.3253929824346,19.3010903003429,141.695812488422,160.093559350083,14.317669492101,0.654936030207327,1.97673003140789,221.19065163838607
FRE1,180.24255100346,90.8614699627612,536.1462666817127,13.1699112720363,20.8933098741553,147.361263449625,607.499185940254,65.6952475780374,2.1759642214831,6.56492670904922,457.0507901162793
FRE2,114.847692755702,82.183645266096,259.46906703879694,11.5436811983109,15.4197082121697,225.615452084671,101.078522845681,9.32045744274222,1.34833355667942,4.14779238556154,221.19065163838607
FRF1,45.6068274931714,20.933051929639,670.4251689105412,3.57669028627462,5.32616543940141,58.0166599290201,107.357045427114,9.5689961728381,0.471575680597027,1.40200944165759,571.5200724251434
FRF2,91.8534998261562,119.9745018094,259.46906703879694,17.3266137983063,19.3497382608443,258.369932885832,203.941491931207,16.4160999698416,0.803119045100597,2.43037595986918,221.19065163838607
FRF3,180.208853146018,154.716367037454,259.46906703879694,27.8265709715631,30.7359496709581,207.25629559083,112.27235853151,10.8575113936833,0.296154359235793,0.904871616660576,221.19065163838607
FRG0,537.85793874554,448.260164018126,377.3599309659024,41.1245475795508,82.0242253329244,427.900696477233,1411.84742642397,118.816560609432,21.7378936620518,66.6393657725641,321.68955623555604
FRH0,768.10201150646,138.708669751492,333.5495086032968,20.1380072854242,46.4343599831775,333.963903365167,7090.10635878044,542.747013024838,27.0380409057796,82.8342457893534,284.3423071721881
FRI1,82.1061535372941,232.211036456381,606.0423809378343,6.51099372463365,27.8099041134261,261.152218025704,410.954076584338,38.0295673565952,5.62813380421333,17.3318235477499,516.6354151189618
FRI2,30.8474870663481,463.351495598189,259.46906703879694,17.2066105952282,33.6698250828298,176.285808927204,120.137494528296,9.37663472037624,0.273803888078888,0.818044728383428,221.19065163838607
FRI3,80.5132900095914,231.58466629089,259.46906703879694,8.70558616512146,23.9053523889199,295.722465499833,332.524642896632,26.5398362019907,3.09231446088739,9.42582220676601,221.19065163838607
FRJ1,17.6935904968761,83.9332567828962,385.2681480216982,4.16275799081255,7.65732105288107,157.600136525871,27.4640137734424,3.28886193657606,0.320765060138724,0.971356681791777,328.43110621618524
FRJ2,126.498704474538,453.759412894997,259.46906703879694,11.7318376202415,38.1037431378563,418.547177539363,374.025869315964,26.6204740227153,3.06050112655006,9.35703863683135,221.19065163838607
FRK1,212.38089623409,510.838159873303,299.58098718867456,19.2618337427699,57.2456085101978,282.970188076251,224.909825767319,21.7281658688367,1.60080540006935,4.85718328298599,255.38502346727049
FRK2,263.240261606782,175.915097525051,259.46906703879694,12.7718114708054,51.3621211306846,274.467731413661,279.440968017326,18.4541416136962,5.53561826408052,17.057979077209,221.19065163838607
FRL0,7.16434032906064,17.9660892849543,259.46906703879694,2.43079130739729,4.1269305863012,119.568357735183,18.0010769104649,1.59337469204817,0.204582355283289,0.621154115394718,221.19065163838607
FRM0,0.0788122265853255,34.13538489152,80.8377570477025,1.22109059680611,1.56730712962581,47.1504189520653,20.2693990077578,2.42260897359642,0.0364179777853799,0.0919596711742131,68.91209176658145
ITC1,160.19009741727,69.8244395201622,151.6158353820961,20.589357985788,46.0439845507205,137.521891894123,1082.22635797153,71.256963505926,4.04411428313781,12.7531603601718,468.5447602438663
ITC2,16.5172102508427,0.426334483399907,101.3466869979482,0.090759618146019,1.88596269844193,7.17553876636902,1.96102340856755,0.557715114454855,1830.988114342892,5638.827324923385,313.19590754681303
ITC3,2.53690426825119,2.0928965771625,65.05129207098908,0.225913284549848,1.28833207176571,5.978783791574,2.33585197228432,0.180283549018309,1175.254427478625,0.0078564784439989,201.03072987160104
ITC4,122.6435911007412,23.64053099523596,146.28412209597715,7.074636170164096,6.582942417856944,115.0334533572532,556.442365617952,36.35460681121017,2642.8539186509497,8139.100836063093,452.067943577336
ITH1,84.96835788805664,16.378329109891542,101.3466869979482,4.9013585841638045,4.56070963265815,79.69599998037803,385.5072543258012,25.186731851949325,1830.988114342892,5638.827324923385,313.19590754681303
ITH2,84.96835788805664,16.378329109891542,101.3466869979482,4.9013585841638045,4.56070963265815,79.69599998037803,385.5072543258012,25.186731851949325,1830.988114342892,5638.827324923385,313.19590754681303
ITH3,160.16704168739,10.1140633571053,136.94684519915862,26.5612128086639,26.8880843255866,122.958815084464,740.805299696449,55.8816551147923,13.2143841597057,41.7689547157429,423.2125660771896
ITH4,41.2220133791059,4.11709805596475,82.10883064701449,1.15500039039132,12.4888817897509,30.7036237644651,207.509005916697,11.7757594637038,1.75320908399287,5.49281589467217,253.7443550830617
ITH5,125.06772133720568,24.10780144514111,149.1755227823468,7.214470949121219,6.71305855043923,117.30716427834967,567.4408103898137,37.073179227549815,2695.0916429157087,8299.975450523192,461.0033601052324
ITI1,14.4398437408739,8.65462657438363,100.65027648066526,1.69655250548907,7.69425564780297,78.8680380048135,127.204221906861,8.59199756295724,0.157353889474149,0.512363092984532,311.04376098488353
ITI2,8.74739222986669,5.28083705840016,89.7625383462282,1.33044688022488,5.08022097369649,36.4938915177642,175.543984870697,6.73569941669999,2.21745177333037,7.03480677947251,277.3969282451405
ITI3,81.95829530766699,15.798115524406668,97.75641083207366,4.727724581648417,4.399143353792631,76.87271430897884,371.850394412801,24.294474534587216,1766.124099724852,5439.067984506422,302.1007268810895
ITI4,72.35477168545862,13.946959701125122,86.30173138658374,4.1737499714065125,3.8836704909538606,67.86509738627188,328.2785505467809,21.44775158596798,1559.1772074330054,4801.741187067306,266.70185168489616
ITF1,17.3417289961917,6.6862347668262,88.68288489300579,1.05487508423914,3.71566135273757,53.4547081537779,95.0321846939719,6.43827894935521,0.694531586177424,2.14998630021329,274.06043000198736
ITF2,16.7151528363508,2.36873062607442,77.75817232523923,0.805991164086143,1.67128966313107,22.5442572191019,20.3593105422867,0.974209121226237,1.4453032037522,4.58468292461949,240.29933362378023
ITF3,76.87444161482587,14.81816215120404,91.69260376602992,4.434464942914807,4.126265530985793,72.10431800386603,348.78460230812925,22.78749401950149,1656.5718391184514,5101.68388256964,283.361490172969
ITF4,113.377293416088,7.50563786300038,167.39405856491965,2.57279037557445,7.12974752409121,167.784558233718,33.3275588993794,4.89659078036727,0.344747404989412,1.13483048664154,517.3048635644674
ITF5,34.7344527030133,11.5254438409332,104.43399349138764,1.15798680370029,5.3951199852344,52.9159628710277,73.680167444173,2.91223652370213,0.199352129105376,0.559646461705997,322.7367399877148
ITF6,32.5912964161293,6.79383518170741,80.76049631159745,1.68522579420069,5.50696434111788,60.7109073480109,60.0550736547752,7.05182304962786,0.335046346204295,0.972606878135268,249.57754106706903
ITG1,113.92870857118392,21.960667834749994,135.88937640593394,6.5719223910829445,6.115167711037256,106.8593366017002,516.9023472011226,33.77129915587827,2455.056405245588,7560.747682458456,419.94462601711496
ITG2,67.88883354308886,13.086114481819894,80.97494802490877,3.916134492014914,3.64395952547192,63.67627445320332,308.01628358003484,20.123936588772764,1462.940445168603,4505.364339796826,250.2402701701612
ES11,345.352769518467,202.660673341198,86.82664410965022,0.483090755913169,5.50147716703756,133.004961963491,1051.30965755081,90.0614899607882,5.13019713370295,16.6811143218912,390.08024630580695
ES12,72.0364169356903,140.847639596454,79.97004456856934,0.718972307379638,3.86883370157376,50.442405224217,12.3695006350314,1.44660100631203,0.232600805102776,0.693282093794722,359.27606096348933
ES13,50.661779121421,88.3199090366515,79.85620064959421,0.401681657971545,3.48569481925731,29.6762616607872,3.58640399537161,0.616269969657777,0.128157811168519,0.368095139264293,358.76460201664634
ES21,19.1977094575746,47.1656945779465,88.44442611613887,0.307566123831059,2.672986057367,22.8450014568299,36.0931744750196,3.51138356934414,0.280315980687977,0.914883434608978,397.3483471293657
ES22,23.7574676485393,28.4638284490273,117.51257342778794,0.302633931802316,1.18240723045975,35.7899687027636,703.596748603248,79.1400323703981,0.642888392941983,2.14304297726343,527.9408648899514
ES23,2.23814760635546,15.5385070759567,89.30324866279334,0.118229292712609,1.56705551998243,20.1112758206241,131.2036266215,14.7894014585905,0.483685250377712,1.57484847476573,401.2067216406377
ES24,15.655362867575,45.7104057106349,259.51988014797195,1.28242401579665,3.4835959640261,222.889584535545,6778.14016542813,519.27820021558,3.44711633622075,10.9691794974242,1165.927576810756
ES30,6.34315460691807,39.3527187772464,98.57653490492515,0.459067328966177,2.49957104182081,30.4359990484388,46.2030915557431,8.52410749155596,1.23790938755181,3.89750209618139,442.86819339839496
ES41,92.7288041318821,538.570106261555,488.7635849908861,4.77976154252053,31.8498420043215,478.782933263992,3959.58839543288,385.479164611017,8.27592651846407,26.6906049482434,2195.835409436995
ES42,25.153175836825,104.995993785495,369.9764432181549,2.6919417198666,5.97816616730909,295.382292646217,1666.87431113222,161.773422472518,11.5486870803144,37.2423625549826,1662.1683767442064
ES43,3.526513492412,430.073467409152,126.102796156069,2.48945009591447,14.6206876852916,210.967588843778,1491.8365882269,175.475706097353,1.20094160023482,3.79372923021248,566.5335829666506
ES51,75.4154657128688,68.768732631073,148.90153887714044,1.14126480729807,3.13247639695417,167.892402589935,7181.56911310978,612.894664820483,11.2414771934426,36.2951650128352,668.959966794951
ES52,7.16017485488897,11.7681286065804,88.01301758107523,0.333111889630035,0.51900700925503,48.2642622514905,1068.80907709841,89.2920246361887,3.54059670947127,11.329228198828,395.4101869097501
ES53,10.3709643471087,3.10329748512337,87.7593653405517,0.0636637152817996,0.264145226324944,11.7357899847887,90.3739483864126,15.3746678842064,0.20747879888358,0.652948808399935,394.2706204843278
ES61,58.8235135399169,207.720032347923,212.8478678916429,2.21820923914504,9.13010789079241,314.859251955739,2533.30020951705,238.706917886545,8.15682905449652,26.3871584182184,956.247354533076
ES62,8.18179619857233,0.909838299375466,89.13947320040806,0.810267205177725,0.533554315732111,37.076959269559,1756.72822822167,146.13571078189,1.15981182710061,3.64112610902727,400.4709385943021
ES63,40.84852754353856,103.93215784912952,144.78118791493543,7.002647795086666,0.8784089232731609,127.0793385263654,1570.1830865532102,129.49948576577245,2921.1619399238466,7421.751366030499,650.4487421048253
ES64,40.84852754353856,103.93215784912952,144.78118791493543,7.002647795086666,0.8784089232731609,127.0793385263654,1570.1830865532102,129.49948576577245,2921.1619399238466,7421.751366030499,650.4487421048253
ES70,6.63684041638033,2.19823426077146,80.01398432677026,0.0933857081797077,0.143532209721808,7.25979786499508,115.976653593319,20.711475323121,1.41048662507897,4.50553948837163,359.4734661710428
PL21,85.2848081356484,3.8853180172587,73.00134926690359,6.61935594689269,1.98574430590081,66.4874598101421,207.13598889998,21.7367824050764,1.47917831412125,4.89244329599454,5.986517163628014
PL22,45.3613590000941,3.53727993680602,71.74806030898787,6.97338273325078,1.05324536623377,43.996043229714,267.081405193187,23.7790844297441,0.0888941614586386,0.272055667035813,5.883740489869336
PL31,121.825669445925,9.88640211325107,105.15971668856012,17.7935089827693,2.87623200061315,170.507385759556,509.915471331011,33.329202124457,1.78916311692692,5.90483324041433,8.623682373001527
PL32,27.8079205918,1.67847951465904,105.15971668856012,1.98154797614634,1.23949199545539,64.9164093629126,170.475624519376,16.2868978355324,5.61815486384054,18.8592464938777,8.623682373001527
PL33,45.1408409637284,4.94367986578117,105.15971668856012,10.1068612024861,1.65468301116475,57.5782869286486,255.95093739871,23.6847025726679,3.91544764190296,13.0876415760185,8.623682373001527
PL34,484.310676860588,18.995372181975,105.15971668856012,25.818645019227,10.6008732864988,141.505689088799,232.970047235649,12.4556264898953,2206.505462995221,4313.80776890985,8.623682373001527
PL41,285.964689368716,18.0612321107044,237.9276760886345,53.107839291224,11.7276219529772,227.191726372924,4221.886671722,285.189646891906,13.0614879076187,43.742141677275,19.511394390795108
PL42,24.1178675587911,18.104211373601,131.9201491263898,3.66222184779029,2.89352227419054,96.1004182751001,350.823809380623,36.5982626368025,4.39600641074568,14.6818570351301,10.818186854137268
PL43,15.0046667029578,16.770680874944,77.08215561447678,3.59610439640629,3.96798541707668,46.2942533813112,157.963979274471,11.2819052347265,3.29076885402211,10.9364319990837,6.321166008978393
PL51,28.3015202413118,15.1219910266629,138.81831655115764,4.30990944781299,2.42192332505051,103.835958477812,287.043341928356,35.1002690043258,5.00969940120668,16.7985429738256,11.383874996899785
PL52,43.0976315873426,4.12245834870345,99.09697850895076,4.32438458504912,1.42959758899521,63.2580212712484,432.093619373223,35.9759174992784,2.61699267110336,8.77523428972366,8.126504080609758
PL61,159.380425049906,11.3157986137339,105.15971668856012,23.2372856244632,3.24814456060623,138.05245579573,1397.90346115669,128.203675650259,2206.505462995221,4313.80776890985,8.623682373001527
PL62,186.876573418322,31.1473043465035,105.15971668856012,13.6813288350084,8.7494925534338,116.920950981738,583.829659765223,50.9474715971455,4.97843890297434,16.6427599446707,8.623682373001527
PL63,63.1292163901907,12.7214732823009,114.9672323634004,13.5415717549728,2.0831848613835,87.3956206372027,815.655834888909,68.7102651321847,4.16603209232633,13.926902695147,9.427953273602546
PL71,158.352008345275,4.36947342024661,150.27057448426746,13.6155207736062,4.49448611513708,130.346525135355,811.990346554447,54.2765872444626,7.09905565371985,23.7317787115669,12.32302392178054
PL72,73.85640618689654,8.15968602203287,82.01609220892938,3.4595160034934684,0.2999383333078083,59.56502628280972,382.2679974106502,25.794696664471505,1720.8961873535493,3364.421918274289,6.7257762854124765
PL81,170.07830367917532,18.790320688907915,188.8686243680832,7.96665643243172,0.6907051882305334,137.1677712445091,880.2959134772211,59.40064618782587,3962.921017472685,7747.671492072267,15.48827895381036
PL82,73.11193214919297,8.077436225260417,81.18936837445335,3.424644013633801,0.2969149489652952,58.96460963769884,378.41472842275766,25.534685611015384,1703.549519688381,3330.50847867776,6.657980327195648
PL84,106.36449610843825,11.751193118445752,118.11568922688396,4.982231000510628,0.4319569734432861,85.78272804425983,550.5242540514969,37.148299716122594,2478.3531351308534,4845.281005521222,9.686144269268594
PL91,94.69749827221916,10.46221841634098,105.15971668856012,4.435735878273222,0.3845761155547227,76.37332040266288,490.1378890913628,33.07354593770615,2206.505462995221,4313.80776890985,8.623682373001527
PL92,94.69749827221916,10.46221841634098,105.15971668856012,4.435735878273222,0.3845761155547227,76.37332040266288,490.1378890913628,33.07354593770615,2206.505462995221,4313.80776890985,8.623682373001527
NL11,110.65191382539,4.41504733083341,152.6510134523528,0.298061519124309,2.13932715315973,84.6148335161566,139.048100181202,10.1833759223621,3.8868673896983,7.23362731754891,107.2202770544082
NL12,314.858326728362,4.78983884769095,127.5791909788467,0.474046216792708,3.74148112649646,154.537276974475,99.7369636983134,8.82623402224543,4.81343928968435,8.91460354801657,89.61012373100866
NL13,115.109665528314,7.40581078859246,133.03700267375953,0.444563490799027,1.67918063084464,91.7387004743597,264.015747200738,23.7910338547082,4.38241822784901,8.14305283725786,93.4436264952861
NL21,275.944255158372,13.5774909443135,126.8969645169826,1.12067693447688,3.75471148695034,185.888059373988,1614.31286053901,140.093545490003,5.66473130780639,10.5262904952556,89.13093588547396
NL22,257.665669248509,21.6709327170051,132.5253328273615,1.39667785016641,5.51060528661431,308.632852022826,1837.65336722898,152.823992292328,9.85989269742209,18.2970309789925,93.08423561113509
NL23,37.104353259555,1.80257581671804,134.23089898202173,0.0501265855517162,0.162506473781341,40.9396047079232,49.8617220803989,4.07951220465662,1.35657644764721,2.50313769396347,94.2822052249718
NL31,91.2111595586194,5.55175942251298,134.83495366179727,0.246425408407465,1.52994613956467,50.7485096444307,220.679690618339,16.2620652556761,0.860077397183991,1.58367751667934,94.70648612987232
NL32,92.6241578578781,6.07638401816368,130.1801793647036,0.343765931715094,2.92928838511018,61.6348920555977,23.6291942646553,2.07682767085668,0.824717910287894,1.50918320051825,91.4370273921096
NL33,107.430295803744,7.62869828387346,134.83495366179727,0.343765928429667,2.87420990952526,65.0885547808423,104.662412517052,7.80010895390401,0.696071094216214,1.29856097585093,94.70648612987232
NL34,24.0965614146584,7.27651147200257,150.68961237449346,0.382268638801131,2.06465089172954,48.4299945625986,42.2558646093837,2.4688752442028,1.05152795572519,1.95079438917105,105.842611998496
NL41,241.568632439426,17.7513032587709,141.39427683159496,1.52177850171971,5.16055094017529,204.836535095051,5875.96094598768,509.253942608083,15.1411035265885,28.1056213792002,99.31367760308596
NL42,54.9950620839375,9.94884405498232,134.14562067428875,0.871272927534238,3.6345109047526,58.3575823324994,1946.55632304512,172.728954144779,8.79359235559394,16.3230405386151,94.22230674427996
BE10,40.52784589742065,30.215830977279857,70.7436768747005,2.001682031181624,1.1842845890167533,54.3897011378203,458.4281267573693,29.87003795796772,836.9848463089138,1807.3147131368887,8.646332206199284
BE21,82.961023343983,14.9103009577021,74.61957000633923,2.89802803037651,1.90229636001302,74.1661465325671,953.219967144658,64.5436331210611,2.25686465510431,5.64264651263831,9.1200460572793
BE22,37.8034582335151,14.0063347878303,80.11374841458996,2.45232103759905,1.47066122594079,43.2554788435964,391.262110302803,27.1666054217,0.886320747528985,2.22322433053157,9.79154765030509
BE23,80.8620718262527,53.5046424531341,85.99251931141828,8.69390556067864,3.98477517492993,77.3491150032771,952.410327932619,65.3362099763566,1.17528347275916,2.95995436758674,10.510054354842683
BE24,17.7969644146285,20.0777569167402,86.70676250449087,2.59134903173347,1.44791097237061,41.8709036960398,150.202189337232,10.3237084272062,0.192540293646405,0.486630672973452,10.597349561936037
BE25,92.477584505062,72.1498092408406,91.5766024572586,9.37970976357865,4.13674349897255,104.58666343434,3270.98291830236,224.700451751469,3.22584126339157,8.06837812005123,11.192544155754357
BE31,6.64993121587965,10.8647664277126,83.65499613408977,1.40365779700448,0.56956323852256,28.6976141290278,26.7775125235719,2.10935806661158,0.134892839727308,0.352321778116969,10.224360949809896
BE32,56.9432864454947,58.0541327651819,106.54074655827614,6.33789134568671,4.44012621155187,101.293340794077,146.845270533318,10.4091870590955,0.580387646604253,1.43325483506043,13.021470312759153
BE33,72.2931062998999,35.6434067040273,85.76276275980052,6.3178055312791,3.36678034569024,76.0257984231176,109.254320138502,8.22326684094966,0.527535728419963,1.3028010483937,10.481973379134336
BE34,27.146524516674,93.2423582979049,78.050934157674,6.4310990244572,5.32740140423906,79.9786051277236,33.6078582436856,3.0310091812906,0.339687985737339,0.873078147557481,9.539429324923589
BE35,28.1165624361745,56.134548343064,95.27768082136208,6.3918041166152,3.59009202459798,73.6442992579423,74.0572126291005,3.99075962946346,0.57286908589532,1.40756681997411,11.644892047056276
DK01,51.14221362443001,7.539615862926626,58.590990742020175,0.908387453364654,1.816774906729308,47.41782506563493,1156.195550642531,113.00339919856292,515.0556860577587,1249.941135829764,6.631228409561973
DK02,109.93275429834776,16.20678260526264,125.94427446258317,1.9526244102726067,3.905248820545215,101.92699421623009,2485.300349394974,242.9064766379123,1107.1380406245682,2686.811188535108,14.254158194990032
DK03,145.88500365186837,21.50702540516,167.1329082690144,2.5912078801397573,5.182415760279515,135.26105134329538,3298.089389841884,322.3462602893859,1469.214868039243,3565.502043072307,18.91581752502024
DK04,153.16436171262757,22.580181211630705,175.47249254821452,2.720503760437434,5.441007520874868,142.01029629483406,3462.6571862847663,338.43066779841683,1542.5256321680254,3743.4131743619096,19.85967745119327
DK05,102.87566671272629,15.166394915020035,117.85933397816775,1.8272764957855463,3.6545529915710926,95.38383308000552,2325.757523835844,227.313196075722,1036.065773110405,2514.332458200912,13.339118419234492
SE11,2.80598632512369,3.17058859538157,39.479208609080686,0.700047203674856,0.872572765896836,12.1116878832657,14.172615213693,0.87597589059713,0.0279371484345922,0.0319685178582695,20.90098986898598
SE12,51.2076951946182,35.4828557839003,115.40782470152052,10.2661350305862,8.64777702453789,105.247909934117,286.200904888426,30.7894273383467,2.08916362968755,4.44250555330046,61.09893941322243
SE21,94.3296032223957,45.7252210572063,53.37909622902478,16.2559069992132,11.4224397699705,74.0886206146024,135.47066223131,13.8680095008904,1.34328977947834,2.88459663939138,28.259835716206734
SE22,42.0007964960259,41.6886020212034,82.13880845924062,6.25028081263692,5.39082013878233,77.1544019931271,433.524673931163,41.9382840180835,3.20599615761584,6.77107834768377,43.48573499678227
SE23,81.8313042955297,41.7926986405811,92.15575095330946,12.361936293189,8.74044588252356,94.0945855399072,428.54221446162,41.274632612707,2.27062273596036,4.79722179294574,48.78888115809089
SE31,21.3086246267187,22.3714419218329,48.14743963173919,5.72223410063669,4.32793434608731,34.8167796403685,62.9409132631884,4.6599952392605,0.159461474844092,0.290269811670756,25.49010437177627
SE32,13.543047419459,8.63646714096463,33.84437847585749,2.03200566709263,2.71229053742397,13.9842859394967,6.37413880283628,0.616330996858046,0.14920877397279,0.282347941406383,17.917811338379224
SE33,18.1361882796298,2.81259028048569,35.14749294022725,2.20125142908989,1.53906221567113,14.6005331188495,24.2907295812105,2.24435358146729,0.118984543149152,0.224267274609215,18.607703136556168
FI19,94.9742267411031,22.7637987082922,61.75989508574187,15.913155274356,9.33828034689497,97.4338777349386,559.447437765501,50.7617148634679,2.00575224721327,5.53039221619837,12.076119704383183
FI1B,35.28789853491417,8.097655560919906,43.38555409583408,1.2251417619096252,0.2875471765994782,39.15411341649104,144.75479193552883,12.56485766941796,467.43450982758793,1165.1793175002556,8.483323101098351
FI1C,74.70035663884427,17.14179034324603,91.8421469820903,2.593481911574921,0.6087037634508435,82.88468164789661,306.4289751362493,26.598335066430224,989.504222102556,2466.548425357684,17.958203447779624
FI1D,77.69047450490683,17.827944678618845,95.51841918352568,2.697294221824022,0.6330690554002991,86.20240298912792,318.6947633394301,27.66301749189932,1029.1122559350829,2565.279821645761,18.67703729794721
FI20,2.10108124619381,1.2860480396786,25.853984652808084,0.374278083064299,0.192076943876722,1.99236014158973,86.26115874548545,7.48755303740704,0.0169376515862351,0.0174103135617558,5.055316448791629
AT11,3.83349211688884,2.85711132779178,79.96617977308038,1.09311373642648,0.827168057617184,40.3959485868816,44.3694178163471,4.16376006643589,0.175667765522214,0.476758646699502,33.45565806252257
AT12,102.908250932045,38.0953371327209,192.0309416249951,17.7176118983834,19.1319982381201,199.233189588204,742.896773404819,65.9348603505711,1.94297390753485,4.48653501550815,80.34048317252247
AT13,36.69918931401863,13.688929965661762,50.38811927968038,1.4040466841186734,1.3116106929447764,42.3889046798362,194.20171500241543,16.121677187920252,418.763050924173,683.4661165585164,21.081008168931948
AT21,34.3418180646487,47.2444961570649,60.17857825984776,5.65555900898202,15.1451844043387,47.7973119689709,110.495003408038,8.2498798512873,0.711850426667595,1.73368404740357,25.17706788874237
AT22,81.5403711154648,44.7820612475065,74.73919969382825,14.4221249525857,19.4252269881832,83.9975085313459,713.299748520434,56.9289366566883,2.08648608887026,4.8179961412012,31.2688328480718
AT31,164.805305638374,39.2819407974843,112.33681690733896,20.8265815618139,22.9326804649335,122.343705651275,1099.44243526549,99.8556352062017,1.51407584925579,3.47507637589701,46.99864548924373
AT32,59.0145282943397,18.8203666549909,50.17321535820135,2.28017864133582,17.6731788563379,40.0289761085163,7.91038115943959,0.591118117911465,0.00952970725352,0.0892678601947939,20.99109825784579
AT33,64.4215854825478,13.0940813100333,49.972403497147184,2.52430535281225,20.1384524144747,55.0305951032703,12.4809635138782,1.299851019059,0.0665985274982096,0.155798207884155,20.907084078634128
AT34,25.5470245361066,3.99713514306989,49.76454560588058,0.948659559343899,6.65606006701089,17.4500897888498,5.46348568048855,0.330466701577672,413.5806861554664,675.0079426216308,20.820122033485223
EL30,0.653292349734431,0.112128314624694,14.739977525729842,0.0201311862477478,0.28774403501249,3.13352916241616,3.90642154228753,1.16119782674028,0.565567682309005,1.81808901364475,553.8455191795932
EL41,0.177611496539228,1.74962107491418,26.396678852342315,0.11209380806148,0.0765296141529982,3.72067341703352,4.15436947659496,0.89318563722498,0.138620086802937,0.439598061877059,991.8388462989624
EL42,3.72030743588607,1.36355963316599,14.9054989490648,0.184114398665203,0.0919579859009787,2.80045973851637,8.37732678440216,2.13982359140819,0.100664129753626,0.317326819484998,560.0648840654807
EL43,0.0919815852613436,0.174077238553815,15.274540877356358,0.025106863339372,0.0564816814006654,10.5567497054236,25.4137027113225,4.5725852095755,0.372604667083667,1.23408373979372,573.9314057760392
EL51,16.2983910103259,22.7288632236034,18.96481153283407,1.09634384361854,1.33425242459517,19.4834734859994,53.1584203097771,9.11387403132246,0.331432072419168,1.02639813020107,712.5910382977696
EL52,44.7968620982342,14.6312281156255,18.96481153283407,2.5600003523204,4.78537962495237,30.0283462908398,93.1841040042297,18.3734787011715,1.92584936157642,6.05292179155023,712.5910382977696
EL53,2.983662583482,6.95030195613581,18.96481153283407,0.510750828380399,0.479038494879904,10.7093726460269,15.5865463573687,3.17115003247949,0.138859384237356,0.395736271017637,712.5910382977696
EL54,4.10644470958549,28.3244799409176,18.96481153283407,0.574627568126843,1.51231006104906,10.1470959713049,106.612590334862,19.9129747447865,2.49373521550377,7.8887042713036,712.5910382977696
EL61,14.159758188769,36.4459477640403,18.96481153283407,1.07814979310474,1.58748368272288,24.3698663915973,130.010169519259,22.7720343252409,0.427982133745326,1.45490986612498,712.5910382977696
EL62,0.29992957893717,1.95029589094299,18.96481153283407,0.0606415914839143,0.163161267415706,2.91757744010026,15.2575432242568,2.52079597130856,0.123581791873321,0.355344523473924,712.5910382977696
EL63,4.72193358215324,19.2204112174154,18.96481153283407,0.789724756518186,1.80382789658499,7.82753291766584,75.0344495245276,16.6793874921099,0.559794433509134,1.77541613839416,712.5910382977696
EL64,2.58137861058253,6.64346692872174,18.96481153283407,0.228046695895635,0.699203072928786,11.9779297494235,72.6206588082951,12.7391512320912,0.875075014747561,2.8213502636164,712.5910382977696
EL65,1.2195538890861,3.97474947766431,18.96481153283407,0.30001022857082,0.636880906487362,12.9675932593951,51.1734763416413,8.49963855994135,0.602549089879663,1.90526932353151,712.5910382977696
PT11,85.5024277446226,57.2308993630306,110.59894020686431,2.33364930925238,3.24882583754724,78.6752407924885,67.3616799499797,8.86864660498782,1.35994777533089,4.54753211884564,276.98059602672816
PT15,0.0778998546595502,4.14072662862656,98.62415925718028,0.102629165997696,0.256373856644555,9.96733439641798,23.3221208102543,3.38058046120386,1316.3734999248925,0.0032734182507883,246.9913216401084
PT16,27.8524551924281,51.9446981484248,109.0511794038439,2.48394537217744,3.59054244461234,69.2282001347309,867.81885565744,95.9441502030915,6.74431064382182,23.1079594862865,273.1044313100901
PT17,9.04435972685497,10.7942287928283,109.0511794038439,1.98735876029007,0.906394876767837,10.9316295287902,201.756549194457,20.0648428169403,1455.5468333923886,2812.6652948545548,273.1044313100901
PT18,26.7750842642578,340.361606555503,109.0511794038439,8.03575538332096,6.84628877821634,231.079303506164,948.677345736939,104.802473607767,0.0640305954651931,0.186057857623596,273.1044313100901
PT20,92.2860825417959,33.0500154620324,97.43219949444676,1.47214975482221,2.08793254181881,23.7220303743822,52.0307820125333,8.7769674551658,1.06009500279155,3.52906281690833,244.0062141435602
PT30,0.302205385908871,0.950396071509203,97.421162829977,0.0365911896848779,0.166317282577604,0.703854611018075,11.6410183892371,2.46814642671523,0.905676038119859,3.04431901868509,243.97857425933293
CZ01,0.502092158465145,0.151875768114866,32.34769598453407,0.0390481294153479,0.0797120057836027,1.34217207987414,6.82235066348583,1.0737755702655,0.212376573849093,0.776196218836251,4.113399435004869
CZ02,46.3920669302485,15.9408581123687,94.10593726721292,2.40306564833636,1.2358653254722,66.1649540723888,326.178577246852,33.3144123947706,2.14284279690123,7.04852687834095,11.966704193418702
CZ03,91.1267681229951,70.2497635533062,88.515858163953,7.20080656949446,5.24342124884345,86.4689235914506,222.601340631965,21.9365949783968,1.43583023137295,4.58879862867891,11.255858257560527
CZ04,15.7782247924851,20.5499721824819,57.25590214962224,1.67209977753666,0.278159874457051,35.5428967911565,101.433205531074,7.89694740202254,0.44488681491384,1.56502594379613,7.280778070424371
CZ05,76.6822678910762,35.5915479637261,76.207798144798,4.94305371275699,3.47788544277207,69.7674561941566,238.438342827824,20.9178710338832,0.956049778992872,3.08217847751192,9.690740075634862
CZ06,91.6873818996644,27.9527146752565,109.02479789649176,3.66760744430073,2.45160022235279,87.9014466347004,409.847762754189,32.4705670357034,1.32497249413553,4.21055646082868,13.863817141207395
CZ07,43.949339146015,23.5322316138501,66.54424098116421,2.65772848454578,1.04662707588788,46.8439832538749,159.25892292806,15.7470302671978,0.352634761179694,1.18809179365783,8.46190230629161
CZ08,20.6974756495612,18.6974651308794,46.05776941222376,1.08064838480754,1.29966550413134,24.1812858668397,31.1834287090397,2.81270685625225,0.0690965705992805,0.187517909655324,5.856800520457674
HU11,11.018705033935852,7.6632146120788445,18.6819196460147,0.4534446516022983,0.1813778606409193,11.6988720113393,119.43732123204542,10.474571452013096,418.98285808052384,1444.674660004923,36.95573910558733
HU12,18.14932481942845,12.622369936145711,30.771694755574163,0.7468857950382077,0.2987543180152831,19.26965351198576,196.72971841306395,17.253061865382602,690.122474615304,2379.57814299173,60.87119229561394
HU21,29.2890693994366,16.8819146236288,51.83205502162898,1.12425259083872,0.796720075725106,22.6871814541811,285.052613234283,25.4373277929805,0.53671197878537,3.30016882181801,102.53185641414473
HU22,33.9637984467085,12.3058168120126,50.62331063398791,1.10935035698883,1.7749415841796,21.8606749067043,229.637795609754,20.1572094753579,0.670727882674309,4.09077156446726,100.1407722492722
HU23,27.1108809825941,19.6378165449119,64.58739719516437,0.875755916991594,1.26571022992279,27.9961674614929,513.468560119213,45.7444413613825,0.517764471502525,3.13524129811108,127.76390464577422
HU31,16.7824539005338,21.8648955230421,44.1844446770648,0.824914051071899,2.06213723057678,20.8809695938717,116.449721801019,11.4740079826428,1.05475716622379,6.32680851968554,87.4036951742908
HU32,54.9687432234676,31.3949884750026,70.93651067585958,2.00523515666194,3.54892387298643,43.6853569967096,773.972155128574,71.7116665836077,3.34515691683674,20.6273299586849,140.32343738064455
HU33,47.5528335430953,27.3703686120054,80.38266739470549,2.70911611199733,2.03240249955789,44.2847463721034,745.529705986581,62.430668045577,1.36028627491678,8.41704098903046,159.00940273467228
RO11,191.489951560209,1.28481369393194,116.14193226594378,3.28308739392712,1.99787642596585,57.7854080782209,410.724854835461,48.8628175822759,3.95472179849552,7.67605528955066,1012.6177649351632
RO12,185.188767702876,1.7911425400901,84.00883166519056,3.7251870458761,4.13202694380399,51.3236436272094,320.856057440262,43.484135727327,3.93073578741222,7.56641131535637,732.4558296552837
RO21,242.06911091182,0.724676770054023,164.55109063812242,6.10290137269737,5.3409595470346,68.4364620467416,340.169549962811,41.5304493296646,6.77196976029907,13.1119608883045,1434.6873206661724
RO22,111.123325806871,2.17091403211684,225.36688484729703,2.3442803039837,0.292113596874744,57.3841374411292,475.213360909804,60.3285478805005,6.28261706271712,12.1688260451308,1964.9277980145007
RO31,122.318782516058,0.288190385577359,145.00503508554587,1.88925191755801,1.29232153439027,58.7354086648505,504.879907151102,53.8586572675921,9.47260830605848,18.3379532679635,1264.2692580354685
RO32,3.60290571530424,0.153458824143879,145.00503508554587,0.075630517701669,0.194108365639059,1.85459437638867,27.5601731972416,4.57119572403148,0.909307834178159,1.73480999760088,1264.2692580354685
RO41,96.7777855906698,0.763082286834495,166.09092744179682,2.32016874248787,0.743964450174267,45.1297799575134,369.281191513745,37.234749161374,5.34488211066662,10.3581384854021,1448.1128429739229
RO42,82.6407830045547,1.49857861207363,119.53026297055771,1.48188000571943,0.277983483166365,43.8983507563681,653.441391450589,77.0795461195952,1.10800024260856,2.1017632614286,1042.159927684021
BG31,44.77665803925992,22.95225931519698,67.72891735445688,1.2641519760521571,0.5293636399718409,19.693117501937515,97.14415364722052,10.046057734689484,1244.399601426342,1576.2394951400331,263.62111746851406
BG32,40.63620466172418,20.829886548556843,61.46609121028102,1.147257090454077,0.4804139066276447,17.872114362229926,88.16132963378433,9.117108690702244,1129.3311984157322,1430.4861846599274,239.24433291136324
BG33,42.14421332882117,21.60288318324152,63.747096512062704,1.1898317760133024,0.4982420562055705,18.535348135707228,91.43299465017222,9.455444395005712,1171.2406545130946,1483.5714957165865,248.122684878224
BG34,32.59822723503103,16.709665202305377,49.30789243733642,0.9203257942749952,0.3853864263526542,14.336950263940162,70.72272326287272,7.313714046379101,905.9457037394482,1147.5312247366344,191.9210023145682
BG41,33.267348367581846,17.052652875349644,50.32000124293149,0.9392166816027342,0.3932969854211449,14.631234868092598,72.17439940297511,7.463837566611728,924.5414209526914,1171.085799873409,195.86043121366515
BG42,33.267348367581846,17.052652875349644,50.32000124293149,0.9392166816027342,0.3932969854211449,14.631234868092598,72.17439940297511,7.463837566611728,924.5414209526914,1171.085799873409,195.86043121366515
SK01,4.77388272807766,0.705359049021025,26.76937486801661,0.0748732320345004,0.3572040639151552,3.44291507187906,46.1004065487606,8.17367093358604,0.243117493463398,0.465836654131563,40.82870357117717
SK02,53.0046222376665,3.29218005636637,88.69819534714564,2.66204281558759,1.1835672665556052,39.4273844093635,386.862170563434,44.9791964611824,3.87995425017535,7.6960921033104,135.28266322923267
SK03,39.4566137884632,9.82407141277772,33.26055720453319,1.72567994742351,0.4438208310847276,23.3883872643646,36.7068148657797,0.255741244226942,0.0449195153438694,0.128692863567691,50.72906772800864
SK04,28.1123626379573,13.8414625334787,43.12187258030455,1.93953357676707,0.5754078384445122,32.7141644911686,61.7745880040294,5.60689163913847,1.51016959591117,2.97975271346791,65.76956547158153
HR03,16.65209679713053,1.5371166274274335,18.18921342455797,0.6404652614280975,0.1280930522856194,19.342050895128537,130.9110994359031,16.01163153570243,397.0884620854203,1348.8198405675732,70.4511787570907
HR04,29.20491175122853,2.69583800780571,31.90074975903424,1.1232658365857124,0.2246531673171425,33.92262826488852,229.59553699811968,28.081645914642813,696.4248186831417,2365.597851849511,123.55924202442836
HR05,54.93807970041241,5.071207356961146,60.00928705737357,2.113003065400478,0.4226006130800955,63.81269257509442,431.8978265678576,52.82507663501194,1310.061900548296,4449.984455733406,232.4303371940525
HR06,29.20491175122853,2.69583800780571,31.90074975903424,1.1232658365857124,0.2246531673171425,33.92262826488852,229.59553699811968,28.081645914642813,696.4248186831417,2365.597851849511,123.55924202442836
SI03,61.25479552216228,39.54469643487469,100.79949195703696,4.671255231707932,2.958259164943775,91.73640638394434,145.87194165700166,10.053221597498863,716.785588220463,2241.4735767233115,71.01644332106298
SI04,39.58520447783773,25.555303565125307,65.14050804296303,3.018744768292068,1.911740835056225,59.28359361605569,94.26805834299832,6.496778402501136,463.2144117795371,1448.5264232766883,45.89355667893702
LT01,42.320819622335854,10.206889248890464,52.52770887122632,1.0540677365463471,0.33378811657301,29.28551528037935,96.76341821495468,7.466313133869961,532.3042069559053,1106.7711233736648,17.339414266187415
LT02,198.57918037766416,47.89311075110954,246.4722911287737,4.945932263453653,1.56621188342699,137.41448471962065,454.0365817850453,35.03368686613004,2497.6957930440944,5193.228876626336,81.3605857338126
LV00,136.946344303024,25.1329781663814,194.77,8.9935957501384,6.21269794181433,110.402324056727,312.175048241201,36.8069976248174,2.12213636272928,4.57421649699365,70.13
EE00,84.8279821256003,25.9768709276,116.4,1.96602324889889,2.41432416130083,71.1623209674109,292.47282037867,25.6017245170178,0.930229682052564,2.32895819164779,46.3
LU00,50.8977737517125,28.0624956894899,79.02,6.83763790658757,2.73537277931723,65.8285700443261,99.8143050916043,7.75192370563384,0.0351481028472792,0.0977351875171477,4.37
CY00,29.0512700566542,0.140453096667174,35.11,0.229683042478086,1.8629750992009,21.301867060573,328.751922584081,34.6706536737287,0.506005690501031,2.13621955943491,395.27
MT00,6.3575054740363,0.08835,6.28,0.370763126319212,0.358839142506622,4.62052878507907,33.635102495799,4.10015507772974,0.333529963318023,0.570160679152956,16.380000000000003
NO01,0.0,0.0,0.0,0.0,0.0,0.0,0.0,0.0,1169.127807914133,3399.591498190032,0.0
NO02,40.4130128462192,24.1622620344663,0.0,7.25631581002723,3.72493553833963,59.6265435613516,0.0,11.1661133658745,0.802499954214713,2.84133789403018,0.0
NO03,0.0,0.0,0.0,0.0,0.0,0.0,0.0,0.0,775.6128705932279,2255.328205271088,0.0
NO04,0.0,0.0,0.0,0.0,0.0,0.0,0.0,0.0,775.6128705932279,2255.328205271088,0.0
NO05,0.0,0.0,0.0,0.0,0.0,0.0,0.0,0.0,624.3753415790975,1815.559503882482,0.0
NO06,46.230138134089,14.062227642614,0.0,6.96817178182718,3.57641578768426,57.0149860745609,0.0,8.71459258627751,0.944369730045457,4.7874753949886,0.0
NO07,22.4485375073597,6.65990642929878,0.0,3.97520711593968,2.32041488135027,25.3452639116581,0.0,2.67458115306843,0.0939901716076948,0.0943434417219948,0.0
