region,crop,pmp_diagonal
BL210000,SWHE,0.3174838217678756
BL210000,MAIZ,0.1026347472622352
BL210000,POTA,1.246755085172871
BL210000,MAIF,0.2590639466972884
BL210000,OFAR,109.252392566485
BL220000,SWHE,81.38377788449907
BL220000,BARL,46.85408953405901
BL220000,MAIZ,0.1259591745961143
BL220000,POTA,4604.084048940267
BL220000,SUGB,466.350891052201
BL220000,MAIF,0.3629753201781791
BL220000,OFAR,528.8823445388082
BL230000,SWHE,28.1629109360951
BL230000,BARL,25.89525091160719
BL230000,MAIZ,2.558739163757068
BL230000,OCER,157.4295804740941
BL230000,POTA,1495.37532171098
BL230000,SUGB,308.0614349380382
BL230000,MAIF,0.1839276641126737
BL230000,OFAR,138.5928544741023
BL230000,OSET,1.0
BL240000,SWHE,34.42450056215107
BL240000,BARL,19.49140992982438
BL240000,MAIZ,0.05126235273196057
BL240000,POTA,2441.790403525177
BL240000,SUGB,249.9202055849307
BL240000,MAIF,0.7654284377702225
BL240000,OFAR,725.8574978186181
BL240000,OSET,1.0
BL250000,SWHE,14.47470073030184
BL250000,BARL,34.49893131464239
BL250000,MAIZ,0.05912740522290471
BL250000,POTA,643.9213179493934
BL250000,SUGB,175.8714512841418
BL250000,MAIF,3.619783369477174
BL250000,OFAR,141.5812210112004
BL250000,OSET,1.0
BL310000,SWHE,0.866164887157392
BL310000,BARL,80.66992173125854
BL310000,POTA,1365.971431853344
BL310000,SUGB,277.6294916733016
BL310000,MAIF,1.377272339154053
BL310000,OFAR,1182.539562261236
BL310000,OSET,1.0
BL320000,SWHE,5.90059810485787
BL320000,BARL,37.75673155465906
BL320000,POTA,709.9932368360093
BL320000,SUGB,155.0247644919569
BL320000,MAIF,29.95609329759145
BL320000,OFAR,182.2738568864373
BL320000,OSET,1.0
BL320000,FALL,246.650678200306
BL330000,SWHE,0.8615520983543503
BL330000,BARL,91.27207448079326
BL330000,POTA,2499.227324871
BL330000,SUGB,1.421626478260809
BL330000,MAIF,48.27482856629904
BL330000,OFAR,117.0775634838431
BL330000,OSET,1.0
BL340000,SWHE,15.705625564547
BL340000,BARL,16.26718625920063
BL340000,OATS,23.68246567317724
BL340000,OCER,0.3118437649945843
BL340000,MAIF,3.703665679989237
BL340000,OFAR,146.9013943598812
BL350000,SWHE,13.44622860620457
BL350000,BARL,31.39382825445233
BL350000,RAPE,0.1263059913515116
BL350000,POTA,1348.420859870179
BL350000,SUGB,287.6426782908774
BL350000,MAIF,18.77717316933432
BL350000,OFAR,249.9730060604594
BL350000,OSET,1.0
BL350000,FALL,1000.0
BL400000,SWHE,36.58037836184214
BL400000,BARL,16.89138781199579
BL400000,OATS,43.97184732180492
BL400000,OCER,0.1006051735038921
BL400000,RAPE,0.175518775915137
BL400000,MAIF,20.60425770186741
BL400000,OFAR,202.6810932513978
BL400000,OSET,1.0
DK000000,SWHE,0.8523297041767603
DK000000,RYEM,2.54197255396066
DK000000,BARL,0.6289450577886938
DK000000,OATS,2.86133945334181
DK000000,OCER,0.01182598767092296
DK000000,RAPE,0.002625193003247001
DK000000,PULS,1.1901158400801
DK000000,POTA,43.22990251903434
DK000000,SUGB,20.73203330135799
DK000000,MAIF,3.067564590887723
DK000000,OFAR,0.02895979881409676
DK000000,OSET,1.0
DK000000,VSET,755.3606331563033
DK000000,FALL,2.116699677492505
DE110000,SWHE,2.73339786757568
DE110000,RYEM,61.79350765928554
DE110000,BARL,9.338057991278536
DE110000,OATS,35.5161860446624
DE110000,MAIZ,56.55171731483755
DE110000,OCER,28.85849122092957
DE110000,RAPE,0.01343912875941981
DE110000,PULS,67.93177547097181
DE110000,POTA,71.66390482191352
DE110000,SUGB,54.05696983641339
DE110000,MAIF,20.06874211483453
DE110000,OFAR,25.56539085654775
DE110000,OSET,1.0
DE110000,VSET,1000.0
DE110000,FALL,1000.0
DE120000,SWHE,10.31125476378326
DE120000,RYEM,38.43761198261447
DE120000,BARL,13.9472849887411
DE120000,OATS,60.07296483175696
DE120000,MAIZ,46.15118777852936
DE120000,OCER,70.3100269153579
DE120000,RAPE,0.03499131069417274
DE120000,PULS,13.13233599567629
DE120000,POTA,1935.662724359071
DE120000,SUGB,209.3210600308127
DE120000,MAIF,85.33721886264973
DE120000,OFAR,48.75956097760167
DE120000,OSET,1.0
DE120000,VSET,1000.0
DE120000,FALL,1000.0
DE130000,SWHE,19.49707580687123
DE130000,BARL,13.12125997680441
DE130000,OATS,31.40337084369524
DE130000,MAIZ,13.66976334232878
DE130000,OCER,62.08538312290231
DE130000,RAPE,0.04138273129341456
DE130000,POTA,1346.775362249687
DE130000,SUGB,14.46295430035617
DE130000,MAIF,96.64815336084885
DE130000,OFAR,2.144640121520808
DE130000,OSET,1.0
DE130000,VSET,1000.0
DE130000,FALL,1000.0
DE140000,SWHE,3.578829700548664
DE140000,RYEM,90.69037788651947
DE140000,BARL,12.52234779250443
DE140000,OATS,45.82701412659419
DE140000,MAIZ,73.91225731444466
DE140000,OCER,20.08089245298308
DE140000,RAPE,0.0171189742681438
DE140000,PULS,70.42785667512086
DE140000,POTA,1590.268560261341
DE140000,MAIF,14.11899990977072
DE140000,OFAR,22.52536900676629
DE140000,OSET,1.0
DE140000,VSET,1000.0
DE140000,FALL,1000.0
DE210000,SWHE,2.100862718284931
DE210000,RYEM,23.59328728262922
DE210000,BARL,10.8853119495034
DE210000,OATS,71.15252563317041
DE210000,MAIZ,39.0039149798071
DE210000,OCER,18.23909429258978
DE210000,RAPE,0.0137491829544396
DE210000,PULS,71.44238640473375
DE210000,POTA,41.83175033961297
DE210000,SUGB,148.5917229666907
DE210000,MAIF,8.63941569200512
DE210000,OFAR,8.576866344130258
DE210000,OSET,1.0
DE210000,VSET,1000.0
DE210000,FALL,1000.0
DE220000,SWHE,1.462967269869382
DE220000,RYEM,67.34735816156123
DE220000,BARL,15.40188687218309
DE220000,OATS,33.25505604638957
DE220000,MAIZ,27.41303395922623
DE220000,OCER,0.8793969163606435
DE220000,RAPE,0.8718333710879178
DE220000,SUNF,90.24671950133474
DE220000,PULS,156.8748398311319
DE220000,POTA,73.09958549611125
DE220000,SUGB,50.57200087803504
DE220000,MAIF,25.71732500301297
DE220000,OFAR,19.97297960390525
DE220000,OSET,1.0
DE220000,VSET,1000.0
DE220000,FALL,1000.0
DE230000,SWHE,14.96736294436045
DE230000,RYEM,29.10094544503863
DE230000,BARL,2.279924768572862
DE230000,OATS,58.26335071259727
DE230000,MAIZ,70.54721870637403
DE230000,OCER,17.02732546394143
DE230000,RAPE,0.01643445231308023
DE230000,PULS,7.510496551690244
DE230000,POTA,643.4531708275706
DE230000,SUGB,196.2780801712624
DE230000,MAIF,14.9770426628609
DE230000,OFAR,10.91120782850244
DE230000,OSET,1.0
DE230000,VSET,1000.0
DE230000,FALL,1000.0
DE240000,SWHE,15.45469480497278
DE240000,RYEM,33.84760632728694
DE240000,BARL,2.907405012265655
DE240000,OATS,53.90224393221791
DE240000,OCER,0.02890517721269056
DE240000,RAPE,0.0151096697230355
DE240000,PULS,80.59536487007519
DE240000,POTA,291.7568006499827
DE240000,SUGB,417.8253004573745
DE240000,MAIF,31.27161494424912
DE240000,OFAR,16.22631854253546
DE240000,OSET,1.0
DE240000,VSET,1000.0
DE240000,FALL,1000.0
DE250000,SWHE,18.21603620139541
DE250000,RYEM,20.03573248599369
DE250000,BARL,4.227595171778511
DE250000,OATS,11.87287804603558
DE250000,MAIZ,43.70126108409974
DE250000,OCER,7.657298413501341
DE250000,RAPE,0.01948475620533012
DE250000,PULS,112.7270683218096
DE250000,POTA,347.5328963346142
DE250000,SUGB,229.6923013283613
DE250000,MAIF,6.985935509784729
DE250000,OFAR,25.89287005004354
DE250000,OSET,1.0
DE250000,VSET,1000.0
DE250000,FALL,1000.0
DE260000,SWHE,4.221567061342324
DE260000,DWHE,146.1891386150746
DE260000,RYEM,19.31918496031296
DE260000,BARL,8.565402510265967
DE260000,OATS,46.39158875498565
DE260000,MAIZ,85.68448863420562
DE260000,OCER,19.31471439418018
DE260000,RAPE,14.3218867957045
DE260000,SUNF,14.15309252607588
DE260000,PULS,403.0618178524672
DE260000,POTA,402.3121830288225
DE260000,SUGB,0.6721618495081594
DE260000,MAIF,60.10907774298089
DE260000,OFAR,81.66409048364397
DE260000,OSET,1.0
DE260000,VSET,1000.0
DE260000,FALL,1000.0
DE270000,SWHE,6.027269655454934
DE270000,RYEM,85.64130727881289
DE270000,BARL,16.83957931469631
DE270000,OATS,45.79592152908003
DE270000,MAIZ,38.00231360511278
DE270000,OCER,40.08335931004806
DE270000,RAPE,0.02673660496830643
DE270000,PULS,102.5511428970735
DE270000,POTA,464.9612064194233
DE270000,SUGB,92.51297275210247
DE270000,MAIF,5.460910933934527
DE270000,OFAR,26.76500161683613
DE270000,OSET,1.0
DE270000,VSET,1000.0
DE270000,FALL,1000.0
DE400000,SWHE,3.233927926387936
DE400000,RYEM,1.043530697167598
DE400000,BARL,2.873747122000562
DE400000,OATS,1.099767088137823
DE400000,MAIZ,19.36146758270653
DE400000,OCER,0.06922605950391288
DE400000,RAPE,0.7296383993792489
DE400000,SUNF,5.537695850858496
DE400000,PULS,0.2920822667205812
DE400000,POTA,298.8526596690504
DE400000,SUGB,67.17824921102286
DE400000,MAIF,4.509088467597648
DE400000,OFAR,8.907749462966665
DE400000,OSET,1.0
DE400000,VSET,179.7441019188734
DE400000,FALL,175.5898305367479
DE710000,SWHE,0.3907487234746966
DE710000,RYEM,37.82307102583814
DE710000,BARL,8.195991266989088
DE710000,OATS,86.92949654134281
DE710000,MAIZ,90.696243687903
DE710000,OCER,69.89618784014806
DE710000,RAPE,0.03918289523499151
DE710000,PULS,178.7001155319336
DE710000,POTA,215.6684490812577
DE710000,SUGB,120.2808690092199
DE710000,MAIF,2.285169958241915
DE710000,OFAR,179.7049665041795
DE710000,OSET,1.0
DE710000,VSET,1000.0
DE710000,FALL,10.34223889856928
DE720000,SWHE,1.132556996654518
DE720000,RYEM,70.09952689549228
DE720000,BARL,14.78532146992944
DE720000,OATS,96.8079265196782
DE720000,OCER,0.07060851450628042
DE720000,RAPE,0.02564119533228832
DE720000,PULS,5.185057342193057
DE720000,SUGB,423.6674715486413
DE720000,MAIF,83.46177857664134
DE720000,OFAR,159.595136587773
DE720000,OSET,1.0
DE720000,VSET,1000.0
DE720000,FALL,1000.0
DE730000,SWHE,0.5355094135600449
DE730000,RYEM,34.0785780266428
DE730000,BARL,7.969766093763503
DE730000,OATS,75.71794241442001
DE730000,OCER,0.05263418302550178
DE730000,RAPE,0.01256998082425738
DE730000,PULS,51.67021981679009
DE730000,SUGB,140.2563086571185
DE730000,MAIF,2.256064994967897
DE730000,OFAR,161.8237576265596
DE730000,OSET,1.0
DE730000,VSET,1000.0
DE730000,FALL,1000.0
DE800000,SWHE,0.9320281055401018
DE800000,RYEM,2.9309784152625
DE800000,BARL,2.456161544584652
DE800000,OATS,3.547949702463308
DE800000,MAIZ,48.70000127063971
DE800000,OCER,0.9735977058510434
DE800000,RAPE,0.00197884325940002
DE800000,PULS,4.982429246616854
DE800000,POTA,349.6896044859457
DE800000,SUGB,27.14995099285506
DE800000,MAIF,9.53110412317155
DE800000,OFAR,12.60166893580822
DE800000,OSET,1.0
DE800000,VSET,263.3289344780852
DE800000,FALL,22.35572940163751
DE910000,SWHE,2.419220953214759
DE910000,RYEM,15.70470725609465
DE910000,BARL,16.09080722101673
DE910000,OATS,88.70418728085768
DE910000,OCER,0.1208982205348924
DE910000,RAPE,0.02052842666462992
DE910000,PULS,253.5962536259736
DE910000,POTA,250.1351475070127
DE910000,SUGB,0.9886007026324143
DE910000,MAIF,3.178836879526171
DE910000,OFAR,365.3715481916863
DE910000,OSET,1.0
DE910000,VSET,886.389654753408
DE910000,FALL,937.8671513211567
DE920000,SWHE,2.176310662697751
DE920000,RYEM,8.601408842130539
DE920000,BARL,13.29942715813397
DE920000,OATS,44.95901037118708
DE920000,MAIZ,66.99543921380582
DE920000,OCER,6.190641449904
DE920000,RAPE,0.01416877851798503
DE920000,PULS,108.9470981833047
DE920000,POTA,417.4087563037328
DE920000,SUGB,0.6496979134470732
DE920000,MAIF,28.24018440605013
DE920000,OFAR,72.69007253699779
DE920000,OSET,1.0
DE920000,VSET,849.4578206663875
DE920000,FALL,908.648946815232
DE930000,SWHE,7.522473050201891
DE930000,RYEM,3.06791761712869
DE930000,BARL,5.256940079626669
DE930000,OATS,32.08747104686273
DE930000,MAIZ,47.51483734057278
DE930000,OCER,1.148514680421701
DE930000,RAPE,0.01333309898836615
DE930000,PULS,77.28571868465
DE930000,POTA,192.1109768013676
DE930000,SUGB,0.5690379441538986
DE930000,MAIF,0.2890846701069006
DE930000,OFAR,26.66785762142453
DE930000,OSET,1.0
DE930000,VSET,729.5982445970338
DE930000,FALL,662.1288547288849
DE940000,SWHE,5.902127451233085
DE940000,RYEM,7.136725066575137
DE940000,BARL,2.839401718336694
DE940000,OATS,20.44340107708131
DE940000,MAIZ,0.3040759375034082
DE940000,OCER,15.10090700077726
DE940000,RAPE,0.01899624810032988
DE940000,POTA,80.17736324691022
DE940000,SUGB,126.13344398876
DE940000,MAIF,0.1562434617664203
DE940000,OFAR,17.29086302416741
DE940000,OSET,1.0
DE940000,VSET,1000.0
DE940000,FALL,1000.0
DEA10000,SWHE,9.57871053639251
DEA10000,RYEM,90.88068436455752
DEA10000,BARL,35.89698418834659
DEA10000,OATS,92.78092777808787
DEA10000,MAIZ,145.0845776018899
DEA10000,OCER,65.45731071690349
DEA10000,RAPE,0.1281186473392219
DEA10000,POTA,364.4134661893548
DEA10000,SUGB,36.52382062958709
DEA10000,MAIF,5.245526554698656
DEA10000,OFAR,55.34782353202171
DEA10000,OSET,1.0
DEA10000,VSET,1000.0
DEA10000,FALL,1000.0
DEA20000,SWHE,6.756601377054839
DEA20000,RYEM,79.65760504202152
DEA20000,BARL,24.34129499345601
DEA20000,OATS,90.71894445529904
DEA20000,MAIZ,297.6939149945994
DEA20000,OCER,128.2108111546966
DEA20000,RAPE,0.1269552824321794
DEA20000,POTA,589.0458047451267
DEA20000,SUGB,20.65068542543644
DEA20000,MAIF,112.3656416362335
DEA20000,OFAR,4.706742013627212
DEA20000,OSET,1.0
DEA20000,VSET,1000.0
DEA20000,FALL,1000.0
DEA30000,SWHE,12.34756218537862
DEA30000,RYEM,21.05287047936364
DEA30000,BARL,4.775463600465027
DEA30000,OATS,55.14966640840398
DEA30000,MAIZ,28.45593236693465
DEA30000,OCER,16.62153828111152
DEA30000,RAPE,0.05052048283950931
DEA30000,POTA,900.6887343140481
DEA30000,SUGB,7.676165189573434
DEA30000,MAIF,0.3072274682910457
DEA30000,OFAR,58.71182753771178
DEA30000,OSET,1.0
DEA30000,VSET,1000.0
DEA30000,FALL,1000.0
DEA40000,SWHE,11.8893055486236
DEA40000,RYEM,28.93440950650255
DEA40000,BARL,6.784161223224366
DEA40000,OATS,34.80636303556756
DEA40000,MAIZ,61.19432913232026
DEA40000,OCER,25.08901887711573
DEA40000,RAPE,0.01546179084636976
DEA40000,PULS,60.25130977474774
DEA40000,POTA,312.2184887930927
DEA40000,SUGB,208.1220355513369
DEA40000,MAIF,0.9035198617234401
DEA40000,OFAR,95.80296060768664
DEA40000,OSET,1.0
DEA40000,VSET,1000.0
DEA40000,FALL,1000.0
DEA50000,SWHE,17.47397624867322
DEA50000,RYEM,80.73679403078303
DEA50000,BARL,9.871437010902579
DEA50000,OATS,108.0968052169496
DEA50000,MAIZ,79.07742336321672
DEA50000,OCER,4.233931465948989
DEA50000,RAPE,0.02514235358744893
DEA50000,POTA,223.8709401525957
DEA50000,SUGB,120.0988349257079
DEA50000,MAIF,0.05415426597973114
DEA50000,OSET,1.0
DEA50000,VSET,1000.0
DEA50000,FALL,1000.0
DEB10000,SWHE,17.46903323492712
DEB10000,RYEM,50.87018636119286
DEB10000,BARL,6.306155233532953
DEB10000,OATS,49.49779291429432
DEB10000,OCER,0.05272247589881671
DEB10000,RAPE,0.01925214033286025
DEB10000,PULS,81.0813125265693
DEB10000,POTA,501.1654944807719
DEB10000,SUGB,113.1922820889798
DEB10000,MAIF,16.89410794381599
DEB10000,OFAR,120.8916963207806
DEB10000,OSET,1.0
DEB10000,VSET,1000.0
DEB10000,FALL,1000.0
DEB20000,SWHE,38.74141898428805
DEB20000,BARL,5.50436904382296
DEB20000,OATS,51.34874433160647
DEB20000,OCER,0.06122114204139407
DEB20000,RAPE,0.06832109087203739
DEB20000,MAIF,65.66839603531857
DEB20000,OFAR,18.3896968461324
DEB20000,OSET,1.0
DEB20000,VSET,424.8641671083118
DEB20000,FALL,115.4972811042906
DEB30000,SWHE,7.877157408543829
DEB30000,DWHE,169.4542029533037
DEB30000,RYEM,23.9566201461264
DEB30000,BARL,6.231648821328964
DEB30000,OATS,60.21800412199782
DEB30000,MAIZ,111.8936087282289
DEB30000,OCER,104.8919615880897
DEB30000,RAPE,0.03622257582077962
DEB30000,PULS,86.7967843219189
DEB30000,POTA,161.4658999725378
DEB30000,SUGB,43.08271001536922
DEB30000,MAIF,40.51829283846113
DEB30000,OFAR,57.77142882854487
DEB30000,OSET,1.0
DEB30000,VSET,1000.0
DEB30000,FALL,1000.0
DEC00000,SWHE,44.28380969605374
DEC00000,RYEM,87.16753061344893
DEC00000,BARL,38.03363718185721
DEC00000,OATS,49.97190338540814
DEC00000,OCER,0.1255812076125783
DEC00000,RAPE,0.1058391993130877
DEC00000,MAIF,162.1825479161635
DEC00000,OFAR,108.5099277562357
DEC00000,OSET,1.0
DEC00000,VSET,619.1088552341351
DEC00000,FALL,13.92563623333266
DED00000,SWHE,0.1144010816811774
DED00000,RYEM,7.485236207137378
DED00000,BARL,2.969520438559558
DED00000,OATS,7.580895856840754
DED00000,MAIZ,16.02256358556213
DED00000,OCER,4.828944352761207
DED00000,RAPE,0.1823633765865286
DED00000,SUNF,13.09831728369947
DED00000,PULS,0.5323162996270824
DED00000,POTA,663.3945118346234
DED00000,SUGB,38.55042181038672
DED00000,MAIF,10.78573505851036
DED00000,OFAR,0.5178202913190155
DED00000,OSET,1.0
DED00000,VSET,369.8983974207154
DED00000,FALL,653.1401192436477
DEE00000,SWHE,1.216226354556341
DEE00000,DWHE,102.0957697968294
DEE00000,RYEM,3.389693334274817
DEE00000,BARL,4.860448078326664
DEE00000,OATS,4.557824261300961
DEE00000,MAIZ,28.96643759680904
DEE00000,OCER,0.8975675921813264
DEE00000,RAPE,0.8357300223680971
DEE00000,SUNF,8.795001630713665
DEE00000,PULS,28.46598692609691
DEE00000,POTA,491.4461738175886
DEE00000,SUGB,0.2448350555484889
DEE00000,MAIF,6.516573302947124
DEE00000,OFAR,24.53996981895466
DEE00000,OSET,1.0
DEE00000,VSET,267.7060753005328
DEE00000,FALL,14.9672994028371
DEF00000,SWHE,3.032962225222764
DEF00000,RYEM,9.145619506621895
DEF00000,BARL,6.195806868746899
DEF00000,OATS,19.08150910472379
DEF00000,OCER,0.04275663011441092
DEF00000,RAPE,0.004071899201952759
DEF00000,PULS,78.06411607902471
DEF00000,POTA,813.5494716662465
DEF00000,SUGB,1.035798313302976
DEF00000,MAIF,7.835361464394146
DEF00000,OFAR,4.183053246687432
DEF00000,OSET,1.0
DEF00000,VSET,508.1190976101295
DEF00000,FALL,483.9651341116291
DEG00000,SWHE,1.884999190601871
DEG00000,RYEM,19.02087824681614
DEG00000,BARL,3.756620405815842
DEG00000,OATS,10.17882115842687
DEG00000,MAIZ,75.6226814530662
DEG00000,OCER,10.25593800642703
DEG00000,RAPE,0.1676215198663227
DEG00000,SUNF,20.97713269424337
DEG00000,PULS,0.5288421696185582
DEG00000,POTA,285.1721225336988
DEG00000,SUGB,68.06962422068852
DEG00000,MAIF,8.384936751584888
DEG00000,OFAR,12.94986970523093
DEG00000,OSET,1.0
DEG00000,VSET,541.2153052888177
DEG00000,FALL,1000.0
EL110000,SWHE,4.640322225750043
EL110000,DWHE,14.25697555023969
EL110000,RYEM,28.93721350073138
EL110000,BARL,17.02526368184911
EL110000,MAIZ,0.01194199460957278
EL110000,SUNF,0.01386276434959677
EL110000,PULS,99.95659544210902
EL110000,POTA,454.7397302340959
EL110000,SUGB,138.7313482239286
EL110000,OFAR,0.01012170122466712
EL110000,OSET,27.38157908179299
EL110000,VSET,2.028339154970336
EL110000,FALL,311.8919421646692
EL120000,SWHE,2.354940373817722
EL120000,DWHE,3.508920922827948
EL120000,RYEM,65.22616205369313
EL120000,BARL,8.107216174042602
EL120000,OATS,18.8565867707038
EL120000,MAIZ,0.01378533293276828
EL120000,SUNF,0.0265034309118634
EL120000,POTA,680.2217342623298
EL120000,SUGB,140.0841146169024
EL120000,MAIF,81.74569795766622
EL120000,OFAR,3.555530345293549
EL120000,OSET,20.18899052573233
EL120000,VSET,39.77419375437108
EL120000,FALL,66.55462067068224
EL130000,SWHE,15.78668376698975
EL130000,DWHE,1.863408736881628
EL130000,RYEM,52.01252314646713
EL130000,BARL,41.43945928417037
EL130000,MAIZ,0.07482093840260752
EL130000,PULS,1.431485465810295
EL130000,POTA,1269.760068437562
EL130000,SUGB,516.0214599687271
EL130000,OFAR,0.01297879861340123
EL130000,OSET,88.4778844576289
EL130000,VSET,49.72532076647453
EL130000,FALL,286.2595822588473
EL140000,SWHE,8.875533787281293
EL140000,DWHE,0.08400808900436305
EL140000,BARL,12.84647233059538
EL140000,OATS,35.0767176278193
EL140000,MAIZ,0.03830573702692681
EL140000,PULS,32.5047003779748
EL140000,POTA,506.6511072359723
EL140000,SUGB,247.5757812571524
EL140000,OFAR,0.005810736122339146
EL140000,OSET,65.01602708411397
EL140000,VSET,1000.0
EL140000,FALL,28.79999413011135
EL210000,OATS,0.2867858122780462
EL210000,MAIZ,0.07918087324599894
EL210000,POTA,1.621007473983776
EL210000,OFAR,0.01580056036169122
EL210000,FALL,13.46394762063206
EL230000,SWHE,5.799272405213115
EL230000,DWHE,8.454820570167263
EL230000,BARL,11.69799516664143
EL230000,MAIZ,0.02064462268918801
EL230000,PULS,15.98258633488408
EL230000,POTA,61.89092454229974
EL230000,OFAR,0.001444438533979817
EL230000,FALL,1.329116676240826
EL240000,SWHE,28.50995716552722
EL240000,DWHE,0.6497275627443673
EL240000,BARL,17.62868806266124
EL240000,OATS,12.51183025527102
EL240000,MAIZ,0.08464092653959308
EL240000,PULS,7.284965107644555
EL240000,POTA,340.3129203028926
EL240000,SUGB,506.8586812654755
EL240000,OFAR,0.003694264798173762
EL240000,FALL,2.426404078310921
EL250000,SWHE,13.15603711393027
EL250000,DWHE,0.9275103036682792
EL250000,BARL,10.59649887969063
EL250000,OATS,7.176008631666122
EL250000,MAIZ,0.1143730297678235
EL250000,PULS,23.34287176557061
EL250000,POTA,88.8470829678745
EL250000,OFAR,0.001126350465265049
EL250000,FALL,1.645132334184129
EL300000,DWHE,14.74994688816668
EL300000,BARL,25.60811179460322
EL300000,OFAR,0.01303208956196891
EL300000,FALL,1.250896228671809
EL410000,DWHE,295.6132519725534
EL410000,BARL,12.05150583582539
EL410000,OATS,35.26430242747294
EL410000,OFAR,0.007696989612123665
EL410000,FALL,3.276434066458755
EL420000,DWHE,0.5144297150027896
EL420000,BARL,23.47250227823294
EL420000,POTA,1.435667071262458
EL420000,OFAR,0.0151090975068937
EL420000,VSET,1.0
EL420000,FALL,5.241913948886127
EL430000,DWHE,34.9092118747548
EL430000,BARL,38.96535170495879
EL430000,OATS,16.2416468772009
EL430000,PULS,226.7995624247683
EL430000,POTA,43.82782755311701
EL430000,OFAR,0.00750359794047718
EL430000,FALL,1.115042583776199
ES110000,SWHE,10.93994412103133
ES110000,RYEM,12.28963409174497
ES110000,BARL,188.3647983432381
ES110000,MAIZ,0.004436139644181974
ES110000,PULS,10.24002731876548
ES110000,POTA,53.48085546544189
ES110000,MAIF,32.8475223485185
ES110000,OFAR,0.2711019578514349
ES110000,OSET,1.0
ES110000,FALL,239.8535522571236
ES210000,SWHE,42.74978652176064
ES210000,DWHE,42.29399687982124
ES210000,BARL,28.20702278805986
ES210000,OATS,48.32208173237599
ES210000,POTA,378.2731963233892
ES210000,SUGB,559.3113081880313
ES210000,MAIF,1007.743535561954
ES210000,OFAR,0.3944287650176539
ES210000,OSET,1.0
ES210000,VSET,1.0
ES220000,SWHE,4.76317999039528
ES220000,DWHE,41.30316737732012
ES220000,BARL,5.42128854753962
ES220000,OATS,40.53397207627089
ES220000,MAIZ,0.04379589885251781
ES220000,RAPE,47.50325829214846
ES220000,SUNF,1.413864665921132
ES220000,PULS,0.4791232961399997
ES220000,POTA,549.2607552265551
ES220000,MAIF,11.56558987752045
ES220000,OFAR,22.02688459532574
ES220000,OSET,1.0
ES220000,VSET,1.0
ES220000,FALL,11.51474148192603
ES230000,SWHE,7.308716190787226
ES230000,BARL,11.29455863428117
ES230000,MAIZ,0.3794451968523969
ES230000,POTA,863.799852169073
ES230000,SUGB,368.0449976894874
ES230000,OFAR,0.01182145350761809
ES230000,OSET,1.0
ES230000,FALL,409.6503935146775
ES240000,SWHE,2.098252176169461
ES240000,DWHE,2.293871683629118
ES240000,RYEM,6.599706752896642
ES240000,BARL,0.4717883908682176
ES240000,OATS,7.167513836291134
ES240000,MAIZ,2.652629730028687
ES240000,OCER,209.3609052548594
ES240000,RAPE,3.402882990384799
ES240000,SUNF,0.274261739809489
ES240000,PULS,0.02416301242758857
ES240000,POTA,155.4308146128889
ES240000,MAIF,128.0023810400638
ES240000,OFAR,0.01940573612268186
ES240000,OSET,1.0
ES240000,VSET,412.2252262635955
ES240000,FALL,1.665867743145599
ES300000,SWHE,6.793408380286064
ES300000,BARL,5.013018481863928
ES300000,OATS,21.92619647121811
ES300000,MAIZ,0.0889517046513278
ES300000,SUNF,0.04770402535488905
ES300000,PULS,5.157917631853707
ES300000,POTA,1028.254026849608
ES300000,OFAR,0.01249321717320014
ES300000,OSET,1.0
ES300000,VSET,1.0
ES300000,FALL,4.532975234259884
ES410000,SWHE,1.352512408163226
ES410000,DWHE,28.31615953348616
ES410000,RYEM,1.063034113828373
ES410000,BARL,0.02954655477027591
ES410000,OATS,0.7856213148830944
ES410000,MAIZ,0.3878162888780861
ES410000,OCER,20.94249616427683
ES410000,SUNF,0.000756879451164281
ES410000,PULS,0.02214745313478807
ES410000,POTA,198.3006684373348
ES410000,SUGB,13.04855916140428
ES410000,MAIF,102.8226880901089
ES410000,OFAR,0.02559696811727771
ES410000,OSET,1.0
ES410000,VSET,168.90979757165
ES410000,FALL,46.81189024667002
ES420000,SWHE,0.5208265237222569
ES420000,DWHE,8.490227444148005
ES420000,RYEM,1.912360250826323
ES420000,BARL,0.1665378851509276
ES420000,OATS,0.3201663384780017
ES420000,MAIZ,0.5261105236395069
ES420000,OCER,70.168142690097
ES420000,RAPE,1.268402098962051
ES420000,SUNF,0.01391163631037076
ES420000,PULS,0.005414024922533002
ES420000,POTA,77.37031944412786
ES420000,SUGB,91.2139748964084
ES420000,MAIF,184.4574689069901
ES420000,OFAR,0.03937513613798629
ES420000,OSET,1.0
ES420000,VSET,339.4496334193892
ES420000,FALL,5.22477207323979
ES430000,SWHE,1.439861835336437
ES430000,DWHE,3.18700685932986
ES430000,RYEM,15.07964380472706
ES430000,BARL,0.9997580964031864
ES430000,OATS,0.3714473032902342
ES430000,MAIZ,3.475967506952364
ES430000,OCER,17.827659253748
ES430000,RAPE,1.320452873985583
ES430000,SUNF,0.08829608760176412
ES430000,SOYA,12.6897318312402
ES430000,PULS,0.0216553071160252
ES430000,POTA,81.79212249153166
ES430000,SUGB,93.33856788616635
ES430000,OFAR,0.001038821632055845
ES430000,OSET,1.0
ES430000,VSET,378.0617347501911
ES430000,FALL,30.18479374642823
ES510000,SWHE,5.654858432662003
ES510000,BARL,1.469805063779176
ES510000,OATS,8.028376740426381
ES510000,MAIZ,13.71929074040118
ES510000,OCER,456.395424445655
ES510000,RAPE,53.36740801124851
ES510000,SUNF,0.8882808690991483
ES510000,PULS,0.6500806262304054
ES510000,POTA,113.6257681419202
ES510000,MAIF,62.60978061469397
ES510000,OFAR,0.01703085129311288
ES510000,OSET,1.0
ES510000,VSET,1.0
ES510000,FALL,1000.0
ES520000,SWHE,13.13515318189775
ES520000,BARL,4.879598691774754
ES520000,OATS,15.43573393094891
ES520000,MAIZ,0.1136664678442043
ES520000,SUNF,0.01868670314668065
ES520000,PULS,60.31407686449229
ES520000,POTA,317.9409636457475
ES520000,OFAR,0.01402026926581973
ES520000,VSET,35.6244450122206
ES520000,FALL,1.667916774229638
ES530000,SWHE,10.86297963683807
ES530000,BARL,5.360038353098745
ES530000,OATS,3.105702754590987
ES530000,OCER,0.05187517817363823
ES530000,RAPE,0.1644501327683003
ES530000,PULS,7.269064782275523
ES530000,POTA,395.066428715209
ES530000,OFAR,0.001268181327477039
ES530000,VSET,79.3252166510278
ES530000,FALL,2.4587922754846
ES610000,SWHE,2.380649176513784
ES610000,DWHE,0.4139269422721039
ES610000,BARL,0.8082385754443381
ES610000,OATS,1.305857505038062
ES610000,MAIZ,8.603160851626315
ES610000,OCER,11.07223983625617
ES610000,RAPE,0.5902332294088539
ES610000,SUNF,0.9361511252769855
ES610000,PULS,7.798066780494925
ES610000,POTA,77.72562326179991
ES610000,SUGB,0.2543801002983558
ES610000,MAIF,77.37722178739975
ES610000,OFAR,0.03870424841131902
ES610000,OSET,1.0
ES610000,VSET,699.1319149233198
ES610000,FALL,29.96604000031447
ES620000,SWHE,7.519647814149029
ES620000,BARL,0.6787203070164902
ES620000,OATS,7.128038251748606
ES620000,OCER,0.0437586029613614
ES620000,POTA,0.3956210493014217
ES620000,OFAR,0.06254363459978124
ES620000,OSET,2.061495276072296
ES620000,VSET,1.0
ES620000,FALL,20.74195971257172
FR100000,SWHE,2.661524638414137
FR100000,DWHE,72.82375289875228
FR100000,BARL,7.002570235537844
FR100000,OATS,31.28267852539864
FR100000,MAIZ,4.326586458033099
FR100000,OCER,73.87512666624495
FR100000,RAPE,0.5065293324413624
FR100000,SUNF,24.19119292384268
FR100000,PULS,7.826329264321367
FR100000,POTA,2653.511394288307
FR100000,SUGB,47.06776531396106
FR100000,MAIF,67.62599657093959
FR100000,OFAR,24.81351967437361
FR100000,OSET,1.0
FR100000,VSET,515.8218874931432
FR100000,FALL,50.91637195862593
FR210000,SWHE,2.840865508011177
FR210000,BARL,0.9800715611605681
FR210000,OATS,10.42325578141218
FR210000,MAIZ,1.10585356830689
FR210000,OCER,30.40490340138595
FR210000,RAPE,0.5922679038478028
FR210000,SUNF,8.788322985859605
FR210000,PULS,4.299773817145771
FR210000,POTA,688.8005434915469
FR210000,SUGB,17.93876273040367
FR210000,MAIF,20.26848453529643
FR210000,OFAR,0.1066611619558101
FR210000,OSET,1.0
FR210000,VSET,177.8004495564285
FR210000,FALL,37.67513355387337
FR220000,SWHE,1.042790858582774
FR220000,BARL,5.084340932238574
FR220000,OATS,17.80538602003008
FR220000,MAIZ,5.520336387921051
FR220000,OCER,47.77227391005684
FR220000,RAPE,0.01069462075941013
FR220000,PULS,4.659231248195018
FR220000,POTA,337.1927110505996
FR220000,SUGB,10.62158160192884
FR220000,MAIF,1.261348844478008
FR220000,OFAR,13.30856179587506
FR220000,OSET,1.0
FR220000,VSET,211.2942556813905
FR220000,FALL,52.8550003786919
FR230000,SWHE,0.08439369048469361
FR230000,BARL,15.93473761866242
FR230000,OATS,18.44773969637321
FR230000,MAIZ,12.11386305286987
FR230000,OCER,83.50645742045388
FR230000,RAPE,0.01200150930016361
FR230000,PULS,5.209173215996925
FR230000,POTA,953.5626788781983
FR230000,SUGB,47.49543793385286
FR230000,MAIF,7.613696162035984
FR230000,OFAR,4.828441672065775
FR230000,OSET,1.0
FR230000,VSET,581.2422437095343
FR230000,FALL,96.05768890705143
FR240000,SWHE,0.9121422941565293
FR240000,DWHE,3.740875225740722
FR240000,RYEM,6.042871001029739
FR240000,BARL,1.415342882296304
FR240000,OATS,6.969145827768984
FR240000,MAIZ,2.654754698171893
FR240000,OCER,5.43045769826514
FR240000,RAPE,0.09408367833633936
FR240000,SUNF,2.552012823756038
FR240000,PULS,0.2029260748075962
FR240000,POTA,1123.547877409779
FR240000,SUGB,42.89871100649629
FR240000,MAIF,4.206591152846359
FR240000,OFAR,0.7496936958327591
FR240000,OSET,1.0
FR240000,VSET,115.1635940499102
FR240000,FALL,103.7964822244106
FR250000,SWHE,2.909056278351062
FR250000,BARL,12.81994269365028
FR250000,OATS,13.85404964356754
FR250000,MAIZ,12.16860616447011
FR250000,OCER,22.49122043847975
FR250000,RAPE,0.02790641058887111
FR250000,PULS,12.6688083421283
FR250000,POTA,1770.62683149146
FR250000,SUGB,112.1268798555361
FR250000,MAIF,2.918812057939721
FR250000,OFAR,0.6450044209384036
FR250000,OSET,1.0
FR250000,VSET,493.9474916182403
FR250000,FALL,89.6549637391054
FR260000,SWHE,1.845450236636707
FR260000,RYEM,52.08082156656953
FR260000,BARL,1.863958577848364
FR260000,OATS,7.301472346775877
FR260000,MAIZ,8.90921553309724
FR260000,OCER,4.734784091769876
FR260000,RAPE,1.836818680446238
FR260000,SUNF,4.080933855563096
FR260000,SOYA,16.89136523489721
FR260000,PULS,0.7670958157495417
FR260000,SUGB,119.1063145741723
FR260000,MAIF,14.91770376179802
FR260000,OFAR,3.381644746378083
FR260000,OSET,1.0
FR260000,VSET,203.1608148934106
FR260000,FALL,29.6245211681529
FR300000,SWHE,3.272314461337411
FR300000,DWHE,21.17840347027684
FR300000,BARL,5.236533496880702
FR300000,OATS,19.92395529846016
FR300000,MAIZ,39.17099846218909
FR300000,OCER,64.68273031178985
FR300000,RAPE,0.05196848247239449
FR300000,PULS,14.84826123862888
FR300000,POTA,289.9284768031769
FR300000,SUGB,28.8491676401446
FR300000,MAIF,1.245621790135298
FR300000,OFAR,13.61655141198228
FR300000,OSET,1.0
FR300000,VSET,488.215443468643
FR300000,FALL,318.2792346968326
FR410000,SWHE,2.032882010119907
FR410000,BARL,3.594736318613156
FR410000,OATS,15.64668650385779
FR410000,MAIZ,13.50781846794259
FR410000,OCER,20.33386895198495
FR410000,RAPE,0.1476036841388386
FR410000,SUNF,26.30741435807236
FR410000,PULS,0.1034637553459941
FR410000,MAIF,5.188554332671805
FR410000,OFAR,0.178351581198199
FR410000,OSET,1.0
FR410000,VSET,355.6658691937786
FR410000,FALL,39.19429798784745
FR420000,SWHE,13.17450753172665
FR420000,BARL,16.70412753448114
FR420000,OATS,39.47465002348341
FR420000,MAIZ,3.720732067930062
FR420000,OCER,121.3205167624573
FR420000,RAPE,0.06630068534726412
FR420000,POTA,587.0897621253489
FR420000,SUGB,2.958921113334351
FR420000,MAIF,12.81788869153863
FR420000,OFAR,19.40094290922113
FR420000,OSET,1.0
FR420000,VSET,13.74229364817941
FR420000,FALL,11.08270298688948
FR430000,SWHE,9.122201418289597
FR430000,BARL,6.075069135459543
FR430000,OATS,15.06483553696236
FR430000,MAIZ,15.2876655204845
FR430000,OCER,21.72514833643942
FR430000,RAPE,10.29385330916557
FR430000,SUNF,14.53900520923933
FR430000,SOYA,18.46632851113519
FR430000,SUGB,2.148375663696966
FR430000,MAIF,22.49591613805125
FR430000,OFAR,0.04553918677670614
FR430000,OSET,1.0
FR430000,VSET,16.5399297293481
FR430000,FALL,23.24325206999891
FR510000,SWHE,0.9726162862203996
FR510000,DWHE,25.27615002233611
FR510000,RYEM,25.8840273293778
FR510000,BARL,5.280168023587948
FR510000,OATS,17.66151240573331
FR510000,MAIZ,2.656261856811514
FR510000,OCER,4.150815491878111
FR510000,RAPE,6.500671287036308
FR510000,SUNF,2.140662127851602
FR510000,PULS,0.5698405861413341
FR510000,POTA,1891.886597111053
FR510000,MAIF,1.906368306492673
FR510000,OFAR,0.0179965059511269
FR510000,OSET,1.0
FR510000,VSET,260.4028385860494
FR510000,FALL,34.43744357670686
FR520000,SWHE,1.400089252763274
FR520000,DWHE,18.52525505248446
FR520000,RYEM,24.57617386106222
FR520000,BARL,4.473251674515756
FR520000,OATS,14.91694787139747
FR520000,MAIZ,3.50369192346428
FR520000,OCER,4.378264448205214
FR520000,RAPE,0.02004192704485757
FR520000,PULS,4.160727457811277
FR520000,POTA,266.9398699742389
FR520000,MAIF,2.872514465982503
FR520000,OFAR,0.01220067912888467
FR520000,OSET,1.0
FR520000,VSET,3.551667371043466
FR520000,FALL,2.93085462515887
FR530000,SWHE,0.980213575720351
FR530000,DWHE,15.91469666442901
FR530000,BARL,2.461577272541219
FR530000,OATS,13.52085954704503
FR530000,MAIZ,4.073079118250897
FR530000,OCER,8.773028260163436
FR530000,RAPE,2.561185805882006
FR530000,SUNF,1.727251130188131
FR530000,PULS,0.01272562617552629
FR530000,MAIF,5.358406506090462
FR530000,OFAR,0.05320137747786937
FR530000,OSET,1.0
FR530000,VSET,160.6136654193548
FR530000,FALL,26.44748268354116
FR610000,SWHE,1.752811936266192
FR610000,BARL,8.166665646549525
FR610000,OATS,22.89288786338793
FR610000,MAIZ,2.127022693425511
FR610000,OCER,11.88399996037728
FR610000,RAPE,28.52998055232717
FR610000,SUNF,1.986543952087661
FR610000,SOYA,11.34383719825443
FR610000,PULS,28.34103660207082
FR610000,POTA,2389.15549659252
FR610000,MAIF,19.48779471646854
FR610000,OFAR,0.05942934000747171
FR610000,OSET,1.0
FR610000,VSET,5.800292078162472
FR610000,FALL,1.595789839264687
FR620000,SWHE,1.215432888886257
FR620000,DWHE,5.258953425432483
FR620000,RYEM,28.23959090301872
FR620000,BARL,3.677778030939226
FR620000,OATS,11.58024653012358
FR620000,MAIZ,2.257492142516944
FR620000,OCER,4.596893861994803
FR620000,RAPE,7.064351840246238
FR620000,SUNF,0.06907730461980043
FR620000,SOYA,4.56064083763205
FR620000,PULS,0.01143114357630646
FR620000,MAIF,3.617582352592116
FR620000,OFAR,0.02188624855248971
FR620000,OSET,1.0
FR620000,VSET,197.0738171309298
FR620000,FALL,22.74917227811802
FR630000,SWHE,13.31653080050027
FR630000,DWHE,104.4461140266154
FR630000,RYEM,20.79022464544857
FR630000,BARL,11.97309192683938
FR630000,OATS,18.07889964857853
FR630000,MAIZ,27.46797741966706
FR630000,OCER,3.184125952155481
FR630000,RAPE,106.0862427634627
FR630000,SUNF,4.004057802632235
FR630000,MAIF,19.88243260176885
FR630000,OFAR,0.09282164555722894
FR630000,OSET,1.0
FR630000,FALL,62.63885353884496
FR710000,SWHE,1.965820403829631
FR710000,DWHE,45.57001836439092
FR710000,RYEM,33.19657156427526
FR710000,BARL,9.616835649741942
FR710000,OATS,26.7079249923025
FR710000,MAIZ,3.812651426942899
FR710000,OCER,9.243650219466533
FR710000,RAPE,14.40193115940146
FR710000,SUNF,4.545738243343385
FR710000,SOYA,24.99909657063655
FR710000,PULS,1.353822638355468
FR710000,POTA,1552.432298339453
FR710000,MAIF,12.04393812293807
FR710000,OFAR,0.03116001306978637
FR710000,OSET,1.0
FR710000,VSET,579.0378296211604
FR710000,FALL,48.32813040173764
FR720000,SWHE,2.51921612318209
FR720000,RYEM,17.62766600147042
FR720000,BARL,9.397303255624735
FR720000,OATS,25.97929358719047
FR720000,MAIZ,17.30914561922589
FR720000,OCER,10.65092738779792
FR720000,RAPE,19.01088205689578
FR720000,SUNF,7.654602308844211
FR720000,PULS,1.387647169710989
FR720000,SUGB,234.393319211843
FR720000,MAIF,28.34153932339506
FR720000,OFAR,1.666455803635101
FR720000,OSET,1.0
FR720000,VSET,11.44190082961196
FR720000,FALL,11.15066962791888
FR810000,SWHE,9.951212147216399
FR810000,DWHE,8.64629247612616
FR810000,RYEM,34.14993198522723
FR810000,BARL,18.64795759314507
FR810000,OATS,42.51544179855444
FR810000,MAIZ,17.94311859817023
FR810000,OCER,29.37855966516276
FR810000,RAPE,18.89709751828851
FR810000,SUNF,4.972954781332619
FR810000,SOYA,31.25104608462643
FR810000,PULS,3.407571346665513
FR810000,POTA,1535.429493927837
FR810000,MAIF,32.54751010938693
FR810000,OFAR,1.685571933630448
FR810000,OSET,1.0
FR810000,VSET,38.83780068753396
FR810000,FALL,1.023655944309953
FR820000,SWHE,10.32276114227788
FR820000,DWHE,3.957941903471573
FR820000,BARL,16.71076035285562
FR820000,OATS,50.53007294057385
FR820000,MAIZ,42.78940540589459
FR820000,OCER,24.57490283649171
FR820000,RAPE,13.84062187621183
FR820000,SUNF,33.57295538863175
FR820000,PULS,37.39410706414167
FR820000,POTA,135.9971863312742
FR820000,OFAR,0.001481659303067822
FR820000,OSET,1.0
FR820000,VSET,47.53391761277956
FR820000,FALL,2.217533907579365
IR010000,SWHE,16.0210139264842
IR010000,BARL,5.203989123875832
IR010000,OATS,41.17521890724878
IR010000,POTA,245.6526093233197
IR010000,SUGB,26.10766522741468
IR010000,MAIF,254.3586116668954
IR010000,OFAR,0.02990528028191649
IR010000,OSET,1.0
IR010000,VSET,1000.0
IR020000,SWHE,5.903179745811136
IR020000,BARL,2.050398158534217
IR020000,OATS,25.14294841205258
IR020000,OCER,0.08978579640025984
IR020000,RAPE,0.1828997718231674
IR020000,PULS,38.88633242484949
IR020000,POTA,85.45827848793782
IR020000,SUGB,22.89424751402697
IR020000,MAIF,36.69802370318251
IR020000,OFAR,0.01846499217700841
IR020000,OSET,1.0
IR020000,VSET,1000.0
IR020000,FALL,953.6404037164543
IT110000,SWHE,5.705973350546937
IT110000,BARL,14.41524478079453
IT110000,OATS,1.711227999709806
IT110000,MAIZ,0.004294644759258294
IT110000,RAPE,117.4843905574797
IT110000,SUNF,27.63387710499545
IT110000,SOYA,10.3874240408643
IT110000,PULS,95.14545401607455
IT110000,POTA,544.3562203968509
IT110000,SUGB,18.05010069822552
IT110000,MAIF,11.09470174181394
IT110000,OFAR,1.651683797425884
IT110000,OSET,1.0
IT110000,VSET,1.064805709490714
IT110000,FALL,821.6580501076216
IT200000,SWHE,11.54410928891762
IT200000,DWHE,104.7489578425525
IT200000,BARL,22.95508251964265
IT200000,OATS,5.879435916182223
IT200000,MAIZ,0.004647397549764769
IT200000,RAPE,18.98716565743518
IT200000,SUNF,29.89218937299725
IT200000,SOYA,3.854068631798213
IT200000,POTA,1078.014294546371
IT200000,SUGB,135.0034570430624
IT200000,MAIF,4.548763511680169
IT200000,OFAR,6.069953803258012
IT200000,OSET,1.0
IT200000,VSET,1.0
IT200000,FALL,18.78985368548991
IT310000,DWHE,14.22308544272698
IT310000,OATS,29.6265203230445
IT310000,OCER,0.6448137563228988
IT310000,PULS,12.67830036596184
IT310000,POTA,235.9549440161057
IT310000,MAIF,23.24183535601553
IT310000,OFAR,7.991097238784079
IT320000,SWHE,3.109749673462434
IT320000,DWHE,15.70807631379209
IT320000,BARL,12.76051777530313
IT320000,OATS,59.76207014624875
IT320000,MAIZ,0.1087494627245849
IT320000,OCER,191.1888441287823
IT320000,SUNF,32.6557724227961
IT320000,SOYA,0.1780544246482151
IT320000,POTA,374.417209838238
IT320000,SUGB,30.09957333327426
IT320000,MAIF,6.770072492372664
IT320000,OFAR,2.713101082508543
IT320000,OSET,1.0
IT320000,VSET,1.569989051695932
IT320000,FALL,21.32656828125825
IT330000,SWHE,13.53342316495902
IT330000,DWHE,23.28691982417798
IT330000,BARL,13.22880889538619
IT330000,OATS,19.23161665826172
IT330000,MAIZ,0.007342136100960194
IT330000,SUNF,21.41553873313132
IT330000,SOYA,0.3569538377736529
IT330000,POTA,854.9868076102807
IT330000,SUGB,131.9271911240247
IT330000,MAIF,8.275599903315394
IT330000,OFAR,0.03591293546509809
IT330000,OSET,3.085008589190295
IT330000,VSET,2.684806351481558
IT330000,FALL,10.10127559249824
IT400000,SWHE,3.655874992755725
IT400000,DWHE,16.54493782331083
IT400000,BARL,15.14295817060236
IT400000,OATS,177.929656011388
IT400000,MAIZ,0.4005279893240987
IT400000,OCER,59.32147211342183
IT400000,SUNF,39.43370797139361
IT400000,SOYA,2.726265637674532
IT400000,POTA,373.8673656516052
IT400000,SUGB,36.14520012146534
IT400000,MAIF,16.96808510282508
IT400000,OFAR,0.03302501325168311
IT400000,OSET,1.0
IT400000,VSET,1.0
IT400000,FALL,43.50674514754862
IT510000,SWHE,10.64594659135967
IT510000,DWHE,2.230756535068958
IT510000,BARL,13.13664032717225
IT510000,OATS,10.43612823929215
IT510000,MAIZ,1.424828281858792
IT510000,OCER,79.20898601537718
IT510000,RAPE,5.867741928286657
IT510000,SUNF,3.853487792191752
IT510000,PULS,40.33202777358292
IT510000,POTA,313.5704001344487
IT510000,SUGB,149.7777713254788
IT510000,MAIF,33.10845490293298
IT510000,OFAR,2.278764783139896
IT510000,OSET,5.812137962344575
IT510000,VSET,1000.0
IT510000,FALL,3.533472900074158
IT520000,SWHE,6.415976584406774
IT520000,DWHE,30.23154283246956
IT520000,BARL,15.5674698119199
IT520000,OATS,30.09910028966126
IT520000,MAIZ,0.03301218326188769
IT520000,SUNF,0.009009467306607606
IT520000,SUGB,0.2376205695337527
IT520000,MAIF,54.39745938842235
IT520000,OFAR,0.214716509698918
IT520000,OSET,1.0
IT520000,VSET,1000.0
IT520000,FALL,20.59437324300237
IT530000,SWHE,12.64517924338869
IT530000,DWHE,2.826456559205583
IT530000,BARL,9.880311979176462
IT530000,OATS,49.54365187278226
IT530000,MAIZ,1.073876959642207
IT530000,OCER,97.21191538163966
IT530000,SUNF,0.01149877495160823
IT530000,PULS,186.5973666038378
IT530000,POTA,267.9829446365601
IT530000,SUGB,58.75247430375558
IT530000,MAIF,29.94491062089925
IT530000,OFAR,0.1009477444409514
IT530000,OSET,1.0
IT530000,VSET,1.680808934792271
IT530000,FALL,8.046790174799046
IT600000,SWHE,11.03823533458484
IT600000,DWHE,5.453832464344596
IT600000,BARL,16.83391245974862
IT600000,OATS,1.138222579868879
IT600000,MAIZ,0.8436291925458813
IT600000,OCER,52.17988219149697
IT600000,RAPE,2.611733981101504
IT600000,SUNF,13.55834652924129
IT600000,PULS,79.15972844246603
IT600000,POTA,332.2498906873545
IT600000,SUGB,144.1454595919492
IT600000,MAIF,24.06396003461222
IT600000,OFAR,1.52971457060969
IT600000,OSET,1.297333713229347
IT600000,VSET,2.38866470278779
IT600000,FALL,15.52091612405597
IT710000,SWHE,24.00969813360561
IT710000,DWHE,11.2532472713351
IT710000,BARL,16.81146240797599
IT710000,OATS,28.19424988175597
IT710000,MAIZ,0.05795879709162888
IT710000,SUNF,0.0503179572932831
IT710000,PULS,52.25883817260117
IT710000,POTA,472.7189945074921
IT710000,SUGB,186.9097855559786
IT710000,OFAR,0.005121844644117472
IT710000,OSET,8.803967729517373
IT710000,FALL,46.97267904171236
IT720000,SWHE,28.58711562181633
IT720000,DWHE,3.115545584836181
IT720000,BARL,19.4714916584191
IT720000,OATS,5.876499379154441
IT720000,MAIZ,38.69634947338339
IT720000,OCER,43.78831805632912
IT720000,RAPE,6.94625695579322
IT720000,SUNF,31.25340086976853
IT720000,SUGB,0.3195520889670345
IT720000,MAIF,67.66072304881068
IT720000,OFAR,0.2798000062255113
IT720000,OSET,9.230297381308423
IT720000,FALL,7.259395374243051
IT800000,SWHE,10.98217762800246
IT800000,DWHE,5.917434023708914
IT800000,BARL,19.95732060265487
IT800000,OATS,5.895515385316777
IT800000,MAIZ,15.55689481303747
IT800000,OCER,116.8903929248526
IT800000,PULS,171.9220373836253
IT800000,POTA,50.07527088239667
IT800000,MAIF,32.59356815299696
IT800000,OFAR,0.2181421288804485
IT800000,OSET,14.74257018258713
IT800000,FALL,12.30135001281132
IT910000,SWHE,47.5031299987806
IT910000,DWHE,0.6028884039930684
IT910000,BARL,10.51943513050264
IT910000,OATS,2.827646178301372
IT910000,MAIZ,202.6579666080007
IT910000,OCER,45.75074565090195
IT910000,RAPE,2.845158050696934
IT910000,SUNF,6.333288168308119
IT910000,SOYA,87.3223199349664
IT910000,PULS,15.75470686441458
IT910000,POTA,96.7659774082524
IT910000,SUGB,110.8811181131816
IT910000,MAIF,83.03651272872649
IT910000,OFAR,0.2600846840685276
IT910000,OSET,1.0
IT910000,VSET,1.0
IT910000,FALL,1.485267416298951
IT920000,SWHE,25.74413597168036
IT920000,DWHE,0.990700385299227
IT920000,BARL,7.897947225882888
IT920000,OATS,4.892929075793134
IT920000,MAIZ,52.43844171097724
IT920000,OCER,28.39581860865219
IT920000,POTA,0.3224079573834488
IT920000,OFAR,0.06486004827278564
IT920000,OSET,1.0
IT920000,VSET,1.0
IT920000,FALL,3.967090396793979
IT930000,SWHE,7.052948436813094
IT930000,DWHE,9.373721164670908
IT930000,BARL,12.35708791953383
IT930000,OATS,3.245101553662356
IT930000,MAIZ,39.38911620441175
IT930000,OCER,5.309651674126731
IT930000,PULS,9.900197669888902
IT930000,POTA,119.0633909877096
IT930000,SUGB,74.52629118353975
IT930000,MAIF,52.78252416665187
IT930000,OFAR,4.421508611919228
IT930000,OSET,11.2178838134277
IT930000,FALL,13.43544568039699
ITA00000,DWHE,0.4104587168772744
ITA00000,BARL,8.243960509122175
ITA00000,OATS,5.722275047281267
ITA00000,OCER,0.1324018038943623
ITA00000,PULS,2.7143125956202
ITA00000,POTA,125.8824757603363
ITA00000,MAIF,66.13864069079774
ITA00000,OFAR,0.1810142811963446
ITA00000,OSET,1.89443803109322
ITA00000,VSET,1000.0
ITA00000,FALL,2.807326181300449
ITB00000,SWHE,8.919751245242663
ITB00000,DWHE,7.236844841135264
ITB00000,BARL,5.206473997568685
ITB00000,OATS,1.83703526169129
ITB00000,MAIZ,172.5572904302251
ITB00000,OCER,62.35720641680042
ITB00000,RAPE,0.08548270066912401
ITB00000,PULS,24.22360888325055
ITB00000,POTA,355.731379762481
ITB00000,SUGB,200.9998960157971
ITB00000,MAIF,63.28266336559948
ITB00000,OFAR,1.756332403788218
ITB00000,OSET,3.481856363172207
ITB00000,VSET,1.755020533976903
ITB00000,FALL,4.972197380185466
NL110000,SWHE,14.63564008706189
NL110000,BARL,26.81180363537608
NL110000,POTA,546.8403397775102
NL110000,SUGB,1.196424336869347
NL110000,MAIF,38.70930958983146
NL110000,OFAR,40.1029897717292
NL110000,OSET,67.16631090919302
NL110000,FALL,12.78576862486851
NL120000,SWHE,70.89627086369003
NL120000,BARL,125.0988633590957
NL120000,PULS,477.7459944873547
NL120000,POTA,113.2969551792629
NL120000,SUGB,240.5957671010203
NL120000,MAIF,119.3431523108128
NL120000,OFAR,8.929444702274816
NL130000,SWHE,106.4579233906102
NL130000,RYEM,18.38749325906116
NL130000,BARL,23.40334402276071
NL130000,POTA,416.6192090888184
NL130000,SUGB,1.096871456720992
NL130000,MAIF,51.03505566646294
NL130000,OFAR,3.170440238498343
NL210000,SWHE,233.9634208573652
NL210000,BARL,67.08428317522181
NL210000,MAIZ,0.7546318895479398
NL210000,POTA,9.519280743561056
NL210000,SUGB,690.0516573855749
NL210000,MAIF,0.4722428887112047
NL210000,OFAR,51.89025502409618
NL210000,OSET,1.0
NL220000,SWHE,65.27965936045008
NL220000,BARL,67.9916623117868
NL220000,MAIZ,134.803754491541
NL220000,OCER,56.64717793815876
NL220000,POTA,99.9261647939832
NL220000,SUGB,369.2081589891503
NL220000,MAIF,0.4408975087792696
NL220000,OFAR,50.89800933972593
NL220000,OSET,1.0
NL230000,SWHE,1.413334899024587
NL230000,BARL,132.9498409580862
NL230000,POTA,284.3592033810646
NL230000,SUGB,235.5036085191833
NL230000,MAIF,87.12108268013287
NL230000,OFAR,2.52443706499788
NL320000,SWHE,24.84262610086137
NL320000,BARL,93.75384714871149
NL320000,POTA,6.37618495956537
NL320000,SUGB,187.459815225297
NL320000,MAIF,309.0086984035117
NL320000,OFAR,6.551087437480185
NL330000,SWHE,37.05587246193814
NL330000,BARL,98.36217597994856
NL330000,POTA,477.1227726295577
NL330000,SUGB,456.193976187403
NL330000,MAIF,0.1485567887404946
NL330000,FALL,85.37119473618338
NL340000,SWHE,15.37397086425626
NL340000,BARL,36.60794406428798
NL340000,POTA,411.4566274040508
NL340000,SUGB,1.098737588016991
NL340000,MAIF,0.1377508197307145
NL340000,FALL,118.8255791618968
NL410000,SWHE,23.36815054389872
NL410000,BARL,33.85821163727863
NL410000,MAIZ,40.65417798160126
NL410000,OCER,22.22943701739664
NL410000,POTA,185.04950784339
NL410000,SUGB,106.5883461078191
NL410000,MAIF,0.2730287886128312
NL410000,OFAR,20.55408931399748
NL410000,OSET,1.0
NL410000,FALL,1000.0
NL420000,SWHE,58.3611297882868
NL420000,BARL,80.85665514205785
NL420000,MAIZ,64.41478909916961
NL420000,OCER,134.5574204352263
NL420000,POTA,580.3636299289759
NL420000,SUGB,141.335771434403
NL420000,MAIF,35.31172173437909
NL420000,OFAR,19.29264924545021
AT110000,SWHE,7.638708690651577
AT110000,DWHE,425.9928157270923
AT110000,RYEM,15.46337418324611
AT110000,BARL,7.78662855962799
AT110000,OATS,18.34111794465657
AT110000,MAIZ,36.29047145450225
AT110000,OCER,74.9276227024446
AT110000,RAPE,14.48680052793914
AT110000,SUNF,46.37449847987593
AT110000,SOYA,18.87978270080855
AT110000,PULS,1.371325799378995
AT110000,SUGB,281.4597096505526
AT110000,MAIF,90.05044306490845
AT110000,OFAR,4.38244152020518
AT110000,OSET,1.0
AT110000,VSET,1000.0
AT110000,FALL,33.61099967716066
AT120000,SWHE,1.843647552552844
AT120000,DWHE,36.43685272675749
AT120000,RYEM,4.905884249019672
AT120000,BARL,4.139265308294283
AT120000,OATS,9.380249180020975
AT120000,MAIZ,0.5564056223331912
AT120000,OCER,36.49686307289057
AT120000,RAPE,6.218113862283829
AT120000,SUNF,9.701690765217823
AT120000,SOYA,11.96111911149341
AT120000,PULS,10.26368215031292
AT120000,POTA,195.9468822207825
AT120000,SUGB,30.40064799456849
AT120000,MAIF,13.45109993512785
AT120000,OFAR,0.5029374460092927
AT120000,OSET,1.0
AT120000,VSET,299.8063839980529
AT120000,FALL,9.927936497954118
AT210000,SWHE,74.39564665561237
AT210000,BARL,41.00283681727957
AT210000,OATS,52.74404593981769
AT210000,MAIZ,78.14439348738799
AT210000,OCER,105.704956046409
AT210000,SOYA,0.1285979294898334
AT210000,PULS,0.1284873051724668
AT210000,MAIF,18.16377706557149
AT210000,OFAR,21.47631788915538
AT210000,OSET,33.53584786263582
AT210000,VSET,1000.0
AT210000,FALL,207.4324230106122
AT220000,SWHE,41.10869990242917
AT220000,DWHE,378.5715743376344
AT220000,RYEM,45.31669635993229
AT220000,BARL,20.435553475076
AT220000,OATS,66.58185088567421
AT220000,MAIZ,11.09451830808428
AT220000,OCER,85.6155987285153
AT220000,SOYA,0.1767561967800453
AT220000,PULS,0.07223691379747442
AT220000,MAIF,48.43276069049026
AT220000,OFAR,0.3588934376367776
AT220000,OSET,28.45081930254487
AT220000,VSET,1000.0
AT220000,FALL,28.77998275082679
AT310000,SWHE,21.99141561856225
AT310000,DWHE,108.9620453434378
AT310000,RYEM,19.87046098792419
AT310000,BARL,10.71724846312602
AT310000,OATS,6.009893638123496
AT310000,MAIZ,25.9180836144817
AT310000,OCER,9.487596954789511
AT310000,RAPE,24.55615684460385
AT310000,SOYA,6.784628884084515
AT310000,PULS,0.5860603508034024
AT310000,POTA,422.7643496566324
AT310000,SUGB,296.8285622851331
AT310000,MAIF,11.68920541741867
AT310000,OFAR,0.358378670758689
AT310000,OSET,1.0
AT310000,VSET,1000.0
AT310000,FALL,43.50318875853094
PT110000,SWHE,3.674746265793692
PT110000,RYEM,7.384136721263699
PT110000,OATS,3.688580263495211
PT110000,MAIZ,4.48657917165839
PT110000,OCER,58.12994726070128
PT110000,PULS,3.697573126886718
PT110000,POTA,246.7250930521535
PT110000,MAIF,2.573739880923332
PT110000,OFAR,0.5413397854940649
PT110000,OSET,22.9177831168208
PT110000,VSET,95.79048136994076
PT110000,FALL,138.2121492250051
PT150000,SWHE,29.67791451831427
PT150000,BARL,61.30414451859988
PT150000,OATS,20.37917105250247
PT150000,MAIZ,0.1964405290461545
PT150000,OFAR,0.03117974066028617
PT150000,VSET,34.57821894862924
PT150000,FALL,1.247180862418414
PT160000,SWHE,7.206272304534727
PT160000,RYEM,3.473519710752661
PT160000,BARL,41.4066975846225
PT160000,OATS,2.220755300500984
PT160000,MAIZ,1.685517541685057
PT160000,OCER,13.6191734796113
PT160000,PULS,40.76933401429672
PT160000,POTA,12.6184492944087
PT160000,MAIF,3.57184417977749
PT160000,OFAR,0.0282971116174633
PT160000,OSET,1.0
PT160000,VSET,1000.0
PT160000,FALL,1.037720811576563
PT170000,SWHE,28.22333034255912
PT170000,DWHE,344.0153081376117
PT170000,OATS,9.529502691161195
PT170000,MAIZ,0.1833453763862525
PT170000,POTA,0.5810964498190324
PT170000,MAIF,45.62619339144148
PT170000,OFAR,0.1901110368786932
PT170000,FALL,3.632631601111123
PT180000,SWHE,0.3981395906859504
PT180000,DWHE,0.5233361156096041
PT180000,BARL,2.178685286849435
PT180000,OATS,1.211024907894927
PT180000,MAIZ,13.86376375550794
PT180000,OCER,0.2462828584681565
PT180000,SUNF,0.001787389487597035
PT180000,PULS,35.83139042828828
PT180000,POTA,565.6992110694509
PT180000,SUGB,9.03385863778609
PT180000,MAIF,8.670864116356725
PT180000,OFAR,0.1017107305689813
PT180000,OSET,2.774674890632945
PT180000,VSET,1.397815693515753
PT180000,FALL,0.0925858424017652
SE010000,SWHE,19.32008377632031
SE010000,RYEM,57.45820193590915
SE010000,BARL,16.50434742792072
SE010000,OATS,0.2931852361141461
SE010000,OCER,0.1745208164643324
SE010000,OFAR,0.007106703410357879
SE010000,OSET,19.36217418015802
SE010000,VSET,23.14906441633242
SE010000,FALL,10.64490839981275
SE020000,SWHE,2.160360763848313
SE020000,RYEM,7.388599812891077
SE020000,BARL,2.622109164887306
SE020000,OATS,1.472808748351971
SE020000,OCER,0.02528114317314505
SE020000,RAPE,0.005141925661680369
SE020000,PULS,2.797021553997203
SE020000,POTA,983.5084624322828
SE020000,OFAR,0.001529816144664551
SE020000,OSET,2.844599568119297
SE020000,VSET,5.706245318855525
SE020000,FALL,2.992195500727735
SE040000,SWHE,3.065640271944818
SE040000,RYEM,10.13299086938177
SE040000,BARL,4.367972675776699
SE040000,OATS,9.420512241627735
SE040000,OCER,0.1411201268064696
SE040000,RAPE,0.007141559094933909
SE040000,PULS,3.786649234364779
SE040000,POTA,231.4262495583718
SE040000,SUGB,86.35305785308688
SE040000,OFAR,0.003172830323895645
SE040000,OSET,3.112293998774634
SE040000,VSET,9.493938269172252
SE040000,FALL,8.279199574039165
SE060000,SWHE,26.99349813675303
SE060000,BARL,5.209075214753847
SE060000,OATS,0.7799744881027806
SE060000,OCER,0.06776563508622215
SE060000,RAPE,0.007907756802700066
SE060000,POTA,0.5780912387921108
SE060000,OFAR,0.001501942307846732
SE060000,OSET,3.524033967831059
SE060000,VSET,10.28832852716056
SE060000,FALL,2.816307563749691
SE070000,BARL,0.3884082867147528
SE070000,OATS,26.31764038525165
SE070000,OFAR,0.001875808327521871
SE070000,FALL,36.68241798151286
SE080000,BARL,7.801993455625984
SE080000,OATS,16.36041677575631
SE080000,POTA,0.484307551532567
SE080000,OFAR,0.001432026447769918
SE080000,OSET,58.00921687481888
SE080000,VSET,50.91813092042261
SE080000,FALL,6.745773877688397
SE090000,SWHE,17.02327587910075
SE090000,RYEM,61.99225116850305
SE090000,BARL,5.920536359211113
SE090000,OATS,4.836373686592582
SE090000,OCER,0.09808044221553949
SE090000,RAPE,0.06541299093613023
SE090000,PULS,15.35455821174372
SE090000,POTA,1748.444788011932
SE090000,SUGB,132.7445598134918
SE090000,OFAR,0.001021060264504956
SE090000,OSET,7.3990657162774
SE090000,VSET,35.48010135319694
SE090000,FALL,14.5639140627122
SE0A0000,SWHE,5.945916775996386
SE0A0000,RYEM,49.20218868305935
SE0A0000,BARL,4.000672348433135
SE0A0000,OATS,1.896374857796396
SE0A0000,OCER,0.03598558571624427
SE0A0000,RAPE,0.04635599562446626
SE0A0000,PULS,35.17111877398563
SE0A0000,POTA,69.52098798047884
SE0A0000,OFAR,0.001353455591976143
SE0A0000,OSET,2.297537514621537
SE0A0000,VSET,4.470082052253396
SE0A0000,FALL,2.227849596472655
FI130000,SWHE,30.40891189510583
FI130000,RYEM,14.57529808342776
FI130000,BARL,1.096691518523012
FI130000,OATS,0.9516011733758077
FI130000,RAPE,0.3282595240602582
FI130000,POTA,0.4942532738345524
FI130000,OSET,3.655109076803995
FI130000,VSET,1.881501220731047
FI130000,FALL,3.083081009691016
FI180000,SWHE,1.949886225743333
FI180000,RYEM,4.852952218553856
FI180000,BARL,1.064399529665448
FI180000,OATS,3.36926091761653
FI180000,RAPE,0.007970969366725571
FI180000,PULS,19.13088946240511
FI180000,POTA,349.1659480772441
FI180000,SUGB,23.54494865014145
FI180000,OSET,1.0
FI180000,VSET,4.31071843473214
FI180000,FALL,0.5614534932724409
FI190000,SWHE,3.899729917560247
FI190000,RYEM,9.203465815434765
FI190000,BARL,0.9094183662758545
FI190000,OATS,1.615608738070643
FI190000,RAPE,0.01109885833700849
FI190000,PULS,48.41980471963351
FI190000,POTA,125.1907288689095
FI190000,SUGB,20.66097140612544
FI190000,OSET,1.0
FI190000,VSET,10.8449428283877
FI190000,FALL,0.3957193905991009
FI1A0000,RYEM,83.85158867763656
FI1A0000,BARL,3.641332920781037
FI1A0000,OATS,7.710155010852197
FI1A0000,RAPE,0.14908248767032
FI1A0000,POTA,0.2307488521124033
FI1A0000,OSET,8.957445996846086
FI1A0000,VSET,4.523172358360174
FI1A0000,FALL,2.056661622762322
UKC00000,SWHE,8.864920473114854
UKC00000,BARL,82.62128855245751
UKC00000,OATS,0.7340539968979383
UKC00000,RAPE,0.01903517873230639
UKC00000,PULS,8.17583274374184
UKC00000,POTA,561.5540505836648
UKC00000,OFAR,0.0001997385672384429
UKC00000,OSET,1.0
UKC00000,VSET,1000.0
UKD00000,SWHE,2.279083661754616
UKD00000,BARL,56.75213126047944
UKD00000,OATS,57.54868721665941
UKD00000,RAPE,0.09377386500068223
UKD00000,POTA,0.2738516306240014
UKD00000,MAIF,48.30457958584554
UKD00000,OFAR,0.7794566694538043
UKD00000,OSET,1.0
UKD00000,VSET,1000.0
UKE00000,SWHE,8.478103589257737
UKE00000,BARL,0.09855143552138847
UKE00000,OATS,222.7527144011111
UKE00000,RAPE,0.009708978924525694
UKE00000,PULS,8.076698898387718
UKE00000,POTA,547.3695566518733
UKE00000,SUGB,48.53417959693511
UKE00000,MAIF,4.207163970351557
UKE00000,OFAR,0.005448604597115552
UKE00000,OSET,1.0
UKE00000,VSET,599.1100704796304
UKF00000,SWHE,0.9098781432917233
UKF00000,BARL,6.853121646624338
UKF00000,OATS,17.43904875107065
UKF00000,OCER,1.271488306476207
UKF00000,RAPE,0.005402186447423029
UKF00000,PULS,11.5475388675624
UKF00000,POTA,477.3779300439184
UKF00000,SUGB,27.82329099906427
UKF00000,MAIF,26.34124429821553
UKF00000,OFAR,0.005455698182888342
UKF00000,OSET,1.0
UKF00000,VSET,668.7498843469721
UKG00000,SWHE,6.054282592556069
UKG00000,BARL,5.469748171712459
UKG00000,OATS,29.17813495113034
UKG00000,OCER,0.4777152044014458
UKG00000,RAPE,0.01826757216905604
UKG00000,PULS,7.585288985566256
UKG00000,POTA,539.7423285666655
UKG00000,SUGB,74.15680397531335
UKG00000,MAIF,56.83164023332018
UKG00000,OFAR,0.002519411024519557
UKG00000,OSET,1.0
UKG00000,VSET,1000.0
UKH00000,SWHE,0.6792250472993853
UKH00000,RYEM,38.93031800038297
UKH00000,BARL,9.455300388478566
UKH00000,OATS,119.4547152943219
UKH00000,OCER,0.955685874252089
UKH00000,RAPE,0.004887003905018629
UKH00000,PULS,0.1662641184800549
UKH00000,POTA,324.8179359387096
UKH00000,SUGB,22.44245711970906
UKH00000,MAIF,326.203955736293
UKH00000,OFAR,0.02033570034599495
UKH00000,OSET,1.0
UKH00000,VSET,598.3779608348508
UKJ00000,SWHE,2.169137584427164
UKJ00000,BARL,24.78007736884933
UKJ00000,OATS,0.3173215401594088
UKJ00000,OCER,0.01035868447153291
UKJ00000,RAPE,0.005463482129400667
UKJ00000,PULS,9.610229162344334
UKJ00000,POTA,426.9309727720701
UKJ00000,MAIF,50.29144604209956
UKJ00000,OFAR,0.005102289212201298
UKJ00000,OSET,1.0
UKJ00000,VSET,972.9650583817063
UKK00000,SWHE,5.00764899662898
UKK00000,BARL,2.485769485132028
UKK00000,OATS,16.17203615056005
UKK00000,OCER,0.3028472014232889
UKK00000,RAPE,0.01481539087314327
UKK00000,PULS,0.7127789229227665
UKK00000,POTA,1022.788191213394
UKK00000,MAIF,18.66233827782471
UKK00000,OFAR,0.001362285400517562
UKK00000,OSET,1.0
UKK00000,VSET,673.4571915309582
UKL00000,SWHE,41.11747349511541
UKL00000,BARL,20.57735199357571
UKL00000,OATS,65.56928907638063
UKL00000,RAPE,0.2510576700120065
UKL00000,PULS,246.2814401956291
UKL00000,POTA,622.4424286802705
UKL00000,MAIF,28.68771514266998
UKL00000,OFAR,0.4580638930989508
UKL00000,OSET,1.0
UKL00000,VSET,1000.0
UKM00000,SWHE,11.24528936549575
UKM00000,BARL,2.0496804228114
UKM00000,OATS,5.885958065481772
UKM00000,OCER,0.1079778479658344
UKM00000,RAPE,0.01051450199323987
UKM00000,PULS,215.6792448260531
UKM00000,POTA,104.4275075649328
UKM00000,OFAR,8.169293940443501e-06
UKM00000,OSET,1.0
UKM00000,VSET,894.2703849771007
UKN00000,SWHE,89.49541992824315
UKN00000,BARL,14.6723582316499
UKN00000,OATS,98.2439377863692
UKN00000,POTA,0.2469223709399944
UKN00000,OFAR,3.655657577394537e-05
UKN00000,OSET,1.0
CZ020000,SWHE,0.05503391996597889
CZ020000,RYEM,11.03120375719893
CZ020000,BARL,3.455215701565186
CZ020000,OATS,135.3975411745227
CZ020000,MAIZ,19.26477357698528
CZ020000,OCER,8.665099565955774
CZ020000,RAPE,1.159675007727013
CZ020000,SUNF,17.08043772632802
CZ020000,PULS,25.20338776578673
CZ020000,POTA,85.51876647003071
CZ020000,SUGB,17.43427538145627
CZ020000,MAIF,3.684127362522583
CZ020000,OFAR,0.07956809205871992
CZ020000,FALL,5.378375267505623
CZ030000,SWHE,0.05772017412659142
CZ030000,RYEM,17.62022120433727
CZ030000,BARL,3.495664119616359
CZ030000,OATS,84.51304218006071
CZ030000,MAIZ,14.57170668770035
CZ030000,OCER,10.72663055824198
CZ030000,RAPE,0.005196420543975205
CZ030000,PULS,11.40895600251643
CZ030000,POTA,159.5526825026589
CZ030000,MAIF,2.702946688878053
CZ030000,OFAR,0.05534087311170231
CZ030000,FALL,5.256339227785054
CZ040000,SWHE,0.125567293516485
CZ040000,RYEM,58.49024120351817
CZ040000,BARL,37.53104657697941
CZ040000,OATS,26.7117154454063
CZ040000,MAIZ,17.01986253505646
CZ040000,OCER,35.06653632383747
CZ040000,RAPE,0.7504569274959495
CZ040000,SUNF,54.46251180120208
CZ040000,PULS,21.38487461785466
CZ040000,POTA,163.5299402607233
CZ040000,SUGB,58.00727167456326
CZ040000,MAIF,10.4319698714951
CZ040000,OFAR,0.1004334586593362
CZ040000,FALL,2.701098674863379
CZ050000,SWHE,0.2955949622355684
CZ050000,RYEM,18.8485762387026
CZ050000,BARL,4.91933639147641
CZ050000,OATS,95.93987638446607
CZ050000,MAIZ,16.24182298746317
CZ050000,OCER,11.38551339699089
CZ050000,RAPE,0.3283605329331573
CZ050000,SUNF,21.81188977985072
CZ050000,PULS,20.54481123807661
CZ050000,POTA,132.0905910163061
CZ050000,SUGB,24.31739464930517
CZ050000,MAIF,3.641848638238563
CZ050000,OFAR,0.05285595467490803
CZ050000,FALL,4.269006776755566
CZ060000,SWHE,0.3754851056434537
CZ060000,RYEM,10.60578456476239
CZ060000,BARL,1.971123469204203
CZ060000,OATS,86.65720956688158
CZ060000,MAIZ,5.785885374937411
CZ060000,OCER,8.135822832578786
CZ060000,RAPE,1.158178104831239
CZ060000,SUNF,12.57086628405049
CZ060000,SOYA,7.861408828911029
CZ060000,PULS,9.518990158633207
CZ060000,POTA,32.78087164465148
CZ060000,SUGB,37.14253132504209
CZ060000,MAIF,2.552011552188496
CZ060000,OFAR,0.0608959043778341
CZ060000,FALL,8.88139671235811
CZ070000,SWHE,2.082988154594334
CZ070000,RYEM,33.14472833982013
CZ070000,BARL,2.03240522200684
CZ070000,OATS,254.9951108356999
CZ070000,MAIZ,17.39193765707627
CZ070000,OCER,17.23770267092479
CZ070000,RAPE,0.4976743806879764
CZ070000,SUNF,49.38218348736932
CZ070000,PULS,24.92967607529566
CZ070000,POTA,94.00619355837014
CZ070000,SUGB,18.45787391044978
CZ070000,MAIF,5.94843536131554
CZ070000,OFAR,0.1015099212815128
CZ070000,FALL,13.8589429300258
CZ080000,SWHE,0.6308661986627905
CZ080000,RYEM,27.12867312252569
CZ080000,BARL,5.546400080051293
CZ080000,OATS,12.47311993674207
CZ080000,MAIZ,15.68296579116146
CZ080000,OCER,20.73007975877728
CZ080000,RAPE,0.0184348396631824
CZ080000,POTA,98.47863396560763
CZ080000,SUGB,53.08517358155893
CZ080000,MAIF,10.20018214467148
CZ080000,OFAR,0.1133587444809292
CZ080000,FALL,15.10457361546224
EE000000,SWHE,0.453409393801871
EE000000,RYEM,1.659484980794914
EE000000,BARL,0.2731813839246263
EE000000,OATS,0.3247254425553094
EE000000,OCER,0.07801676037991886
EE000000,RAPE,0.00813280456770955
EE000000,PULS,10.45908864044951
EE000000,POTA,11.24815654740094
EE000000,OFAR,0.0001010819210623568
EE000000,FALL,2.273952631499056
HU100000,SWHE,1.77170170988622
HU100000,RYEM,3.191389993079442
HU100000,BARL,5.010664273369659
HU100000,OATS,8.49609779384489
HU100000,MAIZ,0.150072896965856
HU100000,OCER,10.08216942818802
HU100000,RAPE,4.879923561326041
HU100000,SUNF,6.583425922806886
HU100000,POTA,68.28604004745272
HU100000,SUGB,45.76507232339492
HU100000,MAIF,7.253675239472845
HU100000,OFAR,0.2300479464531771
HU100000,FALL,1.269572589398289
HU210000,SWHE,0.4972705278609282
HU210000,RYEM,8.55523535850798
HU210000,BARL,3.036787323925903
HU210000,OATS,11.38617124577139
HU210000,MAIZ,0.3738361422124539
HU210000,OCER,6.026600622845804
HU210000,RAPE,3.942181294976931
HU210000,SUNF,5.320762058963294
HU210000,PULS,25.28988282398114
HU210000,POTA,44.0868479714581
HU210000,SUGB,50.08145708913106
HU210000,MAIF,2.59368598811476
HU210000,OFAR,4.356024931395946
HU210000,FALL,1.679717229846916
HU220000,SWHE,0.9210855660544373
HU220000,DWHE,5825.303231265592
HU220000,RYEM,13.12374607626608
HU220000,BARL,1.590682302801813
HU220000,OATS,7.842871226858755
HU220000,MAIZ,1.187200149706433
HU220000,OCER,4.85889084179149
HU220000,RAPE,4.303923182277781
HU220000,SUNF,7.571167640682883
HU220000,SOYA,40.53210491728959
HU220000,PULS,28.79779983241279
HU220000,POTA,147.5641125814594
HU220000,SUGB,7.136348816488439
HU220000,MAIF,30.72026823525032
HU220000,OFAR,0.01956653686833413
HU220000,FALL,1.451248623057195
HU230000,SWHE,0.6914793265891197
HU230000,DWHE,46.54604466480255
HU230000,RYEM,16.45509275747932
HU230000,BARL,3.08961312676557
HU230000,OATS,14.99645885279952
HU230000,MAIZ,0.3877321777318463
HU230000,OCER,4.283804451749669
HU230000,RAPE,5.547333051333891
HU230000,SUNF,1.549982212631304
HU230000,SOYA,5.63994726860517
HU230000,PULS,10.1708496472899
HU230000,POTA,114.3117668375831
HU230000,SUGB,22.15993805045779
HU230000,MAIF,9.19960081755643
HU230000,OFAR,1.973263313927638
HU230000,FALL,1.511731877832626
HU310000,SWHE,0.4373372181808165
HU310000,RYEM,11.9279981998118
HU310000,BARL,1.256398252336534
HU310000,OATS,6.415064005853695
HU310000,MAIZ,3.930243309788326
HU310000,OCER,2.260227683525394
HU310000,RAPE,4.355224400132142
HU310000,SUNF,0.5259853193808809
HU310000,PULS,10.97487673461421
HU310000,POTA,80.09434828715861
HU310000,SUGB,41.08436069709965
HU310000,MAIF,56.6319822044374
HU310000,OFAR,0.04399843525761495
HU310000,FALL,0.5468735461083318
HU320000,SWHE,0.3100398726555735
HU320000,DWHE,907.3447039151731
HU320000,RYEM,1.429370544507307
HU320000,BARL,1.741002417997856
HU320000,OATS,5.4871333342075
HU320000,MAIZ,0.7575457524757779
HU320000,OCER,2.018399005958482
HU320000,RAPE,6.954580742038266
HU320000,SUNF,0.07878527016004033
HU320000,PULS,9.640923688797294
HU320000,POTA,38.11651459518859
HU320000,SUGB,3.717466904075059
HU320000,MAIF,1.217432025910161
HU320000,OFAR,0.05397893218511117
HU320000,FALL,0.4592951395127162
HU330000,SWHE,0.3548151811980617
HU330000,DWHE,322.4197506179253
HU330000,RYEM,2.425472976708594
HU330000,BARL,1.16996211631493
HU330000,OATS,3.757366252063036
HU330000,MAIZ,0.7994501556135316
HU330000,OCER,2.152670331696357
HU330000,RAPE,6.545535096268219
HU330000,SUNF,0.7677827996850506
HU330000,SOYA,21.73790438439064
HU330000,PULS,11.09802503229763
HU330000,POTA,67.69990947586642
HU330000,SUGB,5.484444358944259
HU330000,MAIF,2.071524373833702
HU330000,OFAR,0.07346966660380702
HU330000,FALL,0.8419548404002853
LT000000,SWHE,0.3375752984706439
LT000000,RYEM,0.5657584734938732
LT000000,BARL,0.157034100350073
LT000000,OATS,0.9383052782938174
LT000000,OCER,0.002002934105262903
LT000000,RAPE,0.00369737670908404
LT000000,PULS,1.595250946478546
LT000000,POTA,5.036410376764338
LT000000,SUGB,20.45513790848093
LT000000,MAIF,2.534763551768324
LT000000,OFAR,0.04326759417666542
LT000000,FALL,0.5044269328516714
LV000000,SWHE,0.1372760748983241
LV000000,RYEM,0.3031683280136428
LV000000,BARL,0.08497022971624026
LV000000,OATS,0.2269672051079412
LV000000,OCER,0.0078616418668243
LV000000,RAPE,0.01199569189714314
LV000000,PULS,7.345557434868888
LV000000,POTA,2.187307209830788
LV000000,SUGB,4.552468698171277
LV000000,MAIF,0.4953016680637665
LV000000,OFAR,0.001070999143683005
LV000000,FALL,0.9009899227495602
PL110000,SWHE,1.603102644908474
PL110000,RYEM,0.97895476999919
PL110000,BARL,3.239813174999453
PL110000,OATS,1.013692686970467
PL110000,MAIZ,8.64897622724045
PL110000,OCER,0.1394604962048992
PL110000,RAPE,0.0565658374756121
PL110000,PULS,11.10062172578778
PL110000,POTA,0.7222222432771134
PL110000,SUGB,27.35952317008353
PL110000,MAIF,4.48659757073297
PL110000,OFAR,3.295065748536621
PL110000,FALL,0.8501927546783752
PL120000,SWHE,1.300953146112208
PL120000,RYEM,0.6896234333827886
PL120000,BARL,3.314836954278771
PL120000,OATS,0.4730816967940852
PL120000,MAIZ,6.949741450967523
PL120000,OCER,0.07339259463867294
PL120000,RAPE,0.0230804277486945
PL120000,PULS,3.768655848708602
PL120000,POTA,0.8175498039555941
PL120000,SUGB,27.14833602287016
PL120000,MAIF,1.984323642944194
PL120000,OFAR,0.8939862343534984
PL120000,FALL,0.4175177748400757
PL210000,SWHE,0.6804219755203609
PL210000,RYEM,4.766965744711913
PL210000,BARL,3.01467540521864
PL210000,OATS,3.246176260089178
PL210000,MAIZ,15.40385355108414
PL210000,OCER,1.146129466798668
PL210000,RAPE,0.1008071595879682
PL210000,PULS,20.09909189434842
PL210000,POTA,0.1221291116535968
PL210000,SUGB,193.1788607188744
PL210000,MAIF,16.8636014285795
PL210000,OFAR,0.8749545381340535
PL210000,FALL,0.9943928966833514
PL220000,SWHE,5.903098212324204
PL220000,RYEM,6.179361646851807
PL220000,BARL,3.277611159386917
PL220000,OATS,2.028738308617159
PL220000,MAIZ,9.67952960371905
PL220000,OCER,4.421162646375421
PL220000,RAPE,0.01928439988618197
PL220000,POTA,0.3121142731111597
PL220000,SUGB,88.78419969256827
PL220000,MAIF,15.9247853807561
PL220000,OFAR,3.731701606099857
PL220000,FALL,0.7081332466839982
PL310000,SWHE,0.2588734749964948
PL310000,RYEM,3.234155503237055
PL310000,BARL,1.560395034274184
PL310000,OATS,1.266823921070762
PL310000,MAIZ,7.049081330168836
PL310000,OCER,0.09956927431228697
PL310000,RAPE,0.01429609407643022
PL310000,PULS,6.632664236290561
PL310000,POTA,1.343732728961216
PL310000,SUGB,11.40246435326903
PL310000,MAIF,6.380718321798537
PL310000,OFAR,1.625157905514408
PL310000,FALL,0.8436283375423224
PL320000,SWHE,0.08943424872084584
PL320000,RYEM,9.113280374107978
PL320000,BARL,6.483256669477765
PL320000,OATS,3.843637812255789
PL320000,MAIZ,11.77714082172471
PL320000,OCER,1.696299285013694
PL320000,RAPE,0.0266425762605374
PL320000,PULS,23.24220864247599
PL320000,POTA,0.1295222185367376
PL320000,SUGB,41.39815402504259
PL320000,MAIF,10.96644358534403
PL320000,OFAR,1.80749922363764
PL320000,FALL,0.5539588111031339
PL330000,SWHE,0.8258345477022815
PL330000,RYEM,0.8875928046931967
PL330000,BARL,0.9759397700434275
PL330000,OATS,0.4164015446525637
PL330000,OCER,0.005402639793417656
PL330000,RAPE,0.09008294101439114
PL330000,PULS,8.10482278598677
PL330000,POTA,2.908712053631435
PL330000,SUGB,26.9747869499657
PL330000,MAIF,9.712628062807944
PL330000,OFAR,2.521536185394219
PL330000,FALL,1.068252821733598
PL340000,SWHE,2.160769631091632
PL340000,RYEM,0.7474048764371248
PL340000,BARL,4.691591154813816
PL340000,OATS,0.6219613182831889
PL340000,MAIZ,51.40351765001614
PL340000,OCER,1.271801331702522
PL340000,RAPE,0.1538410282731666
PL340000,PULS,40.88777414130178
PL340000,POTA,1.57786596410507
PL340000,SUGB,55.59894143305585
PL340000,MAIF,3.836762189707267
PL340000,OFAR,2.419997347217723
PL340000,FALL,1.319266758363473
PL410000,SWHE,0.4902031455089009
PL410000,RYEM,0.6168764605652751
PL410000,BARL,0.865030186881678
PL410000,MAIZ,0.01669014245871496
PL410000,RAPE,0.004716769439059554
PL410000,PULS,4.071274907470932
PL410000,POTA,2.681808366193274
PL410000,SUGB,10.15303442574075
PL410000,MAIF,0.9139356551413552
PL410000,OFAR,2.210302756611473
PL410000,FALL,0.9820673270604808
PL420000,SWHE,0.8321477503684201
PL420000,RYEM,0.620377185554831
PL420000,BARL,1.20281656090889
PL420000,OATS,0.1879643648587661
PL420000,OCER,0.004701935648174969
PL420000,RAPE,0.003412291081222612
PL420000,PULS,9.38422771576508
PL420000,POTA,7.505519676665134
PL420000,SUGB,19.1009050640438
PL420000,MAIF,8.598778426744325
PL420000,OFAR,1.272313150803045
PL420000,FALL,0.3942025488586363
PL430000,SWHE,1.994722534601155
PL430000,RYEM,0.8895874467701016
PL430000,BARL,1.925362685189492
PL430000,OATS,0.5585775505820632
PL430000,MAIZ,4.066427786918696
PL430000,OCER,0.9622773001617742
PL430000,RAPE,0.01357729185954502
PL430000,PULS,16.48603865272116
PL430000,POTA,9.048510283110947
PL430000,SUGB,29.26140896743292
PL430000,MAIF,5.786497815984498
PL430000,OFAR,8.07135225732162
PL430000,FALL,0.6225296162631843
PL510000,SWHE,1.467711157027219
PL510000,RYEM,3.068619998594616
PL510000,BARL,3.261955321367657
PL510000,OATS,3.43793085593989
PL510000,MAIZ,2.345005064276926
PL510000,OCER,6.752059306632963
PL510000,RAPE,0.003194128510235256
PL510000,PULS,23.78983711988477
PL510000,POTA,5.630043756591708
PL510000,SUGB,24.05833743284141
PL510000,MAIF,9.505237197170098
PL510000,OFAR,4.625179120985141
PL510000,FALL,0.5996741081393585
PL520000,SWHE,2.490548217289773
PL520000,RYEM,3.311145246459675
PL520000,BARL,7.937945390172756
PL520000,OATS,11.81913594910256
PL520000,MAIZ,4.620544651488468
PL520000,OCER,10.32607762889467
PL520000,RAPE,0.005097746541196827
PL520000,PULS,68.69708678956506
PL520000,POTA,8.803048398347096
PL520000,SUGB,29.17890969857187
PL520000,MAIF,5.80229186488327
PL520000,OFAR,18.35672474159839
PL520000,FALL,2.58819327026608
PL610000,SWHE,1.07783997513597
PL610000,RYEM,0.6416394710507715
PL610000,BARL,3.204174477257662
PL610000,OATS,2.353166946575695
PL610000,MAIZ,6.437976277154873
PL610000,OCER,1.153539088717455
PL610000,RAPE,0.006965658928221873
PL610000,PULS,20.10684904380238
PL610000,POTA,3.460670497516456
PL610000,SUGB,9.521760871264025
PL610000,MAIF,2.034171364965368
PL610000,OFAR,2.594295629326036
PL610000,FALL,1.523758560514807
PL620000,SWHE,1.051729739864849
PL620000,RYEM,1.028124883292053
PL620000,BARL,3.248752523566423
PL620000,OATS,0.7918813592988702
PL620000,MAIZ,5.405532770394199
PL620000,OCER,1.661291368888688
PL620000,RAPE,0.00393321293608863
PL620000,PULS,9.53217195346038
PL620000,POTA,7.108935912806625
PL620000,SUGB,39.92322008979454
PL620000,MAIF,6.328376065200089
PL620000,OFAR,0.4448086393453476
PL620000,FALL,0.4470221358336416
PL630000,SWHE,1.72845735969069
PL630000,RYEM,0.8919380082925057
PL630000,BARL,3.952198407128158
PL630000,OATS,1.762972596502299
PL630000,OCER,0.005385616367719113
PL630000,RAPE,0.00594869493346013
PL630000,PULS,16.10550579422565
PL630000,POTA,3.520089210458477
PL630000,SUGB,56.81848066218623
PL630000,MAIF,15.253409218455
PL630000,OFAR,1.394478754588545
PL630000,FALL,0.6885267025865902
SI000000,SWHE,2.423090782381829
SI000000,BARL,36.45708743946516
SI000000,OATS,71.48048805371013
SI000000,MAIZ,0.2931555207171045
SI000000,OCER,21.07809708774199
SI000000,POTA,146.800118708175
SI000000,SUGB,91.22567583857703
SI000000,MAIF,0.5516204902695692
SI000000,OFAR,20.67721783383704
SK010000,SWHE,12.24296110263966
SK010000,RYEM,17.58614794449008
SK010000,BARL,14.06745056440594
SK010000,OATS,40.14265377915756
SK010000,MAIZ,0.02210256239334387
SK010000,RAPE,7.994305243888218
SK010000,SUNF,26.61077571678753
SK010000,PULS,70.96831703733326
SK010000,POTA,540.6022517656345
SK010000,MAIF,9.657659461128542
SK010000,OFAR,6.145942316692454
SK010000,FALL,71.45346254205117
SK020000,SWHE,1.092790647939101
SK020000,DWHE,23.58643537560094
SK020000,RYEM,9.326361681303327
SK020000,BARL,1.499561238747072
SK020000,OATS,6.860219891827116
SK020000,MAIZ,1.992373997882811
SK020000,OCER,10.63378655869643
SK020000,RAPE,1.605430178768322
SK020000,SUNF,3.270004839968755
SK020000,PULS,1.256807498366449
SK020000,POTA,65.00169355466433
SK020000,SUGB,18.14079849106109
SK020000,MAIF,0.02436418488990886
SK020000,OFAR,12.82538629673681
SK020000,FALL,19.0606719180309
SK030000,SWHE,2.500848156518182
SK030000,RYEM,10.76975297030005
SK030000,BARL,2.709981209089171
SK030000,OATS,18.78844004010751
SK030000,MAIZ,9.0630023923142
SK030000,OCER,21.41852200232208
SK030000,RAPE,2.874265406603041
SK030000,SUNF,12.65803993144566
SK030000,SOYA,54.5258378733497
SK030000,PULS,25.86005058370038
SK030000,POTA,141.4738479465765
SK030000,SUGB,16.15048844078594
SK030000,MAIF,0.0339975831776746
SK030000,OFAR,9.792250020338564
SK030000,FALL,60.9609722933325
SK040000,SWHE,2.142120357498331
SK040000,RYEM,7.703119886560145
SK040000,BARL,1.23749843439516
SK040000,OATS,4.724844924574018
SK040000,MAIZ,3.031544398312737
SK040000,OCER,11.87845334123989
SK040000,RAPE,1.79191822241811
SK040000,SUNF,2.947914525367847
SK040000,SOYA,9.199554562257294
SK040000,PULS,6.628749006814652
SK040000,POTA,43.84654338865658
SK040000,SUGB,49.66349188572183
SK040000,MAIF,0.03275655288183602
SK040000,OFAR,4.364357564771143
SK040000,FALL,13.13379482773271
CY000000,DWHE,0.06654773870650567
CY000000,BARL,7.088117884840096
CY000000,POTA,0.3951854461987341
CY000000,OFAR,0.0441689017228467
CY000000,FALL,15.4005430607921
BG010000,SWHE,0.572280385432729
BG010000,BARL,4.511020241962676
BG010000,OATS,8.167237068215343
BG010000,MAIZ,0.826220180137626
BG010000,OCER,11.98780540290179
BG010000,RAPE,9.511874301605516
BG010000,SUNF,3.450992189033223
BG010000,PULS,0.2179110016987043
BG010000,MAIF,4.128644933332151
BG010000,OFAR,0.3863412361468788
BG010000,FALL,0.6606610667635279
BG020000,SWHE,0.6603936987768808
BG020000,DWHE,25.89808071381189
BG020000,BARL,2.143928295733043
BG020000,OATS,4.181108640424105
BG020000,MAIZ,0.07734575273749088
BG020000,OCER,10.15570016026526
BG020000,SUNF,0.04969254696792889
BG020000,SOYA,31.61529206499876
BG020000,PULS,47.87436516760798
BG020000,POTA,208.7991773232714
BG020000,MAIF,0.609246599226907
BG020000,OFAR,0.1572153469335396
BG020000,FALL,0.6366273245060823
BG030000,SWHE,0.1630025484267454
BG030000,BARL,1.928829358581666
BG030000,OATS,1.804751523077381
BG030000,MAIZ,0.2337808349387233
BG030000,OCER,3.36043182134399
BG030000,RAPE,9.61925548278511
BG030000,SUNF,0.03328528720580946
BG030000,SOYA,7.574014440113729
BG030000,PULS,0.02135416699839011
BG030000,MAIF,1.050148096649777
BG030000,OFAR,0.1011013069657804
BG030000,FALL,1.115957491694515
BG040000,SWHE,2.150033473579149
BG040000,RYEM,17.26613270853575
BG040000,BARL,9.642395475584715
BG040000,OATS,20.67746417081204
BG040000,MAIZ,0.01237625231105608
BG040000,SUNF,0.03105504503021824
BG040000,PULS,61.8752916408676
BG040000,POTA,64.3667868376714
BG040000,MAIF,3.931053192116991
BG040000,OFAR,0.03611279911929017
BG040000,FALL,0.748838580072674
BG050000,SWHE,0.7452659752391035
BG050000,DWHE,25.23548989619278
BG050000,RYEM,3.855002140838597
BG050000,BARL,1.871779491763609
BG050000,OATS,5.923001140496364
BG050000,MAIZ,2.634141823259576
BG050000,OCER,7.414273448641823
BG050000,SUNF,0.001917427399630852
BG050000,PULS,78.0104292623042
BG050000,POTA,48.20453388676029
BG050000,MAIF,0.8945255929168343
BG050000,OFAR,0.2889676474409492
BG050000,FALL,0.5277629584112247
BG060000,SWHE,0.976387568245777
BG060000,RYEM,23.92373684388048
BG060000,BARL,2.342208048129122
BG060000,OATS,11.2548422082057
BG060000,MAIZ,0.008016924950532297
BG060000,RAPE,24.78917655310416
BG060000,SUNF,0.07402597957507426
BG060000,PULS,0.04290744632692348
BG060000,MAIF,3.063169210966133
BG060000,OFAR,0.03396699115945491
BG060000,FALL,1.199117655314023
RO010000,SWHE,0.4565494951265214
RO010000,RYEM,10.95225445401608
RO010000,BARL,3.058521062215709
RO010000,OATS,2.241220671955301
RO010000,MAIZ,0.0003509409405597573
RO010000,RAPE,18.82583968149106
RO010000,SUNF,0.08777963744745412
RO010000,SOYA,3.041482648307305
RO010000,PULS,21.59072956868006
RO010000,POTA,125.6287414322873
RO010000,SUGB,2.069007828201719
RO010000,MAIF,2.290124314081778
RO010000,OFAR,0.7899703824378422
RO010000,FALL,1.876882517644034
RO020000,SWHE,0.3849787747375478
RO020000,BARL,0.7710733971833159
RO020000,OATS,3.090644948788989
RO020000,MAIZ,0.0003562659295352889
RO020000,RAPE,2.725046047434043
RO020000,SUNF,0.0987210525381985
RO020000,SOYA,0.4788569650980701
RO020000,PULS,1.84372737365593
RO020000,POTA,427.2447483242557
RO020000,SUGB,33.97250559452007
RO020000,MAIF,0.2877436367372632
RO020000,OFAR,12.42824020041863
RO020000,FALL,0.9144668632845077
RO030000,SWHE,0.3319617261012028
RO030000,BARL,0.6244361450773995
RO030000,OATS,2.154120061361448
RO030000,MAIZ,0.0004048902222045141
RO030000,RAPE,3.510999548034757
RO030000,SUNF,0.08526871100664044
RO030000,SOYA,0.5503692076371344
RO030000,PULS,1.7598429322421
RO030000,POTA,299.9760927158886
RO030000,MAIF,1.184768268093429
RO030000,OFAR,5.368206501510736
RO030000,FALL,1.28090558368931
RO040000,SWHE,0.3877749183275992
RO040000,RYEM,4.936644260962619
RO040000,BARL,1.543012519270268
RO040000,OATS,4.305457567117449
RO040000,MAIZ,0.0005014003347864493
RO040000,RAPE,20.76230756945993
RO040000,SUNF,0.06643650198057041
RO040000,SOYA,4.494765529782095
RO040000,PULS,13.31671347256613
RO040000,POTA,310.3115451609244
RO040000,SUGB,41.85444963925476
RO040000,MAIF,0.1316972773951703
RO040000,OFAR,14.74133977482627
RO040000,FALL,1.198351775250494
RO050000,SWHE,0.8213208019000973
RO050000,BARL,0.8896766458244499
RO050000,OATS,2.741789461662608
RO050000,MAIZ,0.0007961620201913679
RO050000,SUNF,0.3911137485632433
RO050000,SOYA,1.249866140515284
RO050000,PULS,17.79980288968044
RO050000,POTA,35.33748157596338
RO050000,SUGB,44.6336362547673
RO050000,MAIF,2.307745871300094
RO050000,OFAR,1.329686470010652
RO050000,FALL,0.9050125602590259
RO060000,SWHE,0.9201914883563487
RO060000,RYEM,8.555563516814107
RO060000,BARL,1.653941015577385
RO060000,OATS,1.9833388060174
RO060000,MAIZ,0.4344484814372399
RO060000,OCER,5.439657226779263
RO060000,RAPE,13.33657577239588
RO060000,SUNF,0.1457583640839422
RO060000,SOYA,11.64682751989209
RO060000,PULS,38.21304711180177
RO060000,POTA,136.5702185437475
RO060000,SUGB,9.92146221529665
RO060000,MAIF,3.980586257698663
RO060000,OFAR,0.4530470396057094
RO060000,FALL,1.1235555107556
RO070000,SWHE,1.262696745287427
RO070000,RYEM,15.19955663197186
RO070000,BARL,1.358297613278304
RO070000,OATS,2.144577233720093
RO070000,MAIZ,0.5447546056721863
RO070000,OCER,10.85204058755925
RO070000,SUNF,0.04268048826200732
RO070000,POTA,14.85560175579763
RO070000,SUGB,16.38359141105373
RO070000,MAIF,4.315539684925848
RO070000,OFAR,0.3339817865867568
RO070000,FALL,1.030633163446547
RO080000,SWHE,4.892373371591749
RO080000,BARL,8.896009527211163
RO080000,OATS,27.50586743731034
RO080000,MAIZ,0.007972867576660573
RO080000,SUNF,0.01440149059319396
RO080000,MAIF,45.09272450535227
RO080000,OFAR,37.34901821448214
RO080000,FALL,11.48225605193051
