model_region,FCER,FCOM,FEED,FGRA,FMAI,FMIL,FOFA,FOTH,FPRO,FROO,FSGM,FSTR
AT11,51967.82261126345,812.5099249952145,16690.42679049821,61957.781496956326,78375.35443256157,3597.841869906307,58427.46159290319,3149.4284385823007,15144.644107148717,425.2802583323046,57.846632050572005,1279.7466097895465
AT12,52099.5473622602,2142.6091059312316,16598.987634470173,104208.13683439366,83444.60003233081,3567.5055786555213,33029.86865139834,3432.247390745263,19666.510352125588,215.24149496674934,62.13573456820365,1426.3569671939833
AT21,49638.24789470249,5075.206228407075,16599.47812619751,220869.21059736653,47501.31396788275,3546.802320102846,17590.54382429173,3102.28848575257,16119.437194362998,137.0435176799571,75.38932173357458,1253.533141361945
AT22,49096.266867217266,3822.204812098176,16721.147980565107,223126.35319692348,40040.81972868591,3547.6368433178536,16420.139317801928,3243.64517048575,20076.3735511488,112.80979133990184,63.60786980038947,1314.3675443272507
AT31,52753.60709165503,3645.101767979701,16543.243136086072,178995.64909304227,72624.23381969961,3546.477293117556,16553.762278429407,3546.922597901678,20120.18804630164,170.723894884475,60.780693688991015,2143.1910164130713
AT32,51848.417479067706,4114.927506802508,16420.43151508088,294267.3105463679,4685.025499955939,3541.394629943739,3084.9169436156503,3218.9096526377216,14307.507043846164,137.4178804329603,148.45182105911837,598.3815536060368
AT33,51595.96901667491,2973.39408634722,16608.11543949918,286701.56717313844,9671.595810108924,3545.6409144088375,2755.8913368395743,3240.354866462244,14392.74660056038,131.75566058894577,175.970306080798,556.2259644545222
AT34,13941.868288012934,3288.504079265267,6602.887450592664,269188.826615354,14821.570724305388,3541.2258069016384,2464.552215806376,3213.637831309347,5792.400512106392,222.3209387614469,139.62738529554719,499.6059874715582
BE21,38617.85970943492,908.9226448895547,22033.767961597794,40525.44312323093,113481.84210078375,4815.51531625202,26078.195924588013,40430.905854746285,32382.84965353016,4592.846001145349,28.667594424966463,413.67246626210544
BE22,40897.741796492934,1110.6421421588436,20977.75270319341,44513.01252557449,117534.1973722039,4846.920851153357,20776.580917970226,30441.202610159078,26608.0310295001,3275.760544978047,27.3268744416113,920.764559962398
BE23,39632.112383853,2004.8085257357461,21748.03136777169,56216.49422220794,119793.87857839008,4817.579627995535,15113.85722106102,40768.43002776299,28603.157075965493,6989.5377624382245,27.24877436913656,1014.7084961945211
BE24,42014.98936752639,1513.4033430018605,20431.077212318094,66874.02089166106,95006.3972819457,4912.7940822002365,19223.479970442477,26631.043478864944,22490.132319243763,5532.210087664985,27.60141447853576,913.4138839780973
BE25,35733.668310889116,2002.943201976599,22302.09499686071,57693.415307642,109656.75391975297,4844.382357984977,14117.48048193757,44115.46287774903,39557.99022055076,6004.012984963593,26.89837487937239,1060.9782613691716
BE31,44258.655830150194,1314.4097020277427,19096.15341712153,62841.70110388293,88085.17504293723,4989.666050065025,13986.17343422862,22360.677756734356,21389.42359703211,4608.086729176967,27.49742676831561,944.8799904556641
BE32,41189.2028827149,1759.8758932914136,21338.89788532141,82863.84449050354,88752.80951427543,4902.6219648977485,11280.780983188226,36669.3690464879,25406.464860029133,3466.549567015726,27.436946739487887,971.8890654211846
BE33,43945.88134492737,1492.6874488717567,22648.122702630404,144325.07434041423,38888.925970826574,4854.336198753018,8606.129322974215,37861.37625528802,26467.775459702876,2077.651818009571,27.720611538478312,918.1463936028738
BE34,43663.902634206504,3284.4869781808584,22731.90232403659,139718.9617210762,25300.96558806677,4846.303369976096,21935.667810114348,35562.377215587854,23852.144971097845,876.4054593677542,29.612813674046226,676.374072943422
BE35,41861.53670350124,2191.6689242737016,21465.02844387963,110187.99690569325,60901.14440729772,4898.145199156562,12843.532110384116,31657.350476492054,24436.036459694405,1861.4138203426548,28.660718681359654,921.8897453633551
CY00,86226.63826682015,593.6402465227851,143519.61380212824,879.1931874127383,2589.885766148892,5856.943283385126,17113.430871741268,3419.2749846547767,54916.40515263711,1132.647426657985,199.01660205218414,442.8577047032649
CZ01,54049.16319543066,945.239246907486,14647.066932652166,9153.980433170838,83093.23615456793,5375.171427065223,44616.52981164428,3308.243133842569,23022.018390724494,5849.891338323902,22.224849394533468,4195.771852539271
CZ02,47138.65107023623,1625.7097115217287,15948.309481052567,43339.98398020044,96188.63583612899,5351.589309967769,26865.67977470463,3413.2020239004014,36235.24903306399,475.9164664386296,23.64961309468229,4275.617067931285
CZ03,51028.35876851703,3396.161615268942,15818.391738981578,99415.02483913352,79717.83834005966,5327.261293284742,15477.54834233559,3385.265773114533,33210.807603874426,151.40025578131312,23.275494275415113,4190.065553721622
CZ04,52263.8267387547,2477.792770868291,14669.488005903015,155276.38204940176,37392.18741950662,5353.520565156538,14242.917584545108,3171.0067409918174,22305.171810812888,219.60261313589044,23.30425588481992,3918.967824427047
CZ05,53506.41998283807,2657.6654373975307,15528.769763589573,85594.82385176401,74978.92159368133,5323.598744262115,18823.394776656874,3383.933145775432,30863.409676783343,353.5580082890523,23.538237942489307,4182.23020770551
CZ06,51877.47126824725,2076.1717032776214,15884.196515992726,41104.35827153501,100714.30362117107,5336.441443867226,26155.996665359227,3515.5454212956956,34718.271757716444,296.50190283123374,23.909524878929325,4382.0850658435675
CZ07,54034.26260748852,2499.116143343963,15045.735981071373,91872.4479282435,71871.03812258963,5327.551094221215,18866.06800166513,3301.1956838430183,25567.31494088018,371.5753746294617,23.603734584383318,4099.930164206615
CZ08,54197.00875905349,3149.4458888545664,14446.622220162668,124655.28055218408,52835.39611540037,5322.655595967952,12070.54595211098,3232.358203946232,21783.938786616764,224.9906973858666,24.247631718200832,4009.3223079690197
DE11,54245.87780149952,1452.0601945865762,21592.19443386809,186768.6289117723,66711.83949477051,3986.3807547905735,24482.691124308472,2130.9116186314714,19475.827537265013,415.32749695528344,26.425772212878314,2559.7398420682157
DE12,51782.52938962816,1035.854486004218,21822.727852358497,224665.15327592276,37242.63799680279,4039.2812232849624,31777.268516459477,2050.9945503421804,14940.560762712612,468.53778724978196,29.419605859404626,2358.9797244402225
DE13,53543.020977357766,2070.703268657901,21321.65204318781,283887.6276879657,5459.874997839644,3965.8556676811586,22131.219511598654,2103.8946799190308,15210.322925928032,472.8191615812561,28.739399986819024,2458.967620443505
DE14,59618.04199943493,1790.898157743349,21654.853024427026,215260.3925294491,26197.695994160345,3937.5800911012598,17857.162449638545,2206.1726239033296,19326.649996573597,275.5823274534247,25.947685030742928,2710.6530540277445
DE21,54524.499768848415,2167.164346729061,21052.71913443375,203899.73300865412,100102.23033831609,3951.405039916682,20174.110341064305,2276.5888518142215,20191.567535156337,219.40404494327993,25.26892662708042,2956.819363426762
DE22,49196.81349539231,1500.8098663626977,20838.05725874186,147182.97119536137,121677.67873354231,3957.8089837558823,26249.28703591905,2189.0214519357223,21842.33148022981,306.32466302396557,24.56536782062845,2742.4737666137453
DE23,55395.4650197013,2064.9393803039593,21111.233019429266,158252.5254481221,82170.28938172117,3933.545328402262,21361.146058129038,2223.554921795034,19815.845741088197,361.1836547585596,25.071481625153194,2791.566853074112
DE24,55306.365016934,1496.492915760614,21218.902161549824,166069.5545953374,62675.81457404478,3956.3284002808264,25141.56353221462,2162.6748248915396,17803.746757805842,514.446529421392,25.59707457032991,2628.1785895760313
DE25,16154.857874057441,1518.785994762859,6999.692360101952,131237.1298070878,83302.6975107019,3944.7627424028838,18070.825272474285,2174.733826772026,9596.513189398816,301.984725891147,25.777174402392934,2627.72007942043
DE26,50909.37048713456,772.7560764259853,21141.29244721391,182139.05976591562,50883.94949144927,4067.9973402952346,49487.99848512499,2067.5008304380513,15334.221821590234,736.4322675332986,27.047667395807473,2473.710079829506
DE27,57377.81007546455,2368.7148889922673,21211.59095017994,236442.70162893293,49414.056866181534,3925.006231153042,18742.217646726473,2257.606851985724,19459.261703569493,170.01955223224556,24.812310284261116,2888.008955759492
DE40,52717.52558595487,1867.5371711524467,21166.07086926745,140929.48670667925,93348.21998546338,4096.345694389335,34628.026147539254,2149.263412880254,19634.670232021857,345.79098480616415,24.988784977899705,2608.119560043686
DE71,49688.516555911294,1415.91950063956,21522.37887628049,301653.5986702605,32805.14249137411,4005.9406427695703,15480.7183427145,2050.2497603311726,14676.741443615132,723.3999904622499,28.958936708684234,2439.816569897032
DE72,50130.68134849484,1805.0067202782905,21327.570962600264,272775.8122936303,59583.720685934895,3965.577197303552,11352.978411971491,2067.4995951500036,14520.519409904891,384.6024220865527,28.592032351294055,2467.0809039077585
DE73,52781.12331823037,1738.057802092873,21113.931587281637,237038.83789914896,50534.79149674131,3962.1196095786245,11717.143736356344,2139.0531895470485,16896.823144007885,395.56877635135953,25.87521986151334,2592.0829075629176
DE80,53642.51172493277,1596.530745438889,20916.717062829484,163163.39661957364,84991.34212627869,4099.116899806955,21549.938181588106,2174.4201217640634,19886.508343117217,439.39200730640044,24.955795533603663,2695.9436286588425
DE91,51734.29963845619,620.8086430585421,20358.350569973107,159221.74923473902,85654.51171474402,4139.538508276022,38029.65713431239,1974.1429748488035,17042.22031085173,1668.5386793215446,24.220214014507516,2214.3281282691783
DE92,58785.545291012095,998.4480400074701,21541.595885076396,134113.05195605606,27990.84718102132,4039.793894408112,26882.930849220185,2174.7680807689,21456.57736978599,1296.192761396025,24.508021639615414,2683.798534825571
DE93,60725.0002860056,2059.4455907450065,21394.240011370188,154834.85898569576,85387.57105786115,3968.249030199144,10314.056532623079,2313.3370223325164,23502.01329447354,288.7159339487461,24.502639004157004,2967.931638268827
DE94,53063.95939114821,2267.5293868334693,21723.469427624983,144701.64431797486,158893.74480446102,3955.41287934503,9841.900306838137,2334.5247477152693,40973.62280635919,369.9177703522065,24.423022360375686,3068.6871743746647
DEA1,49338.08582488824,2434.547419746703,20546.984819223097,112473.98014893736,181956.67352748767,3906.312676225684,10114.179853980575,2193.846373282397,18896.81065330496,831.6125979532854,24.499838668316208,2751.224415889953
DEA2,51912.888618610996,1920.3155600949688,20685.322281368288,255299.25921572355,47659.93645766337,3943.594085084513,14910.028489669954,2166.8564693654225,16378.164604890631,1174.8120734581948,28.32218994737621,2684.359758158867
DEA3,50570.86979648453,1402.1162683714936,20707.47967388023,65950.61418943961,243534.42774414385,3941.356531839682,12948.51311322966,2168.6312021363037,25550.962966420346,2146.698051995295,23.979506970924152,2759.4025562976485
DEA4,52688.1481014029,1145.2759422154581,21373.552191801475,182176.7101358588,59780.31930130403,3996.831424344497,21545.70719588106,2125.11681629767,20846.27655694407,3717.328724871376,24.894006741821997,2602.0326500564497
DEA5,51961.65469461088,2059.126162851909,21315.389124063095,268983.4417506594,45068.414479158826,3938.2121401605505,13745.561497096229,2110.7533013286716,17484.762603679334,1088.8605906366574,25.29588454653771,2556.645642696869
DEB1,49021.62582224162,1753.354667347545,21177.27695652169,304835.688925948,31733.46901794415,4008.0870377031406,22814.172886916655,2044.7105430359272,13592.051555395603,464.89236732114057,28.28486108348061,2475.2436582932764
DEB2,55174.57990938782,2356.3164052233797,21332.719656582794,244800.80779607198,25367.56401210527,3917.876056323691,11652.830484023441,2165.11243872399,16168.158443147086,315.0206048167586,26.876851760569394,2526.5296845999756
DEB3,49142.97511825884,896.0712129207606,21625.64272842038,231125.47559579337,30390.028151898794,4144.273090107206,47145.46391591435,2031.2389874453131,14845.160330046101,2079.944267954721,28.169713022770704,2398.9276345419203
DEC0,49008.02279419545,1868.206457919885,21806.284854964033,282699.13259503886,37303.111502804255,3953.9376366750935,19963.15135811867,2062.883164298714,14748.14211466166,480.97029078530437,29.332900448548532,2403.9864410593636
DEE0,56811.68260553461,1107.240725677139,21196.454036736428,125625.09356259284,69430.03506324727,4117.5735538297795,19483.479839364583,2171.9069328695095,22114.182250785354,337.91902721229934,25.098047243368473,2667.190474285142
DEF0,56738.02796256681,2132.8833937386876,20681.894766829377,185266.5261041228,86917.32810117002,3977.508223232711,26066.68106298621,2311.6608782074754,20223.79926623264,819.61775317489,27.166140752455316,3049.9776649857113
DEG0,50580.363381043,1522.2680229804132,20718.543415759188,184933.5057568547,85647.5039979763,4047.44442943751,35185.139969261334,2123.910624942999,17149.511715866724,687.0305376491083,27.372434952747557,2648.1444073947496
EE00,45699.66356396783,2462.284390237624,18466.503193956403,182228.296668304,17780.42654991855,5477.799365711439,99954.12712721778,3123.279697697357,19597.463061977076,351.1564739996477,160.38611488292497,3675.779956141411
EL30,49986.45921741742,250.5122261096603,24541.916896890216,262635.8603995741,2373.9539367299185,3821.135623558702,522.3932705113889,8925.089680558533,19514.604286419988,224.8025925474361,54.45974631038338,808.6111417455817
EL41,47856.140925782296,1685.0310158992165,23173.36506772525,222399.41294281418,31109.008240293577,3788.241557006151,3611.9862045704576,9292.339939566105,17196.832592223163,229.9094824302861,83.37480575796393,894.9719205077887
EL42,46360.76227727222,1701.2127381079638,23326.46487366926,126965.17372315693,119377.95870762445,3691.4198344087335,4320.026128829131,9392.845256284469,18349.652983609296,221.667862537355,79.16607740663294,777.0516204960076
EL43,47784.329806613234,95.71771224375625,23377.603059934874,224899.38822890617,27493.405781455825,3913.8058319831543,6577.05088250218,9669.32098036205,20344.206201272675,232.98408674501425,98.8121420218223,699.1426712321392
EL51,48235.03909991584,3387.7002032339124,25229.866312114696,223557.7341069481,14794.851084817377,3704.943179983188,23553.29218464607,9523.478876143288,23265.381255789256,226.34886091574614,70.04202344934305,906.1034818976033
EL52,45811.25937949207,1801.8998680650705,27638.481572485573,195926.29611780896,7601.378725505603,3699.5342325071024,33371.23955691601,9810.310478130312,34435.5417077874,226.8572408355245,64.14028859027191,919.854145852219
EL53,46557.890128511266,2080.288190427218,24990.784089541652,197760.93028978375,23441.633278977475,3745.5787260505804,43812.08759706013,9175.115969598171,19298.7889555291,234.3134242109705,72.83780833569355,888.9305389781019
EL54,34822.906697810555,7308.753459932668,24941.366418697606,418292.9105291554,1204.7410887857714,3707.8696406005456,1911.1802696061973,7783.260378618567,24917.790767680868,224.52865499878303,67.47913222753986,127.30101133101745
EL61,48029.35788012524,4329.721524823651,25370.138890902555,208035.56042037328,18528.971728710152,3718.3206319671053,32578.745235577586,9578.756183115129,24657.24113626095,233.1084129846507,76.23377110712757,945.7389981796971
EL62,55398.618871532606,2333.8455258503063,25082.76086713345,76.59947870239476,6564.037288153364,3775.818043452127,57796.586854355155,10940.174860001425,24464.269686742766,280.8488170707213,75.91783595862694,929.7646843329334
EL63,54978.70057070478,5898.38968421703,24423.934717515822,76.59947870239476,20791.03517572432,3693.650783653734,47665.89031430415,10598.014700017473,28649.166145352483,227.12091856343085,98.01526647012797,1404.352864188803
EL64,53474.45214836996,1902.1204432640925,25347.276739984973,76.59947870239476,17621.79842317127,3758.0755844809155,46138.33405342009,10807.910217153114,28987.91221657012,235.05753494873693,73.25742320046086,1505.5310280206545
EL65,40674.20193393675,1139.853809299057,24121.788030976673,395124.2196802558,223.23779877736172,3808.674602109356,1906.0896529441302,8480.467142333617,17122.181518752113,224.52621532332878,73.82179200031466,728.845817608744
ES11,64442.938029346784,4163.271177261532,18829.229393216196,78021.98566923803,58754.453640057196,5987.560617261951,44399.68463546581,3074.380488009314,21505.570136331764,2714.583600054744,23.519022684829814,583.121804758041
ES12,61799.76415624637,6369.901243575217,18233.34410580052,150880.46522150785,24772.38195882724,5982.265602689484,4935.748319964832,3005.582931128695,16637.581235448964,935.4447403603946,28.74856227733909,314.85644126164937
ES13,61252.23820892502,6142.996346023652,18145.672194102586,179796.23051086153,10031.286638899182,5979.070235498349,1634.1270391022317,3010.3537944121676,16008.794954086661,445.78914931710455,31.49228125688428,583.1065831976707
ES21,58205.32728200495,4901.52362497509,18036.34416242084,201905.8226071338,4276.175244999312,5984.059361678586,7089.284911193551,2943.3436142764835,14461.53424365526,289.63584897043296,35.9153991221075,3058.8556645777508
ES22,59399.035871097374,2282.797472532847,18281.90298605174,132401.9979285021,19397.02298156808,5992.739731786898,35520.38977327706,2957.6160084754706,15371.877400125157,208.44372189067667,33.08454326143181,3280.451453782596
ES23,55600.252507045596,2734.4692604600327,18176.877135226452,212511.48075696954,990.2524292436323,6008.562005052719,6712.354850371105,2805.1990787897003,14218.575275726533,167.25604077636737,29.88962899097624,2072.0659124307144
ES24,65630.97479034621,919.1466210356368,19148.132857061013,170762.99372488688,1149.6232182539347,6034.895611506138,45637.36839943847,2853.1158749849988,21627.600979267765,188.20976151064949,35.36485858681181,2647.4595003700224
ES30,57214.62116855201,4132.689718598298,18032.979305054705,195838.6574798587,1835.722577835818,6000.531175882364,6152.0850957286275,2831.5418103807638,15269.334708551132,384.9294062273879,27.9989464216429,2081.8266167449624
ES41,61024.216236938475,4129.746152249795,19073.242950232878,196106.14518182393,4814.823561673714,6034.6454424197145,33789.05902716239,2996.4336059784177,24196.92165553831,128.84776914850065,36.94138543044089,4908.989047436416
ES42,56365.875212118226,1481.1923346884685,18839.22566084896,177952.44699397357,5830.115407934287,6045.3562420395365,23993.334520285433,2997.8312519293872,23003.22958456917,154.29638695192511,40.86425372802428,2925.8370980284003
ES43,55592.671988934235,6408.992571915075,17902.37359505969,229300.5612210041,472.6541765753253,6011.792843680538,19500.024278866145,2920.805891181272,16222.054580815531,109.09771769355609,47.37319865023173,2119.174672986917
ES51,71614.63891311691,1396.9531199810904,19496.425548691324,89196.49502418502,27161.235238453493,6011.661985807226,48592.55593684233,3027.2543467163564,27611.151758867985,198.58090795790508,26.726866068089997,3860.8458218392975
ES52,60230.969789512936,992.5631845538188,18413.310849904294,124671.29698461761,11093.854910551934,6022.023299565048,26673.603559677314,2923.1633684425674,17387.24674364652,2907.247729991226,30.607147361486348,2215.046237799351
ES53,59156.71579248314,1036.0869923909843,18886.779045097308,48023.46498568335,955.1771233207777,5992.030583879367,96964.65916660774,3026.3201758437363,14990.064878495636,188.24263205043155,41.14212173767384,2467.244258917205
ES61,62276.12380697374,2431.5122007666355,18696.355081186593,220072.08017606568,1013.03168275208,6034.754799804034,9726.95470481184,3007.546892947201,20043.484069456677,489.6969398326088,41.08064078459433,3224.444118616465
ES62,59978.868424410655,194.8796444081198,17905.180259910423,190103.70623565855,3402.2428454930973,6012.927254573701,10560.121970529972,2948.109958576856,16007.8745374078,206.68839007202115,38.02814585365587,2265.1787040758722
ES70,57108.75780505845,1100.2157437770259,17781.304924001724,200747.17997912943,14321.118882615188,5989.037572386889,7675.869432403025,2999.036728236188,15322.070730939426,3964.68695495614,41.98265135084556,349.5549059651726
FI19,51433.4796457518,1244.9736568746034,18018.98758918421,2134.2848357958387,,4491.302082166751,192290.73670655274,4375.233728608268,29537.36277016684,104.64401596528128,,3584.3431288618667
FI20,47594.82936999476,1969.8176620234592,14745.99728618406,29050.856633808275,,3836.354862683278,183430.19986818012,3757.5397757545975,12796.798454205438,116.19959325982627,,3349.3102305513307
FR10,45941.38622635129,327.6269700274969,14725.933791425037,119274.87569147002,27628.4357801923,4293.217762849069,49104.630439649336,2094.4087869084824,17005.906416044283,2146.587716641737,24.89795160605243,2424.8390336524576
FRB0,44696.63958932145,1808.180532350815,16188.121663633197,104403.96439525901,34360.44383466868,4189.9575493439725,84259.41865655137,2144.401745949932,23445.898711415724,1780.7675225590954,28.52190914162776,2529.3994879544266
FRC1,47169.94477632736,3973.8691976975106,16068.085512891836,199822.10438660564,23014.781743748892,4056.614779755013,45281.91541504668,2168.5766441211385,23958.194054618845,368.83780203519024,29.97450945696141,2582.213598683854
FRC2,49479.05892754297,1233.5753912441305,15569.238785402433,186061.70333302222,24612.359911810883,3919.1362489029325,42430.51803114311,2168.2906249123885,19666.24922538629,1157.1644682959477,27.452414460325475,2508.3760780387415
FRD1,48880.90923531069,1994.6693348478525,16203.792598564196,127024.91465414994,98734.8100740739,3945.3546730636745,31968.742688137925,2269.482168914179,32605.693422894135,2167.044333462591,24.166810486865877,2920.3939504558098
FRD2,47143.391267746716,1677.2456656786858,15102.69731021549,122877.89689660119,78351.23372423576,3955.737232486774,19987.906889278598,2193.0778357401655,22518.49162585409,9684.881934774541,25.205891394703116,2706.8887474811577
FRE1,45876.09256333243,1664.4692504797902,14398.944192410077,101410.814856544,111501.76419492064,3938.79306403549,15008.268109135868,2214.191061953464,21517.799854058612,7434.725703281495,23.772936675162594,2762.27088403764
FRE2,46584.1176958526,1166.178203708683,15070.961642852779,99547.73244785615,82266.31942071744,4051.7687958178535,22682.62834303815,2190.6164565775516,23754.673691674467,4992.163952799145,26.012381185740647,2691.0773178897152
FRF1,44536.36572696378,1069.841253524927,14722.036348415719,142906.09674112053,65524.15153937819,3949.029639394151,34067.18477629509,2133.68994803183,18205.69882513877,696.4803950065665,25.86167773900584,2432.9602479211735
FRF2,47240.37370652769,1441.192310351299,15546.15217729943,110371.17537415869,52859.578085945635,4075.0173173458697,55487.76961016011,2168.25780844415,21743.42575415612,1149.942491253244,26.917381278923116,2603.9543013969883
FRF3,47936.998428296494,1979.6108955299264,15281.688220892365,145116.09322807912,73727.08264573445,3974.209837116588,27252.08733042066,2227.235549407122,22375.87499265012,250.0489098036605,33.32681864674384,2694.736897433486
FRG0,44843.78101905468,2878.5841330222597,17218.142325928646,71173.53320584979,101554.82126952807,4024.943290320318,86462.1743672056,2338.294047558451,44246.95691281331,1780.2316228240084,24.790373008719357,3122.1548941339947
FRH0,47020.162457715414,1521.3478936364502,17511.999351412884,24423.454730668695,134860.74150745597,3975.7339069418067,90797.8699091401,2336.225837195393,59505.58904540942,2091.0627952790987,23.106693389839517,3165.555957473662
FRI1,43989.01504818658,2507.8344836664305,16375.025926812825,151622.77501198326,38966.75068886197,4064.125432107949,90114.40909669155,2141.349286106744,20821.182140280333,449.02886353379927,36.65678932587079,2744.693987978598
FRI2,47232.3001890135,6268.259407757458,15766.996037643725,161815.519964397,22779.03783418799,3959.188986944583,78379.62552572899,2175.919361618354,18573.98228187124,206.5481439486766,38.412951480095316,1433.2821511426
FRI3,44740.300324864176,2304.3384718024845,15828.993741281936,61967.116907263706,52418.62595407925,4078.3253515630154,106526.77739857513,2195.1882420895668,21129.31713801101,1445.7692101741247,38.4764123285462,2621.3598747976343
FRJ1,43729.53744626808,1704.0140259704724,15378.84904532509,240232.08779910993,951.9113434479616,4124.927500779084,42159.98891962961,2118.970383776812,15020.512743287785,250.43045649435987,43.277456603963586,2440.941418606432
FRJ2,47086.595589875295,3164.043105995723,16494.857042119096,148408.91620126946,20728.976986781225,4113.448224760306,111376.90690443054,2221.6736918496395,21078.55183661269,263.6146544726604,50.40551496692908,3297.4294449528115
FRK1,49520.63465625122,4416.862064647141,15937.792619275058,190888.41070897214,17819.331160244586,3983.3091751159177,70542.72201180414,2240.3126202424037,21011.009525931975,362.59656755032404,34.55815298293716,2330.02698801164
FRK2,46988.442723835426,1814.2106986513693,16182.85117831784,204052.0750443701,35063.38492382554,4005.108642609806,53672.866738469296,2194.9300045444634,23256.833221317574,842.4815940932384,31.74167406234275,3022.5019336864784
FRL0,42348.14521460566,550.0903143014526,15192.504895875629,279904.03550643084,768.0407849725982,4185.337938031015,32294.859291404628,2121.401605092024,13361.669540182349,215.65150460445122,59.516369496965375,2314.093317412223
FRM0,44279.25506562814,2286.7062971309215,14936.404235249933,280116.46716308384,391.88077595847363,4111.919533031283,10538.351445443473,2095.985953017829,13578.488963352895,271.88264659868304,42.39982441508927,1694.1536395364171
HU21,57283.991601967755,3320.53431400611,18342.55468555906,119636.30190683123,60193.74112137379,6227.216325609966,39423.20717125183,8693.528718631856,27540.627676673597,218.7606681996624,21.958537579557646,7492.558094296975
HU22,56927.97983537299,2910.2095844716,18117.769069666585,97026.95169584148,73604.5388689479,6223.715292968253,30287.34376273653,8585.702205241949,28955.67286203765,271.82767898831264,21.20520492251239,7642.814218017507
HU23,57420.24110423044,3078.706837663167,18019.807575375802,115102.1972927625,57401.83289419891,6241.600897737261,40747.654696227575,8531.802354655974,27269.10043807431,298.15175851095813,21.911080477562138,7595.017234374053
HU31,53525.90655864946,3886.0842071724946,18259.0806644293,161549.55522136713,36888.48060387921,6239.467768716981,47467.551175223365,8235.385517146256,25964.34674561521,334.47038625626425,22.484282064900643,7204.067114115037
HU32,52266.212103005084,3188.0745446775645,20754.49950587808,161950.18708276455,42850.61669840444,6232.720894770364,38124.28786981864,10746.240725942454,41848.76121203793,325.891810447336,23.377157286731094,7405.0224738772595
HU33,55642.70996716041,2910.447562820883,19212.217530719918,148754.31936589413,40641.417031330966,6241.507390914936,42758.89986980289,10036.12579351767,31826.045826832607,472.8264157007063,22.984239269411844,7408.6268311537815
ITC1,53591.00960049272,2659.761045200555,19560.008283415566,104014.3871498105,65034.3423152853,4958.777993576863,25000.764241484816,4691.534910372983,34318.246186899916,309.7080985143533,30.167402541509663,1258.1716295336907
ITC2,19651.793817264566,1999.9903477511966,7864.871257097801,189407.16933956827,5559.706762209622,4903.128216189606,349.8391586145366,4590.507298804422,12545.313861616201,155.0097313899928,50.4920795179629,488.39314726674917
ITC3,21486.41730581743,1649.2165825221596,9441.45773320713,200781.94604983853,4393.317368204285,4960.814656040897,5501.66529772116,4340.456881182386,13074.649835020164,490.8893616769804,58.29863927075459,155.2138753587295
ITF1,54139.55102118679,911.4663725678046,20909.879707884575,152672.89054810037,3909.8850993433057,5072.307777982278,41340.31414346733,4363.853322988939,24325.74227340682,2408.473001574575,51.28685429283169,1080.8892226499022
ITF2,55064.790412273745,1112.0338176259731,18874.44533563547,65572.52271971026,23341.24567978544,4979.145248074919,53467.37919067271,4577.710902202339,27358.896841886322,3790.5690765001236,41.87505030898328,1169.368728343009
ITF4,56187.63281864005,901.0137452703652,19684.413768230977,34763.98129288144,6228.423844211333,5078.7961700248625,99952.9105301359,4794.213459943113,28176.79411443974,3930.251037600312,53.95049947689026,1209.751667457838
ITF5,55685.04995610504,1502.0668069074875,18744.73856580918,67.06139451310399,12158.087127867808,4996.3077014664095,100890.71172062877,4760.1391416402685,24988.94352013672,12712.108623664946,63.29808113537989,1250.4874443941037
ITF6,52695.877859169406,937.9008525568262,19295.01848271782,143383.74220700425,13510.435784377656,4999.477089813477,29843.05934905627,4512.715096127886,25243.79948344935,2010.5977492939185,63.25750780267569,1131.8643080300649
ITH3,46849.78565743525,1330.8587520392095,21250.747661813813,86124.09386462515,77411.81372649543,4959.582305067802,22905.175089660373,4841.038824566139,52101.989181156765,1811.939548094785,26.725370836649795,1697.2846696438746
ITH4,51266.43897207311,1577.8503284388662,18693.092302899728,108615.1912486154,46238.96736224904,4936.019058018139,31868.17199771287,4347.964435648461,28797.9494434608,460.41538850230506,26.49239749093124,955.9215221998628
ITI1,53112.70953835317,730.3409310138725,20364.670827911876,63355.481394519775,18178.903789800577,5114.244123201925,90237.84076845871,4357.853758732492,23028.256670564035,248.1998160947302,65.28500987469192,1102.7591590704687
ITI2,49041.46040802995,875.5718683085632,20246.58167631298,57092.05404519961,30282.38781294333,5052.948499432536,95187.91932395111,4159.046240720567,27093.97510465932,470.751762655622,45.183735771425404,1065.4484082058768
LU00,44333.16626939828,1394.5577320672887,19959.97108720292,93873.10827349633,59433.08578934461,4855.626159646405,18336.572195304892,24479.956392708165,23272.727638258246,725.6687538180217,28.760607681099582,842.4761070462451
LV00,53358.793943851684,3472.905644032952,18618.813101205225,213280.1959095324,34314.89183430413,4284.759693821296,119976.90945334313,3736.2177858288665,30972.246452550673,388.88974672870904,169.31365211200082,6314.632398384213
MT00,86768.5853369756,545.4170519002063,92623.25832467945,135.696394629383,135.696394629383,7286.467734566426,29485.150671573207,3437.8287591170583,109100.64278910418,6414.761150327429,154.65809124247437,319.0083707845903
NL11,51435.220472402325,1038.4332982652827,17445.645268361302,139835.47566245942,40652.73447974553,5434.743075059894,49544.19298589703,6956.502034566476,23470.79942365207,522.4187530752488,,440.5092964678202
NL12,52055.5975099683,1430.2397728909946,18000.355012803797,215806.88372968067,29140.96651581072,5307.481253565977,27332.19250094129,7887.0602761745695,28748.08509006119,252.95783339244161,,250.2610918448848
NL13,49827.61371111227,1129.0526464752786,17947.18112630999,93797.371104421,69068.16920061308,5405.712620331817,61654.83452538829,7039.557405458187,24506.4206952495,569.4544115048415,,391.181735523496
NL21,52309.52379751484,1266.7669706319357,18196.222899893088,133817.5044188511,75149.69948744912,5465.58334223987,43503.17297007713,7729.222636760646,28475.671021580158,322.30841064159796,,186.71905301300157
NL22,49243.33747257259,971.2945440592246,18401.051441158936,142050.11737676256,75975.06732961378,5984.30197656644,42986.792674521836,7735.249725978287,30973.36689274916,395.1907386147014,,289.1934387036617
NL23,50879.854943662926,788.0376987906794,16561.00236065544,38831.1271302863,50837.07942308514,5639.630869524971,108416.73264377748,6170.269558191666,18182.742865217555,364.27413374478795,,1306.8354912652567
NL31,53560.602379851785,1413.7112449271613,17065.472075610363,161502.5106713346,53744.11784682267,5223.795710435977,36751.37672217114,7081.595091577506,21175.259250827323,358.4704810375171,,181.05552758979283
NL32,51604.2067551784,1262.012098407745,17098.293912636647,162570.77095563515,17416.24369826956,5322.684737801054,69239.45162904763,7066.321523786675,20548.818740523333,321.87059702772456,,367.9839153262934
NL33,52852.367418974325,1406.6113594471942,17150.799360549947,216790.89172223868,20486.112183789584,5287.864144691278,23213.761558497008,7251.790667422036,21444.23067374023,267.50535909947433,,382.6656076538224
NL34,47600.05740763779,967.7385101306934,17079.282996066682,97468.25199363875,51427.09877412575,5983.343232570422,78943.08956344186,6411.447630974418,18609.5244399909,490.9001815336631,,369.7542340281442
NL41,49501.75975299407,1074.249414507199,18772.280516691982,50514.807293528946,112545.53763896429,5612.988751836381,72701.37786824047,7424.98199544762,35739.28265175449,601.4234807232514,,325.3185195858681
NL42,47647.07244290862,1215.1744097606236,18111.08327157088,65888.64540435409,102092.89202914434,5393.9625405823435,58092.311184804115,6677.27561040262,25516.97468782584,455.09702887109853,,312.0941904693475
NO02,42060.59433722591,1565.467139956734,73979.22245179614,37112.96677713881,,1415.5871701852016,254082.96313668444,5500.840385982145,71926.7822184933,,19.413351811107574,2264.0186536797673
NO06,42730.86029583373,1196.388389304161,75348.41149907079,30513.020357049103,,1414.6927275066719,234136.38165864997,5697.3352053840845,74913.93714921636,,19.311759574680107,2219.0631692913807
NO07,45116.17097539142,1110.7434953449194,69764.78484229626,65218.290787779275,,1406.130851217762,206708.9795326667,5594.705128377249,63614.53065246387,,19.815493997742035,36.31586629795023
PL21,55850.24188121554,1594.646769917753,10609.625893101607,172882.4808987674,11865.682889231262,3448.3794882317184,6559.748282042903,6341.188313823969,12435.525721835606,2948.5977057596756,41.071882756646815,3775.237029390901
PL22,55095.296381504515,1386.696803404585,10408.463586567908,117536.37633861465,45270.35181394986,3446.545047938728,7252.114321409814,6261.478895612662,11711.017452705668,871.0686068910785,40.471247600341414,3809.8957073444203
PL31,53399.55460515907,1152.600845680568,10689.97114070105,122041.76363032675,47020.977705870246,3505.112437659896,6265.404706030068,6532.412828728533,15370.128892143694,1648.790857684098,34.697022548184584,3925.7258723704854
PL32,48853.72150420047,739.5048092333209,10847.523814721695,190440.13354146102,7864.791851764904,3534.9626468414735,5545.997779139381,5931.243954970612,16793.879467335675,3117.8584257299253,34.10639385417683,3557.628102594925
PL33,51840.6584120282,1186.0229732232742,10798.995258416,140372.01216272434,27158.94615171025,3461.946045254599,9029.68222488302,6088.599463036934,16236.954862131814,3140.232938306325,33.26787600090494,3692.3796548786986
PL34,22246.21926716397,3603.200083457347,4617.69118614679,101179.3149717153,73327.55616052353,3416.5240721737214,14427.025144142552,7276.682181611127,11235.562759758765,96.93539864155645,34.73088608563254,4537.638501840174
PL41,55269.74376228484,1737.6200304318209,11543.45819260891,75130.44389124807,94737.52383932244,3466.8620660398115,8208.769424049915,7390.5753253770245,31220.758100036313,1486.4073784600569,32.41447680118566,4603.987715852359
PL42,48884.19183117801,1204.4077434469339,10743.29616388353,144659.99206855588,29195.058064946494,3556.4866631584428,22610.784451322208,5849.595821952549,15045.581457577573,584.987272456016,31.89427998848173,3574.429013617824
PL43,49627.03413530971,1749.2171761550474,10581.378985226538,159926.13938933332,28791.081130053517,3501.0023550636865,11365.226430815037,5735.55333540329,14144.611771997133,667.5450023585405,31.89585015094774,3541.427668263492
PL51,51998.01147991245,1065.6733833848152,10872.56632136532,150834.08686090392,32554.6555438888,3559.33298002626,7555.857554296079,6023.696071095373,15429.019009674725,1518.5506981639326,32.46859289120065,3608.695906527001
PL52,54838.86579704466,1138.5101833088297,10482.599264480994,82715.18506459332,71740.72420703065,3477.023968268258,6995.367138274961,6596.920288355832,14627.19283830288,1139.8669251954423,33.16815009423313,4095.298585565587
PL61,21673.859164258232,1614.751410153554,4505.821638409427,53316.90200700509,92557.52370559158,3455.778123314325,11692.12574015465,7033.631316923887,11547.98023696467,1500.398915217441,32.585362390139075,4352.625352539974
PL62,55199.698933178464,2399.366653238606,11169.641470270899,128704.05240831856,38021.01825010161,3440.0321721910086,17092.19406939102,6565.044170783711,18208.938476374133,168.5814709750498,32.16903145068957,3953.313739064432
PL63,53241.78111111092,1335.2664427052187,10911.887870548315,106342.13275524664,48661.04947106224,3471.918576522065,15405.106719527199,6200.022048273028,16855.848685788875,1077.7274604769884,32.37943779644978,3760.297174403666
PL71,50912.42993729499,1531.7529067792966,10667.997304438131,76873.1105995501,85888.93945789326,3457.9478470417303,7371.097677127409,6584.593169976308,19689.159452015523,975.1489054048133,32.83493410778092,4170.304492208947
PT11,52836.06996927706,2438.403819468815,21401.864900198718,139980.31128943304,50599.549881125735,4389.804097554793,39716.29573621746,4517.384763556379,31042.819905508393,170.96878491887085,77.75454707825268,265.0137104565674
PT15,19095.420822050717,1645.4779811422266,7830.68714402679,181929.7930882108,1909.8257817055387,4441.266917604027,65163.069927286866,4309.465034637007,8466.340546171812,107.10989561511167,98.98791672219842,194.33439203779892
PT16,47882.030770564765,2451.2535255450784,21313.524284445215,138638.2436634274,29347.884420339287,4402.159325081576,88090.91749566852,4366.959506461912,33410.27523241953,135.57609484943117,78.04186763854014,211.17045593518887
PT17,19863.284757758203,2671.202522060468,6913.175626305915,176584.2334566601,17434.12890674309,4378.560485408582,47379.47983193329,4415.774206467205,9985.344203244998,121.72250322795561,50.92678735185415,205.4938655678976
PT18,54702.33488297346,4839.449713603361,20152.534960172547,227244.64339538978,2414.261502995343,4421.6385820827545,42239.934970259135,4537.530872783771,28736.383025865016,102.40759829929101,95.98650297878365,234.0580638225028
PT20,51879.50179565643,4112.442007742233,18815.409741603675,202239.03116837592,50718.855614099135,4367.671213627746,1651.5670180052189,4540.150115136428,25986.57768584374,131.75608761405582,32.26515840055889,90.8911015152023
PT30,48809.71897096868,3681.310929626732,17989.58072317121,137755.94196155737,41278.931345996854,4385.817813762652,56548.07777209622,4335.332662965019,20631.504993686784,3012.3681473773036,71.50665706134761,194.91794382478722
RO11,65744.0768298951,1387.3583217645999,15708.640245740997,205977.06692933547,6047.691768772251,3987.2447956111687,19927.12325334806,6423.128058148581,20026.554180507468,1361.1170015163405,31.080377427459943,3799.416071210773
RO12,64668.56400043346,1489.1871243771736,15680.175215839894,219980.5136252239,11215.416857818855,3985.366094777775,12488.12137789115,6476.951241362865,19871.099464178405,1821.1046082896737,33.8411432272898,3357.9879474464437
RO21,72338.85320505651,1403.4397670148076,15810.726422046851,163119.38920126963,9785.97431331787,3987.897625598141,27900.873623922133,6845.69860293735,22684.55354890189,1915.7038589000176,29.51660174720234,3991.2641301145222
RO22,64735.041537433615,906.6440360889192,15025.98596540848,165583.41613239027,6518.880497433938,3999.8544394677765,36194.59377310839,6544.897280922195,18493.390534694343,1978.6428124750244,31.547794941665412,4047.293347479968
RO31,68630.59428782998,892.1415540886883,15254.807710549536,174243.4168683169,10592.101232866096,4001.0341224335757,21953.8749140922,6457.820989162269,19430.895976410426,1704.0567347370852,27.999993422985835,3973.9340551026835
RO32,49910.307198793926,1007.6553529641373,16087.910426516028,17108.696263422633,54068.629061149644,3992.820485063791,68875.858927018,5973.06892084346,16656.20444470992,22150.374183898715,25.304296524729654,3713.429348535195
RO41,64285.59028938259,957.5640112017226,14783.87767617123,198147.72440027777,1253.8662126041404,3997.0057451926937,12468.13144859951,6209.948153340714,18064.73654835276,594.6292773657898,28.075641467275176,3743.1233788970403
RO42,57710.49837485002,881.5667756507228,14936.397357584628,219084.60800791488,4479.5255444540935,3998.731352295218,15367.983410437759,6067.5565010258015,16721.031480776204,1083.0851950840438,31.545610013809064,3630.9488293261516
SE11,40884.41954674182,1120.1236669921584,19939.179552424117,62540.985944714106,729.670806688436,5684.753793348259,210115.65949418434,4141.2071821326135,12785.786350497572,,,2973.986932632856
SE12,38340.201215566434,1424.1432768026484,19776.981358924306,60883.70367087588,1169.2508854964758,5669.1273687516195,210288.54747879933,5130.971790258943,24617.98955437014,,,3334.323901155358
SE21,44488.182987578395,2397.685840078028,17981.623391855843,110970.04892066268,3733.6844207791405,5578.751128825811,146644.26314992167,5863.196990958004,28541.642498333553,,,3591.0180727715315
SE22,38277.63760712434,2069.837598028191,18489.5707371012,64843.55671441154,6550.356134309541,5631.19310683997,170542.5077172348,5276.2774777220375,29508.849109094994,,,3469.0705338197226
SE23,42193.868799732794,1855.5538190557231,18325.263959930784,60572.449496056215,2269.7228395932502,5613.9111776705695,176165.22963622905,5734.997618882084,30873.49332640386,,,3585.994063752466
SE31,42289.40011797223,2232.966992614125,19158.115744506675,29951.742461662074,734.3850559065722,5602.9481749895085,223072.97579600703,4723.74062098618,15515.290395265663,,,3150.463758750991
SE32,44773.76250125657,2220.733933993066,17941.03666077986,52443.862489442174,546.859852406405,5574.307182098895,181851.1261547728,4834.29291079973,16505.31821365789,,,1223.123042743172
SE33,45762.88158135731,1208.8764952118356,17747.433984529554,25681.398737625586,637.1165585615449,5573.647461261753,194245.96146274701,4960.007571567265,16849.831817350372,,,1792.6244892146658
SK01,47772.551019648825,2065.5970744288497,13508.732857860616,60274.99788395277,56601.188606949065,12554.474003192148,61642.63526305553,2922.8440464156965,16231.749005255724,882.1983465462794,70.79067689652466,4982.6738958365795
SK02,57637.6347417838,1675.44967224579,17161.11645424564,66687.88443945149,77340.89506404405,12596.038731467976,41042.28518550752,3220.2165280547033,33401.27002158514,278.62984040008905,91.30585172763337,5093.0568190153235
SK03,51125.919110823175,2884.8794326962434,13781.217790453678,216676.85075655085,35414.46573200084,12541.293511342727,25984.911959780376,3110.5950546707604,18689.378618548166,165.67951389613856,348.40996696670146,4987.398210521053
SK04,50863.33669545368,2369.722782691118,14632.36631681418,196895.49601775428,32906.45966857594,12605.939951373328,37748.68134181692,3008.652259477417,21002.41850320449,282.1259257402599,181.94856784113347,4764.370614920719
