commodity,ACP,AFRICA,AFR_LDC,AFR_REST,ANZ,ARG,ASIA,ASOCE_LDC,ASOCE_REST,AUS,A_EU_EAST,A_EU_WEST,AllImporters,BEL,BGD,BRA,CAN,CH,CHN,ETH,EU,FSU,HI_INC,IND,INDO,JAP,KAZ,LDC,LDCACP,MAL,MED,MER,MER_OTH,MEX,MIDEAST,MID_INC,MOR,MSA_ACP,MS_AM,NGA,NO000000,NONEU,NONEU_EU,NZL,N_AM,PAK,REU,RSA,RUS,SKOR,TAW,THAI,TUR,UK000000,UKR,URUPAR,USA,VIET,WBA,World,ZAF
ACQU,53.0911920063485,176.939028969256,40.7093732530158,12.7293462273062,52.1717083744446,61.7337156016679,5829.89019331648,118.854209124078,29.0638773179409,7.83680023990585,69.6500816800266,20.8758413572054,11734.2203594977,4.99372374315344,9.76927552154712,6.94134235786595,57.1222691595338,,4258.92319344444,0.219775075863497,91.1218495100995,5.93486599234207,2665.65349361725,361.070386036876,239.055081858849,76.1431106549801,7.98518606773222,169.552632974504,222.643824980853,19.2917376491611,9.59750091477292,75.3301114735458,364.277894962851,40.8070708958909,15.7712865772208,8770.59292942605,82.7855968493681,9.4644091301128,2367.80159158634,2.19464011263175,1008.54551656588,11817.0059563471,2085.49746035331,44.3349081345388,1304.70597374724,26.010876001997,95.173508689424,1918.72917601983,851.88360598506,29.513061993286,22.4980464534173,166.647818891613,27.1816576947834,76.9025671385807,3.00005613750271,6.65505351401193,1206.77663369182,457.278231791067,3.89677233885482,11908.1278058572,28.7027965362978
APPL,56.3065049616269,59.4322889994605,0.0956958234315153,0.0361964233975731,68.457075131541,16.9136306623296,68.179403316188,,0.265958932110129,0.489048502751555,1379.24007434049,228.675095991887,974.688567382231,,,27.4764507814105,,1.47656420462216,32.3078981115688,,8870.64766577249,161.779250683776,98.3024623597335,,,,,0.0956958234315153,56.4022007850585,,2.94639469874086,47.8940190544801,144.934001238024,,32.5148130048719,772.089885182959,0.340542512340065,0.256848996678907,193.349140743535,,0.280971170567155,975.029109894571,585.611201703846,67.9680266287894,,2.7146853746439,,0.26427145435164,,0.376047892993247,,,218.568317654506,27.71180396001,93.4818286546522,3.50393761073994,,,82.3124653757124,9845.67677566706,56.0134595415505
BARL,0.519867372790017,13.5087496499817,12.7380907030305,0.519867372790017,0.0389412295238233,,11.4844689789886,,,,2661.62161677128,249.005167449974,501.299089711276,,,,,0.0203314867867957,9.72675098789567,,43742.1575221643,42.4972892294306,103.398457711125,,,5.99194991887579e-05,,12.7380907030305,13.2579580758205,,0.207899779276508,,,0.0137130943144959,1.594984853644,384.64267392433,0.0428917948846714,,1.19178795441638,,1.15106329342552,501.34198150616,474.919185235829,0.0389412295238233,0.198848457421227,,4.10754764264945,1.19178795441638,29.8138779292102,0.0786436303989476,,0.0840295875507505,1.54204846175754,97.8030220514204,248.196402457597,,0.185135363106731,,49.7876026835509,44243.4995036704,
BEEF,19.5831104157733,19.7474680143012,0.238335376802457,18.8801738782575,22.8523503917019,36.4069909260271,0.531082313491529,,,15.6308453067892,477.187251281909,115.186955498651,308.375635518456,,,50.605902387234,1.32801770967088,1.96431132465096,,,5619.07163349992,,144.336920511402,,,0.292480924477879,,0.238335376802457,19.8214457925757,,0.0293160196303461,137.354288450315,0.46293258976621,,0.134156278923461,6.86298076416289,,0.103293797904829,140.426628949249,0.000222399229700857,0.167326081131991,308.375635518456,103.343237561378,7.22150508491269,21.4748682883334,,0.000149849888935323,2.50611411126319,,0.10444511009019,,,0.13840385963377,97.4809885411268,1.55576945745486,50.341395137054,20.1468505786625,,2.03628844749105,5927.44726901838,0.599420340381204
BIOD,,,,,,1843.9315960872,1280.92233690592,,,,380.12134733924,711.046179383016,3398.09629420026,,,2.923297110791,54.3282891534523,,,,9291.11235453993,,276.984974633717,12.2544410710892,1071.16651147273,0.195323009191376,,,,187.633776470077,,1846.854893198,,,,1274.25642636855,,,1846.8559549622,,,3398.09629420026,28.6922972026115,,241.625705129531,,,0.00106176420925923,,6.47164929238243,,3.20063559044574,,28.6922972026115,,,187.297415976079,,,12689.2086487402,
BIOE,77.7060355300863,85.2569910907779,36.9813633645329,7.2969129020555,38.674391215293,10.5454073694711,1642.38550539935,9.8560247110122,1.71573396169444,37.528474662061,134.651151250684,119.463401146344,2633.80696843558,11.922136680343,0.980618776634106,76.443233327059,20.6252558649973,,1284.83337244996,0.828524714461623,3359.15763553038,11.6387285796834,481.368718967717,213.663897862298,40.4706445365596,0.0392935059174626,7.20972156025433,48.6465315666409,126.352567096727,,7.90193921975145,133.74199712061,84.1228047958662,2.98358917038818,12.5766356290922,1892.34368525052,6.5170180178182,44.6778897558726,296.824155164191,0.753597872915958,,2640.3239864534,254.41940477571,1.14591655323192,322.763538808072,15.122219607557,11.9474544319892,34.2814634918424,107.951682247136,,13.6916464530905,33.8273313848965,0.614871780842982,94.2523945533555,8.88241494210616,46.75335642408,299.154693772686,15.6080865206422,,5999.48162198378,24.9776349992423
BUTT,0.16028495543802,0.151610320428564,0.0546638960300478,0.0343364103527665,76.6549737537357,,0.101361757648818,,,,15.4294084031213,51.4880767003989,91.2539306378346,,,,,0.0534648100857618,,,1975.00031123214,0.0619840503139301,87.38546902894,,,0.0101977464025892,,0.0546638960300478,0.214948851468067,,0.000767180082468419,,,0.120759204758482,0.0911640112462284,3.6535127574265,0.00720185811617433,0.0713075692381459,0.146134546869635,,0.000173730012842356,91.2611324959507,13.6423319110319,76.6549737537357,0.564720206236134,,0.343481278525151,0.0748269776314894,,,,,0.102617162356758,9.75845750394187,2.64775622279513,,0.443961001477652,,0.674397153000498,2066.26144372809,0.0546409758471072
CAKS,5.01170228193029,47.1413977279031,22.4319728834078,1.54357173897042,,13521.8682315171,1202.58307830314,0.172176369415025,0.152595358505953,,3180.90993722487,1681.46177098641,40068.7967034631,99.7683771011697,,14689.9548679964,46.4358417940039,0.278550534575563,566.289471628063,,22701.8915716062,4.55897092740578,2554.01076097835,625.01381030619,0.0394164564698864,0.150744268827498,40.8325789847035,22.6041492528228,27.6158515347531,,21.7553890181149,28912.894653147,33.160008940651,,0.578338936736808,8574.27543780305,0.0992765399970139,2.15694299554685,28948.279472344,1.31118754741302,160.477156714363,40068.8959800031,7832.45800077332,,2038.43403085475,,,0.0678672608269363,2689.93826517297,,,,39.763049156186,354.670278605833,4277.16390212888,701.071553633489,1991.99818906075,10.1865249789352,165.006871447237,62770.7875516093,
CASE,,,,,34.1437634257674,,1.48445830300743,,,0.0226411757656519,0.18377469589383,6.95307961266517,46.8668279402932,3.22111831171359,,,,0.0002,,,157.527236504083,,34.1593562230468,1.48445830300743,,,0.148704377643961,,,,,2.7566092724249e-06,,,,12.7074689606372,,,2.7566092724249e-06,,0.0002,46.8668279402932,11.2386034549091,34.1211222500017,,,,,0.30663604305232,,,,0.147408090261673,0.0151927972793865,7.39910756141134,2.7566092724249e-06,,,3.62735468411203e-05,204.394064444376,
CERE,7673.62100586691,13363.6881984472,5679.7941968764,151.25716830806,22.119548232759,87.3452134966541,84.5372256243696,,0.277874021316818,21.0184083478424,32117.6005322761,3367.50427255789,20592.2045573801,10.9939027536171,0.2896710027551,326.795224324716,313.558946085041,2.16484454078057,44.2119717210045,0.21617420896218,234268.295473702,265.825532395386,1615.39160928907,15.5845923497082,0.11390799055653,0.0421873895743988,27.0122532518103,5680.30004208812,13353.921047955,0.730599525135179,14.1172796651931,416.719534958994,81.1100346505265,12.9450283371237,4.93119874751852,5206.17236517697,0.72746472817321,4.78792289848396,539.64783331318,,25.3701164253121,20592.9320221082,5465.06934797952,1.10113988491654,1117.86986851125,0.00699971958202087,4.10754764264945,37.0303408051759,879.43793775503,3.15874157523604,,14.8863135694957,129.202475992211,440.558754971507,2344.00593107918,2.57909713762367,791.365894089088,0.303168012486574,1336.39005117203,254861.22749581,7517.57591466037
CHES,0.0542232610362028,0.0109021088103501,0.0109021088103501,,2.60946974974402,,0.0573521896037073,0.00346322954062571,,1.50380388060398,259.109159165355,285.013077950942,146.194698577999,,0.00141909214311004,,0.0888260886054784,56.9511784745256,0.00876000186383072,,9032.6671990988,,142.599623537096,,,0.0437098660561408,,0.0157844304940858,0.0700076915302887,,,,,,,3.52506734937229,,0.0542232610362028,0.404712787648154,,0.929112158551078,146.194698577999,143.023435653587,1.10566586914003,0.0888260886054784,,0.263436460234057,0.350489526611951,,,,,1.18417842819638,81.7138907393799,,,,,1.98163939270013,9178.8618976768,
CITR,579.423210347473,1250.88226501579,0.574616841783526,27.6697671176873,0.0686574290071237,509.496033338854,118.208783662005,,1.50419680170418,,21.1402973934604,1480.41958772604,7307.53275260636,,,4765.89253658461,,,96.5771582393204,1.03392651911037,8273.16336569949,2.07840625461202,565.048382045152,,0.169889044410892,1.51823459548764,,1.6085433608939,581.031753708367,,464.722103992603,5340.01386791328,14.1060414839928,226.516595477892,2.79021279283141,821.438748939556,243.756809563924,38.6284022491074,5467.2660993936,,,7551.28956217028,152.757059982346,0.0686574290071237,562.106696687533,9.30899255759911,,74.5177877472217,,1.35479333312499,,,137.095586634561,,,64.6252979898191,335.590101209641,4.98530629752639,13.5830670931736,15824.4529278698,513.125040980679
COCM,0.0746161516536183,0.314970182822222,0.129821006699765,0.0746161516536183,0.60663457527662,0.0489247598752324,2.35425804685873,,1.60401956371885,0.60663457527662,27.8322893667165,50.3686898925376,43.1073572318835,,,,0.207938272685113,0.871373910690596,0.0292036914547376,,1173.19884887825,0.0769587533397737,39.9373557841214,,,,,0.129821006699765,0.204437158353383,0.721034791685145,0.110533024468839,0.0489247598752324,0.302520440725374,,,2.91663952953347,,,0.351445200600606,,0.0011524173358714,43.1073572318835,39.2721109536402,,0.207938272685113,,,,,,,,,38.2502566081332,,,,,0.0723692641407557,1216.30620611014,
COCO,1474.01905926689,1510.6608653807,79.5380962146101,1227.62181094514,,,2.42619352745781,0.609238074496211,0.139148666741626,,,,1674.53844994598,,,1.15680586053138,,,,,,,0.360687277806586,0.132642066040136,1.45348424154464,,,80.1473342891063,1554.16639355599,0.0540512098410094,,1.15680586053138,1.36362013141242,0.360687277806586,,118.854563251649,,42.8962901007936,161.090703760013,203.500958220953,,1674.53844994598,,,0.360687277806586,,,115.673987667275,,,,0.0110426874404063,,,,,,0.0265865813537843,,1674.53844994598,
COFF,61.6430458545734,299.203962133368,182.419515219922,60.2185522093508,,,994.093166869172,2.72148427800319,0.0681251421590929,,,,2250.56860993803,,,596.716213235657,,,38.3738171488113,56.3628438634776,,,30.7056194565761,121.569019060388,143.351950397965,,,241.503843361403,303.146889215976,1.41539483430642,,597.174736465226,0.618939573955177,30.7054194565761,,1319.54136480025,,1.22144280460511,926.565861478912,0.203050840617563,,2250.56860993803,,,30.7056194565761,,,327.550742635126,,,,,,,,0.458523229568747,0.0002,686.593376007538,,2250.56860993803,
CREM,,,,,,,1.5756493388448e-05,,,,14.620418501328,10.332804634404,2.86783280737479,,,,0.000684334925528307,0.713186550161166,,,2273.16742903412,,2.66209915044672,,,,,,,,,,,,,0.205733656928073,,,,,0.110101912817121,2.86783280737479,2.86713271595588,,0.000684334925528307,1.5756493388448e-05,7.35884860921984e-05,,,,,,0.0894519061742894,1.83805276405681,,,,,0.116265994260396,2276.03526184149,
DDGS,,,,,2.54538636400395,,12.3725179667267,,,2.54538636400395,203.943658768659,196.612922649306,472.072275786679,,,2.45623814658964,164.387882442553,,6.6960046499052,,3715.70037396546,7.61462719258606,403.715545918218,2.62611540938507,,3.05039790743644,,,,,,2.45623814658964,,15.373418065254,,65.9004917218717,,,2.45623814658964,,,472.072275786679,207.174035955162,,247.524097354196,,,,19.0091148029387,,,,19.4305245554808,150.595664292581,10.5241051115758,,67.7627968463898,,,4187.77264975214,
EGGS,0.0726832940668709,0.102297004661164,,,0.0001,0.0001,0.140141706408506,0.0242431576028194,,0.0001,27.954094532242,34.6232043648649,7.66181769717697,,,,0.416225949452532,0.0775176951285891,0.0001,,5890.62990087255,,2.20328755132005,0.0001,0.0001,0.0001,,0.0242431576028194,0.0969264516696903,,0.102197004661164,0.0993064731522089,0.0220645158059741,0.0001,0.0919711163118561,5.26229722103501,0.0001,0.0726832940668709,0.194054283025054,,0.0001,7.66191769717697,6.37804602243521,,0.847278680647033,,0.0001,,0.0001,0.0001,,,,1.27799117554443,1.37299236394541,0.0992064731522089,0.430952731194501,0.0234274324938307,3.64924478781678,5898.29181856973,
FENI,21.9956665963958,68.0736193828533,8.46106806606995,13.8448836043714,,,2903.70685233639,37.160019976811,,,56.598676952504,108.961180863562,3442.14986230045,2.35952621011704e-05,0.0618575577297592,14.2700320002007,1.04947932385866,,4.72692210314754,,5158.5594922452,0.0318231781893562,132.428510075284,19.5831402559589,,2.16658752413827,,45.6829456006107,67.6786121970066,0.0708037738364832,37.5722659861942,24.7997140261224,0.299491340849895,,0.0903736324718517,3217.24302600203,0.0446187341932962,,338.262956210023,7.56972240883821,,3442.19448103464,7.17215805716094,,124.97889504821,0.0568076247691708,0.00368709941014343,313.16375084305,0.0315123787462006,,,2606.0233176528,0.0814593652587618,5.27934040352573,0.0483103951924649,10.5296820259217,123.929415724351,233.767022234732,1.69600164157618,8600.75397327984,0.581060583186255
FFIS,5.382437847781,32.7552072847157,23.5580170304289,3.69169877494735,4.22035012353239,5.61618091723789,707.126467083731,38.8127347859584,4.19656324613858,2.63264308886204,10.4000749777635,20.8758413572054,1605.03001892414,4.99372374315344,2.32618617036106,0.680252175149859,32.6241893751173,,362.46278104706,0.219775075863497,31.4726226098498,1.04585646205476,586.724190250894,7.43089313662614,36.1717241405621,4.99492135646239,7.41541808868538,64.9167130626118,70.2991509103928,3.97829955024198,2.83558540938603,7.17209498229159,197.92143689564,2.06626601826442,7.33328784841101,940.83458278056,1.06279884288282,0.303406921626547,222.965468716784,0.280068748711763,409.555160660331,1606.09281776702,518.584597033702,1.58770703467035,120.440727524557,10.6424793531218,3.94363182644364,17.5685299172252,44.0390391485585,0.695195082622403,10.7164335426291,21.4891689720894,12.3391091032851,32.1577701343156,1.40121747391089,0.875661889903843,85.7502721311754,195.875798851446,1.69367039296328,1637.56544037687,1.10726340249534
FPRI,67.001771406546,164.907787173573,44.9034009104416,57.3689016067016,86.676386526104,50.671775740938,487.099557692066,11.6321141546825,46.2705160109111,27.473451907355,458.053899715215,1.41044060060471,1011.84960915476,0.405655446449242,35.8074011460164,2.80019732711228,18.5418299155803,,54.1613736394619,0.525808655245642,25980.378470246,38.285315364026,272.004834098807,24.2991756045379,47.2898751483307,70.4030963022504,1.64420091360145,92.8687248663862,159.870496272932,36.5225395563072,2.94118374954561,65.9680483784275,79.279080516415,40.2462772325271,1.87875841499793,514.006230404595,55.0639571292144,5.52833467741989,151.596361978496,0.00592848582848282,3.90309547287139,1066.91356628398,107.729161644583,59.2029346187491,68.9043112691548,10.1254653751505,1.41157691577802,0.82089840623336,58.8884823425508,40.4910965754833,0.039785280288538,71.1584349684158,0.375764204995059,0.175485756876309,2.34524871448855,12.4960753103773,10.1162041210473,37.0199255152312,0.294336512945891,27047.29203653,4.09860663659601
FRMI,6.23638245109575,132.367035037374,65.1444317253749,0.00895079103969081,13.6242085750028,,116.156990044606,,0.0832010366266336,,511.173543045543,88.9907755347768,1309.71101209353,,7.48840785820686e-05,0.271810958053331,0.363224723972166,1.77844435664414,2.45962552897541,,39099.2879212624,0.393688979663137,1025.28737755147,0.35991182460465,4.64896259788909,0.00382112406522125,1.79186632206011,65.1445066094535,71.3808890605493,1.39639623121564e-05,67.2136525209591,0.271810958053331,,9.32320493760942,2.45738783997125,212.770934523457,,6.22743166005606,8.01645314741561,,0.536421407424072,1309.71101209353,410.310720136664,13.6242085750028,629.235605152471,82.6730170541136,0.0384249610347239,1.51721052930621,,23.4709741903196,,,6.04833236041145,356.599477784513,20.6989637544546,,619.549175490889,,22.4251002104592,40408.9989333559,
MAIZ,7502.19761918435,7513.42299130749,,,1.30514447676349,83.076714219758,1.21795224885865,,,0.328789803473759,12765.8195386203,760.517952032428,10843.8928562359,1.42459427223622,,326.775381330776,65.8527471508991,1.84009098883742,0.252073842964555,,60587.5536215693,180.096660922405,162.782859111847,,,0.0408245578753975,,,7502.19761918435,,10.9340333181726,409.852095550534,4.37898758943521,,0.918254128436674,2769.06028238921,0.291338804972272,,428.262361847595,,,10844.1841950409,2751.9781500677,0.97635467328973,147.997595092496,0.00679971958202087,,14.0312787076257,451.713773487044,,,,103.166148224659,11.5992039958741,958.737737945242,,82.1448479415974,,1043.3999402314,71431.7378166103,7502.19761918435
MEAS,19.7365867880644,22.8423416586511,0.676694565089921,18.9294980602796,210.289728578224,40.3732063882622,124.853957934162,0.0332364778499873,,23.0525086002162,1737.33681694972,2110.14399021514,935.578259039293,,0.0195430621671798,188.587487933395,3.12161001111758,2.83689180898506,24.795108967529,,35351.9155555138,0.0860469701905715,436.308854978864,0.000684507904591692,,0.33738265054393,,0.729474105107088,20.4660608931715,,2.6258184956821,279.981735423014,7.95847117709257,,0.173958600261153,198.821607744243,0.0105886437559905,0.207346833941349,290.712168123518,0.000321553462267104,6.71562916422606,935.588847683048,259.94411827047,187.237219978008,26.9465331180232,,0.360770476377889,2.56461468946984,1.71971500153658,0.192004334641277,,99.3020393332652,0.318964608027891,188.629914847843,54.4505167535716,51.0210411013564,23.8249231069057,,4.82566863971198,36287.5044031969,0.599420340381204
MILC,6.58302240127933,133.641819237023,65.9119025270174,0.15441073160472,153.416233116803,0.0489247598752324,120.250634744194,0.00346322954062571,1.68722060034548,2.13307963164626,938.816945848596,559.353755412084,1778.61153420479,12.5121919578848,0.00149397622169211,0.277142214123441,1.57134828837259,62.776179750307,2.53845993722111,,56588.5975591005,0.532631783316841,1459.05187718282,1.85210039938387,4.64896259788909,0.061247073088035,1.97476379355443,65.9168597327798,72.4998821340591,0.745532415219584,67.5063210000062,0.326069730607946,0.302520440725374,9.93773457067246,2.54855185121748,246.733705157306,0.00720185811617433,6.36662854939567,8.93774575427864,0.0073421444318385,8.78478830398366,1778.61873606291,724.042605324138,151.283153485157,638.329697886471,82.6730328106069,1.18094390361546,1.94252703354965,0.30663604305232,23.4905698534601,,,7.85282972931655,571.01221729509,31.7844317051311,2.7566092724249e-06,626.820615027426,,25.3249910588855,58367.2162951634,0.0546409758471072
MILK,,,,,,,,,,,,,,,,,,,,,138259.206575392,,,,,,,,,,,,,,,,,,,,,,,,,,,,,,,,,,,,,,,138259.206575392,
OAFC,76.5887369844004,426.022555713362,11.8012720913901,74.3240150199011,1.34500958627891,106.965419019104,108.633398619837,1.04629977920638,0.0275817529970005,,794.409740139306,620.128758713399,2227.52490838087,0.198435059194775,,7.15920001929554,160.095008144705,1.47330701992577,74.7054519536414,18.1794660254234,47475.5110352977,13.1245360726587,1041.31192209262,15.1162772593209,1.13127964134458,0.133228838647009,54.6031539475406,31.0270378960199,107.61577488042,,318.463158483069,114.167369591066,11.4939227976456,28.2765510978322,2.61908968284679,964.429841816764,2.37354015665858,1.38361802757964,133.878113231585,0.507660743497782,3.52379105708408,2229.89844853753,1164.7070951535,1.34500958627891,395.312276232969,0.714722262710523,0.0277443531817894,6.83320281529423,236.902551027699,0.180323745262843,,11.2300185836649,99.147280244686,639.316241259273,106.63952108957,0.0427505526665674,206.940716990432,1.7291251201951,9.75053402268583,49705.4094838353,0.373443193421882
OANP,0.0726832940668709,0.102297004661164,,,0.0001,0.0001,0.140141706408506,0.0242431576028194,,0.0001,27.954094532242,34.6232043648649,7.66181769717697,,,,0.416225949452532,0.0775176951285891,0.0001,,144149.836476265,,2.20328755132005,0.0001,0.0001,0.0001,,0.0242431576028194,0.0969264516696903,,0.102197004661164,0.0993064731522089,0.0220645158059741,0.0001,0.0919711163118561,5.26229722103501,0.0001,0.0726832940668709,0.194054283025054,,0.0001,7.66191769717697,6.37804602243521,,0.847278680647033,,0.0001,,0.0001,0.0001,,,,1.27799117554443,1.37299236394541,0.0992064731522089,0.430952731194501,0.0234274324938307,3.64924478781678,144157.498393962,
OAQU,8.38937797872303,29.1723880821678,7.99775805077399,1.36050654664953,13.9872416115807,23.3593495179563,2287.82478630272,12.1413304309895,18.8908190451463,2.18987466871402,4.6433229590298,,2750.55236457563,,5.865751822377,0.382147289585312,21.5372490959828,,1406.16008488821,,4.84295326953349,0.104088443797277,159.505336391474,278.278734812275,198.107780527867,25.6572336819253,,26.0048403041405,34.3942182828636,6.72168159830874,2.62199328097467,23.9563278749759,50.9070608006388,5.29728210118176,5.95495243889952,2532.69648202631,14.434142583445,4.2708838117489,336.571627644534,0.681344074571761,5.6127129278151,2764.98650715907,34.9935114056863,11.7973669428667,62.436952112378,0.21548639036726,2.52311099088773,257.437355157171,4.83122333940118,24.6133219179508,5.9976049773501,37.8175708314404,2.20752461045796,18.6771581715867,0.342437724819828,0.214831067434327,35.6024209152134,261.402432939621,0.695255196920468,2769.8294604286,2.07664354575284
OATS,0.0442626671190262,0.0468229635002996,,,,0.177972491452984,0.0432006861264657,,,,211.569344479516,9.95751990419898,355.167174757672,,,0.0197429939402031,32.8630001879552,0.0996557235057144,0.0386856804285142,0.00100194518021659,9461.8250591254,0.299190463501931,244.806866007457,,,0.00110291219981256,,0.00100194518021659,0.0452646122992428,,0.0015583512010568,2.77681262301686,74.1385021284425,,0.00341209349813894,107.5382315149,,,81.141509042571,,3.43884425758883,355.167174757672,205.619273128487,,68.3163689369871,,,4.22619429111167,2.91317732225067,,,,,172.950894177175,25.2017339422588,2.57909713762367,35.4533687490319,,0.71577724220631,9816.99223388307,0.0442626671190262
OCER,19.8239959840512,5637.90525918304,5622.51980927342,,0.0860439821029916,,66.1381685053004,,0.277874021316818,0.0002,477.404852901499,1075.60133575605,5942.29248815674,,,0.0001,100.112715820924,0.112137580629098,34.1944612097158,,12374.7997992502,4.70011050582606,192.495305423448,15.5845923497082,0.11390799055653,0.0002,,5622.51980927342,5642.34380525747,,0.0001,0.0001,2.59254493264879,0.0001,,107.453277475829,0.0513171007231538,4.48996317514817,23.7826921059997,,,5942.34380525747,41.9683531918934,0.0858439821029916,172.463288289128,0.0002,,16.7000839982027,2.56842996014265,1.18022473063024,,14.4835401908863,4.19658209857822,18.653410840957,10.5346987713081,,72.3504724682044,0.303168012486574,1.20298343445237,18317.1436045077,15.334032808903
OCRP,75.0011507530809,472.30906645218,390.616960693382,68.1875312192245,0.0208256489181468,11.7436432476917,27.4586170779849,0.0816031617504865,10.3548856565195,0.000145640726678694,22.8890910316799,29.864315128956,801.402223702448,,1.08144188137094,203.870929069816,1.51334623212832,,3.19115457836948,0.0522464805344309,1014.99510686132,0.476126833787659,24.4752245312585,8.79812275833299,1.41158508621584,0.51518846139603,1.02216465472551,391.832252217037,466.833402970118,,7.8411864498672,216.049413672038,0.000230083277831271,5.68995433343042,0.503327431974623,94.0441825290328,0.121801011048369,1.32427893573275,218.656006335167,0.0162347735732206,,801.524024713496,61.9686818931189,0.0206800081914681,21.1108273061277,1.18003448411237,,1.28208364411812,,,,0.110795328352397,40.1865222793984,2.82838311481661,0.0150878308952497,0.434841354530232,13.9075267405689,0.230478249590271,17.4403971794954,1816.51913157482,5.47310582455037
OFRU,1136.72872958854,1314.32647604704,95.7668317499545,737.859552535866,63.2438465787977,110.866739631581,1173.55094640222,,120.139701818499,5.47589028262223,266.80583850513,1894.50679897071,10844.3278150018,25.2065952099014,,198.360696721729,70.046811088496,1.12079109585009,250.489503749653,0.122421080596603,11206.9109936824,70.2547958549866,675.86701697397,99.5688620139448,132.531715723117,0.786574807708917,2.65213958757182,95.8892528305511,1232.61798241909,10.0050238649012,235.317021219902,312.508778764377,251.000971635016,148.288949350529,57.251636657145,8623.33403684439,70.9988380861445,224.607365678092,6837.28149435376,,1.79304491735888,10915.326653088,1035.82879276006,57.7679562961755,491.095096946093,7.01134314655356,,6049.16437827627,35.4876764107249,1.37131456719156,,438.360578788326,604.395571602133,116.456348060971,84.8834211470531,3.28134241106695,272.759336507067,56.034691265179,93.5784088735105,22122.2376467704,174.261811374581
OILP,260.223455888071,486.577913564627,87.4675122399992,251.850407569689,1.50210612322908,98.7402429677439,7505.63758392409,3.06831804844527,641.996004584775,1.45286879690983,1104.08708228144,493.296597756972,12288.2984559558,17.6814927723928,,48.1115384354996,0.108170326413186,0.108989954779121,3.84776612505049,0.0400719143018202,18517.1848697843,63.5841209147398,1132.52854087158,304.251198905816,4472.49697039207,0.865469544634383,0.410059441650031,90.5759022027463,350.799358090817,2046.26611642096,106.578024505835,339.934111947166,2.90419015210434,4.63885095302394,13.8875750059498,10465.0364450463,32.6844021463218,0.415553129901434,1703.76742691848,4.87980383503266,71.3397776254936,12320.9828581022,1642.3642492806,0.0492373263192487,981.133578291133,0.00752733325259683,0.265936787327075,1360.51357168931,71.7073764904338,0.0778506593429625,,17.6483815262937,28.016128780593,77.2348318856429,1119.76037346167,193.082330543922,976.386557011696,1.2244053775026,192.255161165876,30838.1677278864,3.077691353448
OILS,2.74622515653288,5.52128594621234,0.177122005936098,1.77206259114031,1274.26481293026,27.4966735265436,23.6850905115406,6.31752723784154,0.724856943153724,1273.50624144054,2456.82140410262,288.595657464755,24802.0477215893,0.0108051082496419,,443.809336902063,4082.66254081059,0.102113420460239,14.6441680784077,,27353.5715537707,288.73180154928,12537.9540691708,0.604783318760071,0.0001,0.20287603049832,9.37296354803224,6.49464924377764,9.24087440031053,,2.84495779895886,9282.64000360484,3.53842197480027,0.0627229068157486,0.400398851611419,2972.21277441337,4.6892362183393e-06,0.247023704451722,9288.44864814017,0.711211932588184,0.172927230170656,24802.0477262785,4677.22781795557,0.758571489723287,9532.90007079477,0.000433453295931047,,2.02319885607429,33.4411428311629,0.396872730034196,,0.000131022486767661,26.7739760709011,1729.91439603456,2490.83614263653,8811.33399317624,5450.17480707736,0.39294284545091,97.8715495262229,52155.6192800492,0.0159269283526672
OLIO,,126.500598331081,,,0.702149641719087,8.22810336451264,13.9263340662925,0.000972721611448094,,0.702149641719087,0.9389382823123,41.8516427004916,142.432260679572,,,,,,0.0156887928452697,,1638.18448024881,0.00242698692771481,1.83163908158836,,,,,0.000972721611448094,0.000972721611448094,,103.540634711601,8.25192779627646,0.732901831136134,0.0957378793733412,13.8875750059498,132.347721080096,22.9599636194795,,9.54506073971035,,,165.392224299052,14.587870831277,,0.130210688972188,,,0.560231112297757,,0.022097545885978,,,13.6082626393382,0.977181205011111,,0.0238244317638255,0.0344728095988472,,,1803.57670454786,
OTHO,213.182448046882,308.207461318811,87.4675122399992,209.788572317527,0.799956481509989,61.0346925177711,1588.20242378532,0.420189569658448,634.54889691495,0.750719155190741,121.091791541463,222.656445973085,3081.1993713407,0.134340555198437,,25.2715884864126,,,3.74110061971154,0.0400719143018202,1610.94541130661,0.711557500576447,1026.51393651864,304.194452459743,572.182730278692,0.416569341882269,,87.9277737239595,301.110221770841,54.0108806078303,1.1390070617828,87.8725588841904,0.444876061604,3.97721620869605,,1665.70265416703,6.69460643175238,0.316184375906724,95.0774714750246,,1.48121843384596,3087.89397777245,116.076009183677,0.0492373263192487,979.530655528103,0.00749220809236564,0.265936787327075,6.44385215332345,,,,17.4557064072597,2.07245160961664,44.019599945969,26.6227236690236,1.56627788000669,975.553439319407,1.2244053775026,40.7681806821197,4698.83938907906,3.077691353448
OVEG,115.527105314212,1051.02134729556,47.5697814074655,77.7567824905663,143.605984562596,8.94235702051316,2075.51781871026,,3.691975640788,13.3985529215573,547.455628786613,1200.55025468868,4153.07771739606,7.56862539412187,1.06827347479628,2.56500262042129,,0.63994912653285,1529.51503654904,2.05824032341067,44758.4807092228,13.2604966314391,519.388012288432,465.30777572078,1.08422841885512,0.929802574100169,3.42020578434624,50.6962952056725,166.223400519884,,389.812403934711,12.4386599349213,21.5168990253564,21.7100743147825,24.6407024338464,3455.02764465282,502.560304982916,6.50648866715093,264.005722758003,10.5546020053899,3.51762597882621,4655.63802237897,1048.11318978488,130.207431641038,73.3739592676608,,0.00145192993940444,223.543675130574,26.7555864120763,4.78407259690148,,15.1299428597536,497.720226739526,292.535166251876,17.645456750447,0.931300293986798,51.6638849528783,29.3660084414053,185.048398785752,49414.1187316017,20.7092321511046
PLMO,46.9961412572952,46.8967725033004,,42.0169686682678,,,5902.73916959567,2.64715575717538,7.44710766982508,,,,7322.08338012361,,,22.7440419739446,,,,,,,,,3900.31414011338,,,2.64715575717538,49.6432970144705,1992.13848649842,,22.7440419739446,1.72641225936421,,,7249.69604113519,,0.0993687539947102,1372.44743802463,4.87980383503266,,7322.08338012361,,,,,,1347.87761503733,,,,0.192279556871634,,,,,,,,7322.08338012361,
PORK,0.114576661372224,1.69600448724026,0.438359188287464,0.0493241820220801,0.92280180218621,,0.417339221679941,,,0.843243863547406,346.199663802138,1781.34124125666,88.9401635063893,,,,1.7934923014467,0.414810982872772,,,18921.5552782595,0.0382177332051874,82.887135358983,0.000684507904591692,,0.0449017260660511,,0.438359188287464,0.552935849659688,,1.20822196269814,,2.02748850346984,,0.0398023213376921,5.50009229774657,,0.0651533251175776,2.13169809366688,9.91542325662475e-05,6.49337972690327,88.9401635063893,81.3896826729048,0.0795579386388044,2.38263722871126,,0.000879531205264916,0.0390562650794648,,0.0875592245510871,,0.244391441820519,,72.5401651364872,0.0496436488608904,,0.589144927264559,,1.85258591337024,19010.4954417659,
POTA,74.2905538255431,371.45509929247,0.15077036184935,72.9858044228417,,,20.525066857713,,0.0275817529970005,,680.312804560893,595.614732932469,1076.81823887553,,,3.71464178325642,,1.34798796543567,7.19285989172935,,44663.56635261,,586.028349332229,0.370131003306725,0.697946981589284,0.0715451225533754,,0.15077036184935,74.4413241873925,,296.635703816887,3.71464178325642,0.122561154327857,,,412.633923572655,1.17515994739395,0.797088659203695,7.22856598449257,0.507660743497782,0.0806314618270392,1077.99339882293,651.895528519965,,26.8891381682862,,0.0277443531817894,2.5942743877046,21.9410733822935,0.180323745262843,,10.2555532400793,59.8127196415372,557.430978515682,3.05263764209964,,26.8891381682862,1.7291251201951,8.20175555790837,45741.5597514329,
POUM,0.0382355329667424,1.33857859805522,,,,3.76113113311097,123.872299921141,,,,903.84629839478,205.139497025083,349.624252068729,,0.0195430621671798,137.981585546161,,0.45766950146133,24.795108967529,,10221.2627374983,0.0478292369853841,21.9552157084525,,,,,0.0195430621671798,0.0577785951339222,,1.33857859805522,141.742716679272,5.46795008385652,,,185.868541085871,,0.0382355329667424,147.268343931697,,0.0105810063794109,349.624252068729,74.160616911838,,2.98441270599859,,5.70494719710925e-05,0.0194416356011973,1.71971500153658,,,99.0576478914446,0.12496302429753,18.5024954451412,52.499727154822,,2.98441270599859,,0.797579491742635,10570.886989567,
PULS,2.29818315885729,54.5674564208921,11.6505017295407,1.33821059705946,1.34500958627891,106.965419019104,88.1083317621244,1.04629977920638,,,114.096935578413,24.5140257809303,1150.70666950534,0.198435059194775,,3.44455823603912,160.095008144705,0.125319054490094,67.512592061912,18.1794660254234,2811.94468268779,13.1245360726587,455.283572760394,14.7461462560142,0.433332659755294,0.0616837160936336,54.6031539475406,30.8762675341706,33.1744506930279,,21.8274546661819,110.452727807809,11.3713616433178,28.2765510978322,2.61908968284679,551.795918244109,1.19838020926462,0.586529368375944,126.649547247093,,3.44315959525704,1151.9050497146,512.811566633534,1.34500958627891,368.423138064683,0.714722262710523,,4.23892842758963,214.961477645405,,,0.974465343585557,39.3345606031488,81.8852627435912,103.58688344747,0.0427505526665674,180.051578822146,,1.54877846477746,3963.84973240239,0.373443193421882
RAPC,,21.7176838824705,,,,,5.41966850891733,,,,1988.85855873246,100.95863643217,722.131640035887,99.7441412805158,,,,0.0377956311286524,5.26892424008984,,9879.43800607273,0.0252333412850941,171.018000446665,,,0.150744268827498,0.671075942885033,,,,21.7170834884071,,,,,551.113639589222,0.00060039406338666,,,,4.0079943968605,722.13224042995,694.994888038562,,,,,,334.002240482861,,,,0.433784425540491,166.821466149848,76.8671897764693,,,,12.3839666111678,10601.5702465027,
RAPE,,,,,1274.26481293026,1.65426646039739,2.7540790278875,1.73599670992611,,1273.50624144054,491.033080375775,177.984464802682,9673.74555464723,0.00462178738036727,,0.0001,4034.8377614415,0.00201342046023925,0.195507486432856,,16852.2318370806,1.70574686861125,7039.3471285362,0.604683318760071,,0.0488651175004681,9.37296354803224,1.73599670992611,1.73599670992611,,,194.863065699365,0.115806749101973,0.0622501378396207,0.168926395267994,2437.79936370174,,,196.768943014361,,0.172927230170656,9673.74555464723,4164.62878508857,0.758571489723287,4035.32893458615,,,1.79007056589428,4.86777404347295,0.0001,,,0.414654398912231,1729.52947525166,2397.44490716474,193.208699238968,0.428923006806699,,21.1137013751289,26525.9773917278,
RAPO,,,,,,,0.147401662557075,,,,203.308354742088,139.978253024532,57.9755243943435,14.9377476718614,,4.53503207056244e-05,,0.0748174555830483,0.0208129904898221,,10100.5539086612,0.0671153938955486,11.3677132755057,0.0567464460732003,,0.0698422259940525,,,,,,4.53503207056244e-05,,,,46.6077657685171,,,0.000111684999791089,,0.741230596723785,57.9755243943435,57.8280110467867,,,,,6.63346790854643e-05,4.82927209123246,,,,0.249693626662452,10.4818229972048,4.7805335086857,,,,21.6657777049375,10158.5294330555,
RICE,156.84490733649,8.81589454359961,,,0.611218234585048,8.22973614993355,1169.61442301049,1045.35196834739,0.708615615801084,0.611218234585048,11.0239792089229,269.101739746995,1402.57550172699,,1.7316502102492,4.159029183182,,,2.72718445337062,,738.582258382091,,41.847880662151,11.4096675886801,,0.513948571522132,1.82415726105618,1047.08361855764,1203.92852589413,,7.18221583417479,17.2155320467558,0.151905451480553,0.365294209924345,1.05893337436226,139.58356312395,1.61574148681988,156.826970113886,174.280895667338,,,1404.19124321381,10.3239958047356,,40.544815953058,17.9671672634293,,0.0864880552159828,6.94056671200326,0.177897902985742,,78.8530438770575,,,0.693304797380637,4.82676671364021,40.1795217431337,9.1143458056425,0.865967034295503,2142.7735015959,0.0179372226049367
RYEM,,0.0920387531406992,,,,,,,,,353.487472243429,8.79246426409833,445.857642169486,6.25735922644941,,,7.64066237313792,0.00613719298456363,,,6557.11417283569,0.506770613653809,21.2415249572847,,,,,,,,0.0890445427010643,,,0.00789975129508702,,424.616117212201,0.00299421043963493,,,,13.0950185588253,445.860636379925,438.120035502352,,7.64856212443301,,,,319.840352612662,,,,,0.491807081041807,96.6402389830503,,,,1.28235123368408,7002.97480921561,
SECO,1967.26147883223,3399.83462012449,1707.1152195378,1345.07787134451,1.6178076749432,8.22993614993355,2674.31937829813,1409.36632615586,210.125882767485,1.6178076749432,622.936189974638,596.955129358135,6778.0606499887,,1.7316502102492,116.150388794397,,4.89805246773315,2.78859754370713,0.019030590339685,14031.6886389489,,197.138003271519,473.572991393193,,0.513948571522132,1.82415726105618,3118.23222649424,5085.49370532648,,29.7176069038899,134.679890517212,0.392244637442504,0.365294209924345,1.05893337436226,1360.74905087349,1.61574148681988,305.894457226584,496.528520322806,,,6779.67639147552,165.887350847318,,41.4887142078215,50.0011540092714,,55.5619279415675,6.94056671200326,0.177897902985742,,515.867650563854,,148.441582446513,0.693304797380637,10.2995655728819,41.1234199978972,9.1143458056425,3.08968716263165,20811.3650304244,316.289150261134
SFIS,39.3193761798445,115.011433602372,9.15359817181291,7.67714090570928,33.9641166393315,32.7581851664738,2834.93893993002,67.9001439071297,5.97649502665597,3.0142824823298,54.6066837432333,,7378.63797599794,,1.57733752880905,5.87894289313078,2.96083068843369,,2490.30032750918,,54.8062736307162,4.78492108649003,1919.42396697488,75.3607580879756,4.77557719041939,45.4909556165924,0.569767979046844,78.6310796077516,117.950455787596,8.59175650061035,4.13992222441222,44.2016886162783,115.449397266572,33.4435227764447,2.48304628991025,5297.06186461918,67.2886554230402,4.89011839673736,1808.26449522502,1.23322728934823,593.37764297773,7445.92663142098,1531.91935191392,30.9498341570017,1121.82829411031,15.152910258508,88.7067658720926,1643.72329094544,803.013343497101,4.20454499271287,5.78400793343815,107.341079088083,12.6350239810404,26.0676388326783,1.25640093877199,5.56456055667376,1085.42394064543,,1.50784674897106,7500.7329050517,25.5188895880496
SGMT,0.000664177952199895,0.0602905590543771,,,186.514576384336,0.20508432912411,0.0332364778499873,0.0332364778499873,,6.5784194298796,10.1036034708921,8.47629643474188,188.638207945718,,,,0.0001,0.0001,,,590.025906256055,,187.129583400027,,,,,0.0332364778499873,0.0339006558021872,,0.0497019152983866,0.884730293426515,0.0001,,,0.589993596462921,0.0105886437559905,0.000664177952199895,0.885497148904699,,0.0443423498113895,188.648796589474,1.05058112434926,179.936156954456,0.10461489497997,,0.359684045811718,2.67752598452591e-06,,,,,0.0555977240965908,0.106265725087607,0.345376492433909,0.679645964302405,0.10451489497997,,0.139214787108051,778.674702845529,
SMIP,0.0210082034970953,0.601673934602713,0.41296351567505,,12.100288632957,,0.0884978854690233,,,,16.1464551457075,19.3752335664366,39.1210957966421,,,0.00533125607010985,,,0.0408707149271286,,1102.509546602,,38.0928275407906,2.95112652104762e-05,,0.00351833656408373,0.0341930938503579,0.41296351567505,0.433971719172146,0.0244836595721274,0.181368274495824,0.00533125607010985,,,,0.588965280609265,,0.0136660590652568,0.0189973151353667,0.0073421444318385,1.16445495453723,39.1210957966421,26.311638028478,12.100288632957,,,0.535527615335433,,,0.0195956631404731,,,,24.2694423382564,0.308020026498616,,,,,1141.63064239864,
SOYA,0.958235637039907,0.711316621824403,0.0001,,,,2.14664555804936,0.166079140317484,0.724856943153724,,10.5974295220326,64.5098800813236,14570.7894372598,,,443.809236902063,47.8247793690952,0.0001,0.265119200492952,,1485.50012677939,0.404606486249148,5458.70132468132,0.0001,0.0001,0.154010912997852,,0.166179140317484,1.12441477735739,,,9057.85931771376,0.981968298787138,,0.0465637856022391,53.1043800873525,4.6892362183393e-06,0.247023704451722,9059.32010439884,0.711211932588184,,14570.789441949,50.4609343320277,,5458.15044103829,,,0.23179468183778,,0.396772730034196,,0.0001,1.28567888779945,,33.3651070545104,8614.0500808117,5410.32566166919,0.39294284545091,15.4054419034687,16056.2895687284,
SOYC,5.01170228193029,9.21602429065697,6.26268919723063,1.54357173897042,,12930.6038825427,1184.29559711942,0.172067434047412,0.152595358505953,,236.947720077021,1548.24611168346,32594.6156919105,,,14686.1555551744,46.4358417940039,,548.679404628255,,9511.06575266829,0.205445601071409,2371.67937820937,625.01381030619,,,40.1615030418185,6.43475663127804,11.4464589132083,,,28317.7517760852,33.160008940651,,0.0911944134895781,1893.73807870272,0.0985758070429084,2.15694299554685,28353.1365952823,1.31118754741302,156.090332757725,32594.7142677176,1009.63202017049,,2038.43403085475,,,0.0678672608269363,492.044724696776,,,,28.1409690042026,177.155014596895,55.4700787632897,700.992338368128,1991.99818906075,10.1865249789352,60.3639517087073,42105.7800203859,
SOYO,,4.9282148275407,,,,3.14560606733405,0.435011090215046,,,,4.07264445911784,71.2127659892758,473.177706160697,2.29709479898434,,0.0956976875875645,,0.0001,,,2241.83510464974,1.98873903312941,87.3744683594591,,0.0001,0.379057976758061,,,,,1.89838273245079,194.733531987073,,,,191.069705814165,3.02983209508992,,200.365339038749,,69.1028757969069,476.207538255787,269.787169764221,,0.691803535061667,,,5.63180705167542,61.0604942963484,0.0557531134569845,,0.0001,0.6424923072914,17.1448779372755,64.2911327687515,191.492228232152,0.691803535061667,,53.2593628255332,2718.04264290552,
SUGA,1810.41657149574,3391.01872558089,1707.1152195378,1345.07787134451,1.00658944035815,0.0002,1504.70495528764,364.014357808471,209.417267151684,1.00658944035815,611.912210765715,327.853389611139,5375.48514826171,,,111.991359611215,,4.89805246773315,0.0614130903365113,0.019030590339685,13293.1063805668,,155.290122609368,462.163323804513,,,,2071.14860793661,3881.56517943235,,22.5353910697151,117.464358470456,0.240339185961951,,,1221.16548774954,,149.067487112698,322.247624655468,,,5375.48514826171,155.563355042583,,0.943898254763487,32.0339867458421,,55.4754398863515,,,,437.014606686797,,148.441582446513,,5.47279885924164,0.943898254763487,,2.22372012833614,18668.5915288285,316.271213038529
SUNC,,16.2076895547757,16.1692836861771,,,591.264348974355,12.8678126748032,0.000108935367612726,,,955.103658415389,32.2570228707786,6752.04937151671,0.0242358206539351,,3.79931282203165,,0.240754903446911,12.3411427597185,,3311.38781286517,4.32829198504928,11.3133823223137,,0.0394164564698864,,,16.1693926215447,16.1693926215447,,0.0383055297078177,595.142877061747,,,0.48714452324723,6129.42371951111,0.000100338890718867,,595.142877061747,,0.378829559777474,6752.0494718556,6127.83109256428,,,,,,1863.89129999333,,,,11.1882957264429,10.6937978590894,4144.82663358912,0.0792152653602757,,,92.2589531273615,10063.4372847208,
SUNF,1.78798951949298,4.80996932438794,0.177022005936098,1.77206259114031,,25.8424070661463,18.7843659256037,4.41545138759795,,,1955.19089420481,46.1013125807494,557.51272968227,0.00618332086927463,,,,0.1,14.1835413914819,,9015.83958991068,286.621448194419,39.9056159532415,,,,,4.59247339353405,6.38046291302703,,2.84495779895886,29.917620191717,2.44064692691116,0.000472768976127967,0.184908670741186,481.309030624284,,,32.3596007269704,,,557.51272968227,462.138098534969,,39.4206951703385,0.000433453295931047,,0.00133360834222902,28.57336878769,,,3.10224867676606e-05,25.0736427841894,0.384920782903005,60.0261284172729,4.07521312557077,39.4202224013623,,61.3524062476253,9573.35231959294,0.0159269283526672
SUNO,0.0448665838942668,0.0448665838942668,,0.0448665838942668,,26.331841018126,0.187243724028617,,,,774.675353256457,17.5974900695871,1211.43021325691,0.312309746348619,,0.000164937234034918,0.108170326413186,0.0340724991960727,0.0701637220038624,,2925.66596491796,60.8142820002107,5.44078363639097,,,,0.410059441650031,,0.0448665838942668,0.116749314702166,,26.3320059553601,,0.565896864954557,,1179.61255708127,,,26.3320059553601,,0.0144527980169801,1211.43021325691,1184.08518845464,,0.780908538995441,3.51251602311886e-05,,,5.81761010285286,,,0.000295562162357457,11.4432285976843,4.61134980018247,1024.06598351521,,0.106841347627698,,76.5618399532859,4137.09617817487,
TABO,,79.0711119370106,,,5.33351936675505e-06,1.03380505097198,1.3466387864935,0.000629247063349252,,5.33351936675505e-06,0.548726515854631,23.9731775350821,60.0854889727202,,,0.000879695066901157,,,0.133984408868397,,745.951533724266,,0.135676578934266,,,,,0.000629247063349252,0.000629247063349252,,44.6153873060174,1.03581501459021,0.601511141145725,,1.21202513056176,58.9133681321324,34.4557246309932,,1.63732615573594,,,94.5412136037134,12.3504601455391,,0.1356712454149,,,,,,,,9.34182677565089,,,0.00113026855132783,0.1356712454149,,3.00863336988824,840.49274732798,
TAGR,321.107379506448,373.022244179287,,15.9917415042389,10.5894759370969,4.08030281841579,261.01625128156,4.41108904465357,,10.5603695933568,24.3616261082904,237.711616853815,1489.00805600238,,,24.9745557589825,0.110130439894801,,57.347994713767,0.000569722550882035,1576.07228429865,39.4887855216836,82.2842095035977,126.686372934663,,0.0535579857353877,,4.41165876720445,325.519038273653,,47.2193459404126,29.0548585773983,208.636535275687,,71.3036945497482,1052.14994964774,4.82530993827952,0.13036092840385,307.585873871718,,,1493.83336594066,469.978345090237,0.0291063437400857,71.6411755807654,1.16712134167376,,69.7641190902286,0.109933804118254,,,0.0464207113182378,426.156543088179,,0.033930881118708,,71.5310451408706,,4.18915179513727,3069.90565023932,304.985277073805
TEAS,2.191392168705,5.0219605316534,2.80661327025053,2.11265852463026,,3.95544730021274,32.1043543738272,0.109509795086649,3.20522394266763,,,,163.510929128362,,0.0360084790035079,2.50775163270612,,,15.397162859964,0.0239550926978705,,0.127231611303729,0.998453303529739,3.25749367661742,4.40528433733001,0.885265636429952,,2.97608663703856,5.16747880574356,0.0975259736133528,,7.15399896358159,,,2.74266740361006,150.190998055507,,,7.19918187401643,,,163.510929128362,119.185432348865,,,,,0.0451829104348472,0.670937229208993,0.113187667099787,,0.161320988677948,118.387263508352,,,0.69080003066273,,1.69370361372686,,163.510929128362,0.078733644074743
TEXT,17.6033469560772,64.5230074569123,39.3503704436725,17.357525631236,,0.0583369310780732,12.3993730771341,0.0148980487700102,8.55589602917602,,2.24212003841144,6.75269902377871,153.338349391202,,0.0723352941406913,26.7406913807137,,,0.116049293698273,0.0495315018201441,971.042103193042,0.348448097990954,12.6329305269708,2.25283760100261,0.33246117572125,,1.02216465472551,39.4871352884034,57.0904822444805,,7.75794905988999,26.8107667465326,0.000227902285702258,0.0825253680669277,0.0791929492564946,56.8041698732182,,0.238190504547567,27.3755688773779,0.000999118019508216,,153.338349391202,39.2358525676236,,9.80454741215418,0.95361385003689,,0.326383724012098,,,,0.0220888353318417,34.9050201480573,2.82838311481661,,0.0117384347407368,9.72202204408725,,0.13183655203329,1124.38045258424,0.00663170227409034
TOBA,57.3978037970037,407.786058995267,351.266590249709,50.8300055879885,0.0208256489181468,11.6853063166136,15.0592440008508,0.0667051129804763,1.79898962734344,0.000145640726678694,20.6469709932685,23.1116161051773,648.063874311246,,1.00910658723025,177.130237689102,1.51334623212832,,3.07510528467121,0.00271497871428682,43.9530036682783,0.127678735796705,11.8422940042877,6.54528515733038,1.07912391049459,0.51518846139603,,352.345116928634,409.742920725638,,0.0832373899772163,189.238646925505,2.18099212901308e-06,5.60742896536349,0.424134482718128,37.2400126558146,0.121801011048369,1.08608843118518,191.280437457789,0.0152356555537123,,648.185675322294,22.7328293254952,0.0206800081914681,11.3062798939735,0.226420634075478,,0.955699920106022,,,,0.0887064930205549,5.28150213134119,,0.0150878308952497,0.423102919789495,4.18550469648169,0.230478249590271,17.3085606274621,692.138678990572,5.46647412227628
TOMA,2.34697610011519,161.562238383653,7.00217284630157,,2.04434643721274,,381.880442912027,,,2.04434643721274,84.0079471503053,814.615543695319,701.264084596077,,,,,0.0862097059188758,381.615127976328,,13225.2165679447,,28.2314233677891,,,0.265314935698948,,7.00217284630157,9.34914894641676,,26.0739036568393,,18.9422767472404,,,663.683512281871,128.486161880512,2.34697610011519,21.2892528473556,,0.0650410491028787,829.750246476589,247.676018401079,,15.297947495262,,0.000548630966313821,,,,,,112.458934038903,10.4720151136274,74.2296549453379,,15.297947495262,,50.3636149172224,14054.9668144213,
TROP,1537.85349729017,1814.88678804572,264.764224704783,1289.95302167912,,3.95544730021274,1028.62371477046,3.44023214758605,3.41249775156835,,,,4088.61798901237,,0.0360084790035079,600.380770728895,,,53.7709800087753,56.3867989561755,,0.127231611303729,32.0647600379124,124.959154803046,149.21071897684,0.885265636429952,,324.627264287548,1862.48076157771,1.56697201776078,,605.485541289339,1.9825597053676,31.0661067343826,2.74266740361006,1588.58692610741,,44.1177329053987,1094.85574711294,203.704009061571,,4088.61798901237,119.185432348865,,31.0663067343826,,,443.269913212836,0.670937229208993,0.113187667099787,,0.172363676118354,118.387263508352,,,1.14932326023148,0.0002,688.313666202619,,4088.61798901237,0.078733644074743
TWIN,220.466812675405,227.584619395472,0.224596893008399,0.135032131457416,127.682138319249,39.8250502766016,1.87635789035477,,,103.682074222784,52.7103672576964,348.0726410123,731.023785937821,0.693156411720941,,0.43196496492503,,0.775496763762115,0.738288173774176,0.000626348868652757,13414.367950569,37.7603446459056,194.148942142471,,,0.0604696151905372,0.00613054167283551,0.225223241877052,220.692035917282,,2.49971343958693,40.6572132793749,187.481459748057,0.506292536091741,0.943560552114213,275.525594598693,4.49397213351096,0.101102094907674,228.777793919493,,,735.517758071332,87.9473697193138,24.0000640964655,61.6494788274487,,,0.538018797153443,0.402460537795934,,,,1.43966589382019,3.98135861682054,1.83642654484108,0.40019803784828,61.1431862913569,0.134039549275844,41.0523297629746,14149.8857086403,220.23067844904
VGPM,2431.90671849382,4516.90259125328,151.233695561945,859.449072203213,415.69152972902,691.157918799267,4081.57664296111,4.41171829171692,125.601833193101,135.650287293804,2376.27050605784,6228.52471647384,26261.0082678955,33.4683770157442,1.06827347479628,5019.70208712714,70.1569415283908,4.09901089668609,2348.72499192232,3.21578399453719,102070.811070914,324.622079592403,2163.40612526008,691.563010669388,133.785833186383,3.6139545139216,6.0784759135909,159.929471322995,2591.83618981682,10.0050238649012,1213.20627418881,5783.60321253842,847.21969629452,397.021911679295,190.656645121119,15722.1627402802,989.917663728621,272.577544714456,13321.1927040432,10.5546020053899,5.65668311585512,27250.9259316241,3640.26243758731,280.041242435216,1275.30002605018,20.2021424204703,0.00200056090571826,6417.7922504958,62.7556571647154,7.88622839021129,,453.536942359398,2007.17667242728,451.156692003304,272.11071892345,72.7432066120124,808.12117284249,90.5200455533865,473.136069973371,129321.737002538,1289.32549957076
WHEA,151.035260658606,198.712336590003,44.5362968999555,150.73730093527,20.6894185443687,4.09052678544315,5.6534352050955,,,20.6894185443687,15647.69770726,1263.62983315114,2503.69530634895,3.31194925493149,0.2896710027551,,107.089820552125,0.0864915680369741,,0.215172263781964,101544.845298757,37.7255106605678,890.66659607791,,,,27.0122532518103,45.0411401664926,196.076400825098,0.730599525135179,2.88464367384185,4.09052678544315,,12.9233154915141,2.4145476719397,1412.8617826605,0.338922817153477,0.297959723335795,5.26948236259834,,7.68519031547246,2504.03422916611,1552.46435085326,,721.245205610786,,,0.880995853819394,72.5883264437204,1.89987321420685,,0.318743791058661,20.2976972072159,139.060416825038,1004.69511897973,,601.232069567147,,240.001396346733,104048.879527923,
WHEP,,,,,,,0.00770076050657876,,,,92.5770279678796,23.0422398708709,65.6731622376686,9.29107364617126,,,0.910674868184306,2.39687720985011,,,1307.62094630499,,55.8058904731194,0.00770076050657876,,,,,,,,,,,,9.86727176454922,,,,,6.04307172330544,65.6731622376686,57.927308073919,,7.73815340324306,,,,,,,,,39.6277881367208,0.513314587093742,,6.82747853505875,,0.0551827707776358,1373.29410854265,
WMIO,0.0365073785586449,0.195627652985917,0.159120274427272,0.0365073785586449,13.6768944043196,,,,,,1.7448695570503,23.7897776490517,33.8156168815626,,,,,0.0114544383496278,,,467.618120183703,,33.121877893783,,,,,0.159120274427272,0.195627652985917,,,,,0.493770428304551,,0.4981113347936,,,,,0.0001,33.8156168815625,19.4493243959525,13.6768944043196,0.493770428304551,,,,,,,,0.280841781915992,18.9396586228093,0.217269552877608,,,,,501.433737065265,
