region,zone,pct
DK000000,10,100
DK000000,Cool,100
BL000000,Cool,100
DE000000,Cool,100
EL000000,Cool,51
EL000000,Temperate,49
ES000000,Cool,65
ES000000,Temperate,35
FR000000,Cool,99
FR000000,Temperate,1
IR000000,Cool,100
IT000000,Cool,60
IT000000,Temperate,40
NL000000,Cool,100
AT000000,Cool,100
PT000000,Cool,18
PT000000,Temperate,82
SE000000,Cool,100
FI000000,Cool,100
UK000000,Cool,100
CY000000,Temperate,100
CZ000000,Cool,100
EE000000,Cool,100
HU000000,Cool,100
LT000000,Cool,100
LV000000,Cool,100
MT000000,Temperate,100
PL000000,Cool,100
SI000000,10,84
SI000000,11,14
SI000000,12,1
SI000000,13,1
SI000000,Cool,100
SK000000,Cool,100
BG000000,Cool,100
RO000000,Cool,100
NO000000,Cool,100
BL210000,10,74
BL210000,11,26
BL220000,10,81
BL220000,11,19
BL230000,10,70
BL230000,11,30
BL250000,10,77
BL250000,11,23
BL310000,10,88
BL310000,11,12
BL320000,10,82
BL320000,11,18
BL350000,10,99
BL350000,11,1
DE120000,10,86
DE120000,11,14
DE130000,10,94
DE130000,11,6
DE710000,10,99
DE710000,11,1
DEA10000,10,88
DEA10000,11,12
DEA20000,10,96
DEA20000,11,4
DEB30000,10,90
DEB30000,11,10
EL300000,15,19
EL300000,16,45
EL300000,17,33
EL300000,18,3
EL110000,10,2
EL110000,11,3
EL110000,12,2
EL110000,13,21
EL110000,14,63
EL110000,15,9
EL120000,10,10
EL120000,11,4
EL120000,12,11
EL120000,13,22
EL120000,14,32
EL120000,15,20
EL120000,16,1
EL130000,10,48
EL130000,11,33
EL130000,12,18
EL130000,13,1
EL140000,10,8
EL140000,11,9
EL140000,12,12
EL140000,13,14
EL140000,14,29
EL140000,15,27
EL140000,16,1
EL210000,10,12
EL210000,11,14
EL210000,12,8
EL210000,13,21
EL210000,14,29
EL210000,15,13
EL210000,16,2
EL210000,17,1
EL220000,14,1
EL220000,15,44
EL220000,16,49
EL220000,17,5
EL220000,18,1
EL230000,11,1
EL230000,12,13
EL230000,13,13
EL230000,14,7
EL230000,15,27
EL230000,16,29
EL230000,17,10
EL240000,10,4
EL240000,11,4
EL240000,12,4
EL240000,13,7
EL240000,14,27
EL240000,15,37
EL240000,16,14
EL240000,17,3
EL250000,10,2
EL250000,11,2
EL250000,12,3
EL250000,13,26
EL250000,14,24
EL250000,15,20
EL250000,16,19
EL250000,17,4
EL410000,15,55
EL410000,16,44
EL410000,17,1
EL420000,16,17
EL420000,17,42
EL420000,18,36
EL420000,19,5
EL430000,13,1
EL430000,14,10
EL430000,15,14
EL430000,16,38
EL430000,17,33
EL430000,18,4
ES300000,10,17
ES300000,11,14
ES300000,12,30
ES300000,13,21
ES300000,14,13
ES300000,15,5
ES110000,10,1
ES110000,11,40
ES110000,12,32
ES110000,13,26
ES110000,14,1
ES120000,10,28
ES120000,11,30
ES120000,12,16
ES120000,13,23
ES120000,14,3
ES130000,10,24
ES130000,11,22
ES130000,12,32
ES130000,13,14
ES130000,14,8
ES210000,11,21
ES210000,12,23
ES210000,13,50
ES210000,14,6
ES220000,10,15
ES220000,11,36
ES220000,12,25
ES220000,13,14
ES220000,14,10
ES230000,10,56
ES230000,11,12
ES230000,12,23
ES230000,13,7
ES230000,14,2
ES240000,10,21
ES240000,11,14
ES240000,12,6
ES240000,13,10
ES240000,14,31
ES240000,15,18
ES410000,10,16
ES410000,11,30
ES410000,12,42
ES410000,13,12
ES420000,10,8
ES420000,11,4
ES420000,12,4
ES420000,13,17
ES420000,14,45
ES420000,15,21
ES420000,16,1
ES430000,12,2
ES430000,13,4
ES430000,14,5
ES430000,15,19
ES430000,16,41
ES430000,17,25
ES430000,18,4
ES510000,10,10
ES510000,11,8
ES510000,12,16
ES510000,13,13
ES510000,14,30
ES510000,15,20
ES510000,16,3
ES520000,11,1
ES520000,12,2
ES520000,13,4
ES520000,14,12
ES520000,15,30
ES520000,16,27
ES520000,17,21
ES520000,18,3
ES530000,15,2
ES530000,16,82
ES530000,17,16
ES610000,11,1
ES610000,12,3
ES610000,13,5
ES610000,14,9
ES610000,15,17
ES610000,16,18
ES610000,17,23
ES610000,18,21
ES610000,19,3
ES620000,12,5
ES620000,13,11
ES620000,14,15
ES620000,15,15
ES620000,16,21
ES620000,17,31
ES620000,18,2
FR100000,10,41
FR100000,11,48
FR100000,12,11
FR300000,10,83
FR300000,11,17
FR210000,10,84
FR210000,11,16
FR220000,10,74
FR220000,11,26
FR230000,10,71
FR230000,11,29
FR240000,10,23
FR240000,11,58
FR240000,12,19
FR250000,10,45
FR250000,11,52
FR250000,12,3
FR260000,10,57
FR260000,11,39
FR260000,12,4
FR420000,10,83
FR420000,11,17
FR430000,10,86
FR430000,11,14
FR510000,10,12
FR510000,11,42
FR510000,12,39
FR510000,13,7
FR520000,10,4
FR520000,11,73
FR520000,12,23
FR530000,11,47
FR530000,12,43
FR530000,13,10
FR610000,10,3
FR610000,11,11
FR610000,12,25
FR610000,13,45
FR610000,14,16
FR620000,10,33
FR620000,11,18
FR620000,12,23
FR620000,13,22
FR620000,14,4
FR630000,10,69
FR630000,11,27
FR630000,12,4
FR710000,10,64
FR710000,11,27
FR710000,12,8
FR710000,13,1
FR720000,10,86
FR720000,11,13
FR720000,12,1
FR810000,10,66
FR810000,11,5
FR810000,12,6
FR810000,13,10
FR810000,14,8
FR810000,15,4
FR810000,16,1
FR820000,10,53
FR820000,11,9
FR820000,12,8
FR820000,13,8
FR820000,14,16
FR820000,15,6
FR830000,10,20
FR830000,11,11
FR830000,12,9
FR830000,13,18
FR830000,14,22
FR830000,15,16
FR830000,16,4
IT200000,10,7
IT200000,11,4
IT200000,12,45
IT200000,13,44
IT400000,10,8
IT400000,11,15
IT400000,12,32
IT400000,13,43
IT400000,14,2
IT600000,10,3
IT600000,11,4
IT600000,12,6
IT600000,13,17
IT600000,14,32
IT600000,15,31
IT600000,16,7
IT800000,11,1
IT800000,12,6
IT800000,13,27
IT800000,14,25
IT800000,15,32
IT800000,16,9
ITA00000,11,1
ITA00000,12,2
ITA00000,13,4
ITA00000,14,14
ITA00000,15,26
ITA00000,16,29
ITA00000,17,21
ITA00000,18,3
ITB00000,12,1
ITB00000,13,2
ITB00000,14,27
ITB00000,15,39
ITB00000,16,24
ITB00000,17,7
IT110000,10,22
IT110000,11,13
IT110000,12,55
IT110000,13,10
IT130000,10,29
IT130000,11,29
IT130000,12,23
IT130000,13,11
IT130000,14,7
IT130000,15,1
IT320000,10,14
IT320000,11,4
IT320000,12,34
IT320000,13,44
IT320000,14,4
IT330000,10,33
IT330000,11,6
IT330000,12,21
IT330000,13,36
IT330000,14,4
IT510000,10,5
IT510000,11,6
IT510000,12,13
IT510000,13,26
IT510000,14,31
IT510000,15,18
IT510000,16,1
IT520000,10,3
IT520000,11,17
IT520000,12,41
IT520000,13,34
IT520000,14,5
IT530000,10,5
IT530000,11,6
IT530000,12,21
IT530000,13,37
IT530000,14,28
IT530000,15,3
IT710000,10,25
IT710000,11,6
IT710000,12,17
IT710000,13,26
IT710000,14,22
IT710000,15,4
IT720000,10,2
IT720000,11,9
IT720000,12,14
IT720000,13,43
IT720000,14,22
IT720000,15,8
IT720000,16,2
IT910000,13,9
IT910000,14,33
IT910000,15,28
IT910000,16,26
IT910000,17,4
IT920000,10,1
IT920000,11,7
IT920000,12,23
IT920000,13,30
IT920000,14,20
IT920000,15,13
IT920000,16,5
IT920000,17,1
IT930000,10,5
IT930000,11,7
IT930000,12,3
IT930000,13,3
IT930000,14,8
IT930000,15,22
IT930000,16,34
IT930000,17,18
NL330000,10,99
NL330000,11,1
NL340000,10,72
NL340000,11,28
NL410000,10,99
NL410000,11,1
NL420000,10,87
NL420000,11,13
AT110000,10,98
AT110000,11,2
AT120000,10,98
AT120000,11,2
PT110000,10,1
PT110000,11,5
PT110000,12,11
PT110000,13,17
PT110000,14,46
PT110000,15,20
PT150000,16,12
PT150000,17,70
PT150000,18,18
PT160000,12,2
PT160000,13,9
PT160000,14,8
PT160000,15,15
PT160000,16,48
PT160000,17,18
PT170000,16,1
PT170000,17,67
PT170000,18,32
PT180000,15,1
PT180000,16,39
PT180000,17,54
PT180000,18,6
UKH00000,10,98
UKH00000,11,2
UKJ00000,10,95
UKJ00000,11,5
UKK00000,10,93
UKK00000,11,7
HU100000,10,41
HU100000,11,52
HU100000,12,7
HU210000,10,49
HU210000,11,47
HU210000,12,4
HU220000,10,71
HU220000,11,29
HU230000,10,41
HU230000,11,50
HU230000,12,9
HU310000,10,88
HU310000,11,12
HU320000,10,73
HU320000,11,26
HU320000,12,1
HU330000,10,36
HU330000,11,50
HU330000,12,14
PL430000,10,96
PL430000,11,4
SK010000,10,93
SK010000,11,7
SK020000,10,92
SK020000,11,8
BG010000,10,7
BG010000,11,49
BG010000,12,44
BG020000,10,15
BG020000,11,46
BG020000,12,39
BG030000,10,15
BG030000,11,58
BG030000,12,26
BG030000,13,1
BG040000,10,92
BG040000,11,3
BG040000,12,3
BG040000,13,2
BG050000,10,19
BG050000,11,30
BG050000,12,42
BG050000,13,9
BG060000,10,2
BG060000,11,8
BG060000,12,58
BG060000,13,32
RO010000,10,98
RO010000,11,2
RO020000,10,33
RO020000,11,43
RO020000,12,24
RO030000,10,31
RO030000,11,40
RO030000,12,29
RO040000,10,38
RO040000,11,39
RO040000,12,23
RO050000,10,47
RO050000,11,41
RO050000,12,12
RO060000,10,97
RO060000,11,3
RO080000,10,12
RO080000,11,44
RO080000,12,44
