region,crop,own_price_elas
BL000000,SWHE,0.8964054586629874
BL000000,BARL,2.336933358356656
BL000000,OATS,3.78222331408925
BL000000,MAIZ,1.22232752826217
BL000000,OCER,1.179111241543469
BL000000,RAPE,0.8260527870330163
BL000000,POTA,0.5920504561974436
BL000000,SUGB,0.6342207395892474
BL000000,MAIF,0.5074046929304624
BL000000,OFAR,0.6086748844697351
BL210000,SWHE,3.250514132570874
BL210000,MAIZ,1.068779312261613
BL210000,POTA,2.700344393498481
BL210000,MAIF,1.020782649523796
BL210000,OFAR,0.5233483883945222
BL220000,SWHE,0.6991005494947125
BL220000,BARL,2.53313704142154
BL220000,MAIZ,0.7010940044639571
BL220000,POTA,0.5165233683774539
BL220000,SUGB,0.5334453296350732
BL220000,MAIF,0.3297660339210689
BL220000,OFAR,0.4059384248472657
BL230000,SWHE,1.676597533980561
BL230000,BARL,7.442262682908345
BL230000,MAIZ,1.212058223724639
BL230000,OCER,2.615462538175214
BL230000,POTA,0.3365567003452613
BL230000,SUGB,1.028661174282447
BL230000,MAIF,0.2932317415326098
BL230000,OFAR,0.7819977166397871
BL240000,SWHE,0.9041505239492014
BL240000,BARL,3.119400727559285
BL240000,MAIZ,2.37587005787742
BL240000,POTA,0.5183523957462317
BL240000,SUGB,0.7227227646731107
BL240000,MAIF,1.35623974281179
BL240000,OFAR,0.9878226724160823
BL250000,SWHE,1.526517119032922
BL250000,BARL,10.83235361217096
BL250000,MAIZ,0.8348842626824914
BL250000,POTA,0.3101089967407533
BL250000,SUGB,0.868630405967785
BL250000,MAIF,0.3346282971499005
BL250000,OFAR,0.719208320726745
BL310000,SWHE,0.3921941684255422
BL310000,BARL,1.58665191198432
BL310000,POTA,1.20886628740937
BL310000,SUGB,0.6095675993357884
BL310000,MAIF,0.6710934100492429
BL310000,OFAR,1.415437317392976
BL320000,SWHE,0.6385721970686666
BL320000,BARL,1.824569738543601
BL320000,POTA,0.5233316128454856
BL320000,SUGB,0.4355684986180466
BL320000,MAIF,0.3115143309952814
BL320000,OFAR,1.444710450420138
BL330000,SWHE,0.4204863110876277
BL330000,BARL,0.9444745857793861
BL330000,POTA,1.109266516133931
BL330000,SUGB,0.5796238321728899
BL330000,MAIF,0.4503339249920162
BL330000,OFAR,1.963368690276785
BL340000,SWHE,2.229152905423422
BL340000,BARL,3.498133899272452
BL340000,OATS,4.59299550270538
BL340000,OCER,0.1836251567525082
BL340000,MAIF,0.9478150972135173
BL340000,OFAR,0.3181589865868681
BL350000,SWHE,0.8046757522070723
BL350000,BARL,1.498911185841494
BL350000,RAPE,0.8471793996006847
BL350000,POTA,1.835937226665749
BL350000,SUGB,0.6144201056421131
BL350000,MAIF,0.5774263399489236
BL350000,OFAR,0.9156198033781708
BL400000,SWHE,0.9902032680434273
BL400000,BARL,1.512653619603917
BL400000,OATS,3.225860488124388
BL400000,OCER,1.130302404373678
BL400000,RAPE,0.8058149442025154
BL400000,MAIF,0.1806814435549353
BL400000,OFAR,0.2129580947368993
DK000000,SWHE,0.7981421542295609
DK000000,RYEM,3.875411752758959
DK000000,BARL,0.7225412508921737
DK000000,OATS,2.310345576334268
DK000000,OCER,1.244520485358417
DK000000,RAPE,1.264039674741484
DK000000,PULS,7.356577728179364
DK000000,POTA,1.440578549962507
DK000000,SUGB,1.434980188496124
DK000000,MAIF,2.055604143329158
DK000000,OFAR,0.7688360691052176
DE000000,SWHE,1.653847197324402
DE000000,DWHE,2.847277141672635
DE000000,RYEM,2.767214338505245
DE000000,BARL,1.730213122222019
DE000000,OATS,3.885613585225014
DE000000,MAIZ,1.691399650539726
DE000000,OCER,2.510578568156546
DE000000,RAPE,1.01819215529604
DE000000,SUNF,11.00933367455315
DE000000,PULS,2.333471152889215
DE000000,POTA,1.878368741660537
DE000000,SUGB,3.114397427841615
DE000000,MAIF,1.555225268981143
DE000000,OFAR,4.115048019589457
DE110000,SWHE,1.605761073992895
DE110000,RYEM,7.661878012212344
DE110000,BARL,0.8401039548432743
DE110000,OATS,2.727931796397106
DE110000,MAIZ,1.921769355698598
DE110000,OCER,2.115848895286105
DE110000,RAPE,0.7618294780956163
DE110000,PULS,2.568875069545844
DE110000,POTA,27.09256390086758
DE110000,SUGB,4.329995329510088
DE110000,MAIF,1.459946390891126
DE110000,OFAR,4.251855837864412
DE120000,SWHE,1.587099257334998
DE120000,RYEM,4.648101807571018
DE120000,BARL,1.330412850679021
DE120000,OATS,4.739514252472063
DE120000,MAIZ,1.528989575488785
DE120000,OCER,2.639805165714254
DE120000,RAPE,0.8039993733091192
DE120000,PULS,6.852004114177868
DE120000,POTA,1.683889569897222
DE120000,SUGB,3.111293846216876
DE120000,MAIF,1.236870308255297
DE120000,OFAR,5.24967020386551
DE130000,SWHE,1.03446455936661
DE130000,BARL,0.977847119064414
DE130000,OATS,11.07913339147006
DE130000,MAIZ,1.227639452046092
DE130000,OCER,3.965298372405692
DE130000,RAPE,0.7238444131237046
DE130000,POTA,1.224370852148455
DE130000,SUGB,4.416832428258939
DE130000,MAIF,1.14017958727943
DE130000,OFAR,16.88911191616367
DE140000,SWHE,1.812534162184412
DE140000,RYEM,6.949754961630321
DE140000,BARL,0.9067732506983348
DE140000,OATS,2.10967941185514
DE140000,MAIZ,2.247480926737078
DE140000,OCER,3.131947085930225
DE140000,RAPE,0.7505409532922587
DE140000,PULS,2.430313545834507
DE140000,POTA,1.631324389244745
DE140000,MAIF,2.432831059770065
DE140000,OFAR,4.029826661629928
DE210000,SWHE,1.434098268985509
DE210000,RYEM,3.638133962503341
DE210000,BARL,0.8493114119404126
DE210000,OATS,0.9702367897289583
DE210000,MAIZ,1.246019425467925
DE210000,OCER,2.377273397082287
DE210000,RAPE,0.7811476869855056
DE210000,PULS,1.521337956518936
DE210000,POTA,3.177210464999293
DE210000,SUGB,2.470383016701594
DE210000,MAIF,1.248453981781865
DE210000,OFAR,5.399774783585313
DE220000,SWHE,1.350386974806933
DE220000,RYEM,3.970299602863244
DE220000,BARL,0.9513913479047442
DE220000,OATS,1.968029216618343
DE220000,MAIZ,0.9400723740837755
DE220000,OCER,1.525336993961731
DE220000,RAPE,1.10326007205716
DE220000,SUNF,8.007732346759743
DE220000,PULS,1.386753828215249
DE220000,POTA,6.544543898102614
DE220000,SUGB,2.107831557330294
DE220000,MAIF,0.8354832159187072
DE220000,OFAR,6.568211318195821
DE230000,SWHE,1.571980239977332
DE230000,RYEM,3.998640774859976
DE230000,BARL,1.300628715414646
DE230000,OATS,0.8217297181399786
DE230000,MAIZ,2.075243425806713
DE230000,OCER,1.419969516044806
DE230000,RAPE,0.7715657439291294
DE230000,PULS,2.354241293806551
DE230000,POTA,0.6133703810175608
DE230000,SUGB,3.372491860198021
DE230000,MAIF,1.602330062444123
DE230000,OFAR,4.742629409902965
DE240000,SWHE,1.951758199281146
DE240000,RYEM,3.310697438766236
DE240000,BARL,1.057241051999862
DE240000,OATS,1.218875272743812
DE240000,OCER,2.125909845308601
DE240000,RAPE,0.6469954469717344
DE240000,PULS,1.438199614697781
DE240000,POTA,2.973052485076474
DE240000,SUGB,4.113346981209149
DE240000,MAIF,1.487434992219755
DE240000,OFAR,4.270847191214415
DE250000,SWHE,0.8798815811740388
DE250000,RYEM,3.369992742556309
DE250000,BARL,1.628405457976706
DE250000,OATS,28.57440648578381
DE250000,MAIZ,4.951619646574964
DE250000,OCER,13.2670028206752
DE250000,RAPE,0.8600497474716243
DE250000,PULS,1.958975782566605
DE250000,POTA,2.311747571260282
DE250000,SUGB,2.694304547555298
DE250000,MAIF,1.795086025849737
DE250000,OFAR,5.039056564569234
DE260000,SWHE,1.614188144065669
DE260000,DWHE,4.566172038707573
DE260000,RYEM,4.180190082241615
DE260000,BARL,1.085361691822987
DE260000,OATS,2.708329717116122
DE260000,MAIZ,2.224097214790463
DE260000,OCER,2.474057917004479
DE260000,RAPE,1.016395653954818
DE260000,SUNF,5.96071931850998
DE260000,PULS,0.480389375301696
DE260000,POTA,3.292854790549251
DE260000,SUGB,3.797897281090542
DE260000,MAIF,1.094628575597353
DE260000,OFAR,5.447331489999149
DE270000,SWHE,1.49716990851363
DE270000,RYEM,6.517340122799513
DE270000,BARL,0.9365746585069504
DE270000,OATS,10.21973740485414
DE270000,MAIZ,2.552904813833447
DE270000,OCER,9.244272598708221
DE270000,RAPE,1.247980024409567
DE270000,PULS,2.067869801878079
DE270000,POTA,1.712915938613629
DE270000,SUGB,3.042206259970067
DE270000,MAIF,1.462044108873847
DE270000,OFAR,5.482598571641065
DE400000,SWHE,2.09801315573853
DE400000,RYEM,1.782237889393832
DE400000,BARL,2.663263908647864
DE400000,OATS,4.953725269214212
DE400000,MAIZ,4.517686270310297
DE400000,OCER,0.5305332286996748
DE400000,RAPE,2.181250687722748
DE400000,SUNF,7.268484663951524
DE400000,PULS,3.682394470925138
DE400000,POTA,1.005235421016579
DE400000,SUGB,5.172118577547538
DE400000,MAIF,2.754272108438655
DE400000,OFAR,6.723890011759788
DE710000,SWHE,0.007758972124331021
DE710000,RYEM,2.352302227785416
DE710000,BARL,0.03613001185778505
DE710000,OATS,2.610078878328566
DE710000,MAIZ,1.25918772833519
DE710000,OCER,1.471922258714963
DE710000,RAPE,0.00308247622768438
DE710000,PULS,0.9652580215683723
DE710000,POTA,9.296439513794164
DE710000,SUGB,1.693652984334934
DE710000,MAIF,0.008149444116465673
DE710000,OFAR,1.97762624725336
DE720000,SWHE,0.01066782262877678
DE720000,RYEM,2.545292653304388
DE720000,BARL,0.02853115094318087
DE720000,OATS,1.755747990239571
DE720000,OCER,1.157412714554753
DE720000,RAPE,0.003099305319165103
DE720000,PULS,1.096643670570125
DE720000,SUGB,4.858803227412534
DE720000,MAIF,0.9437211205837469
DE720000,OFAR,2.582264816054161
DE730000,SWHE,0.009707096765957402
DE730000,RYEM,2.508760705410547
DE730000,BARL,0.03275310381047096
DE730000,OATS,1.651586522166267
DE730000,OCER,0.9623686743065029
DE730000,RAPE,0.003486316954969506
DE730000,PULS,1.26668490926974
DE730000,SUGB,2.159752127320144
DE730000,MAIF,2.356359980560145
DE730000,OFAR,1.319267964839012
DE800000,SWHE,0.7522194224155211
DE800000,RYEM,1.048985418323378
DE800000,BARL,0.7983486094874124
DE800000,OATS,2.045027569412346
DE800000,MAIZ,1.924243026086905
DE800000,OCER,0.7803910887013684
DE800000,RAPE,0.1938749178024069
DE800000,PULS,1.55610815902339
DE800000,POTA,0.3068936471363509
DE800000,SUGB,1.227016748494097
DE800000,MAIF,0.4773226662784018
DE800000,OFAR,6.977533276747339
DE910000,SWHE,0.396947827747253
DE910000,RYEM,1.219775592362419
DE910000,BARL,0.3988157161597524
DE910000,OATS,1.173092855661545
DE910000,OCER,0.6034621403430751
DE910000,RAPE,0.2321382475444147
DE910000,PULS,0.8493477116340108
DE910000,POTA,0.7197143261683729
DE910000,SUGB,0.4236769089143188
DE910000,MAIF,0.542615676933693
DE910000,OFAR,3.11017599316382
DE920000,SWHE,0.558518754471451
DE920000,RYEM,1.032068283792607
DE920000,BARL,0.4199165679194153
DE920000,OATS,0.8049846634113398
DE920000,MAIZ,0.6945107954313003
DE920000,OCER,1.111732971382197
DE920000,RAPE,0.2619587107548578
DE920000,PULS,0.5806376254840853
DE920000,POTA,0.3025665956372677
DE920000,SUGB,0.6718648161263697
DE920000,MAIF,0.3362721116221564
DE920000,OFAR,4.385515926028078
DE930000,SWHE,1.021235213908521
DE930000,RYEM,1.240249957524249
DE930000,BARL,0.7504596219935823
DE930000,OATS,0.8923706237339244
DE930000,MAIZ,2.378784929094944
DE930000,OCER,1.879913906256506
DE930000,RAPE,0.2800472214418895
DE930000,PULS,1.227998055716135
DE930000,POTA,0.2626550976417083
DE930000,SUGB,1.093718113322372
DE930000,MAIF,0.4295040548165645
DE930000,OFAR,5.249903511703161
DE940000,SWHE,1.134201674445522
DE940000,RYEM,1.520747079828424
DE940000,BARL,0.8477079674980065
DE940000,OATS,1.012347935647819
DE940000,MAIZ,0.9814146978461847
DE940000,OCER,1.412897874203439
DE940000,RAPE,0.597776581020227
DE940000,POTA,0.4195828440960372
DE940000,SUGB,1.645705391113885
DE940000,MAIF,0.5414487607111893
DE940000,OFAR,3.826367573298413
DEA10000,SWHE,2.227742255245306
DEA10000,RYEM,6.545620618380706
DEA10000,BARL,2.003352415803027
DEA10000,OATS,4.236203286157957
DEA10000,MAIZ,1.262465814336022
DEA10000,OCER,3.872608014521056
DEA10000,RAPE,1.785420878390952
DEA10000,POTA,1.366302305412034
DEA10000,SUGB,1.988403083559543
DEA10000,MAIF,3.107569590136187
DEA10000,OFAR,2.605390525969031
DEA20000,SWHE,1.391275809692068
DEA20000,RYEM,12.3339978080584
DEA20000,BARL,2.303408372515857
DEA20000,OATS,4.542871248075047
DEA20000,MAIZ,6.277538081268332
DEA20000,OCER,6.757626806924441
DEA20000,RAPE,0.8768620197113931
DEA20000,POTA,1.372573694384222
DEA20000,SUGB,3.432830727058323
DEA20000,MAIF,2.177946598103309
DEA20000,OFAR,3.295544904958639
DEA30000,SWHE,1.991233970346241
DEA30000,RYEM,6.259061217094504
DEA30000,BARL,2.090769629724303
DEA30000,OATS,1.528833218247185
DEA30000,MAIZ,0.9303687211535574
DEA30000,OCER,4.894029101581644
DEA30000,RAPE,1.245589905335425
DEA30000,POTA,2.173100942228604
DEA30000,SUGB,5.427350996315282
DEA30000,MAIF,1.31215559978893
DEA30000,OFAR,2.711760201656021
DEA40000,SWHE,1.634596444130735
DEA40000,RYEM,6.911013747973413
DEA40000,BARL,1.739210658397806
DEA40000,OATS,3.706289280775446
DEA40000,MAIZ,1.337253952144494
DEA40000,OCER,4.078781745740789
DEA40000,RAPE,0.7848854157464646
DEA40000,PULS,4.644544925121077
DEA40000,POTA,4.884227114526051
DEA40000,SUGB,3.713826655119957
DEA40000,MAIF,1.851581213037627
DEA40000,OFAR,2.898782017803223
DEA50000,SWHE,1.595353120406072
DEA50000,RYEM,6.31122088183582
DEA50000,BARL,2.468926083007405
DEA50000,OATS,2.301370916909865
DEA50000,MAIZ,4.517255913701858
DEA50000,OCER,2.607916698921779
DEA50000,RAPE,0.8117396230654564
DEA50000,POTA,6.165777640643248
DEA50000,SUGB,7.163320104416191
DEA50000,MAIF,1.222848370170659
DEB10000,SWHE,1.191265566060765
DEB10000,RYEM,4.599703142799052
DEB10000,BARL,1.368466217462245
DEB10000,OATS,2.793204829589788
DEB10000,OCER,1.229507073740173
DEB10000,RAPE,0.6592194113750655
DEB10000,PULS,4.343083096145484
DEB10000,POTA,2.96690795474864
DEB10000,SUGB,5.844451568587394
DEB10000,MAIF,2.346267570397434
DEB10000,OFAR,2.433740584409321
DEB20000,SWHE,31.27934391318668
DEB20000,BARL,26.06715647759509
DEB20000,OATS,110.9976448127979
DEB20000,OCER,42.85830982397527
DEB20000,RAPE,10.65819791776425
DEB20000,MAIF,3.412395404692987
DEB20000,OFAR,6.762788403496968
DEB30000,SWHE,2.040985616464403
DEB30000,DWHE,7.019764477727946
DEB30000,RYEM,6.153575809459145
DEB30000,BARL,1.79918725147994
DEB30000,OATS,6.69047311816409
DEB30000,MAIZ,1.851340673006691
DEB30000,OCER,1.729911618123622
DEB30000,RAPE,1.06804008459968
DEB30000,PULS,4.211948585981577
DEB30000,POTA,5.11985800963769
DEB30000,SUGB,3.922401173866264
DEB30000,MAIF,2.814463495284445
DEB30000,OFAR,4.224452412437885
DEC00000,SWHE,10.78984308482681
DEC00000,RYEM,8.596571263564341
DEC00000,BARL,11.71306212472519
DEC00000,OATS,18.09688959563249
DEC00000,OCER,14.69859025346938
DEC00000,RAPE,5.023159923969845
DEC00000,MAIF,8.553127968491765
DEC00000,OFAR,4.046438967205177
DED00000,SWHE,0.01618135512817551
DED00000,RYEM,0.05279522119173292
DED00000,BARL,0.0486949134048108
DED00000,OATS,0.0502189682502346
DED00000,MAIZ,0.06668506551215
DED00000,OCER,0.02873418858576299
DED00000,RAPE,0.01167596033351389
DED00000,SUNF,18.91669689351986
DED00000,PULS,0.0514169227936436
DED00000,POTA,0.6960204696234289
DED00000,SUGB,0.1077088836271572
DED00000,MAIF,0.05915822157769056
DED00000,OFAR,13.15864282354655
DEE00000,SWHE,1.270703740792883
DEE00000,DWHE,4.656847058689093
DEE00000,RYEM,1.852631034429454
DEE00000,BARL,1.108509355656563
DEE00000,OATS,3.547023281045119
DEE00000,MAIZ,2.191902420082736
DEE00000,OCER,1.911992900038747
DEE00000,RAPE,1.12173401974232
DEE00000,SUNF,24.56777894364625
DEE00000,PULS,0.3249869425027739
DEE00000,POTA,0.4787362585696611
DEE00000,SUGB,2.719510833740375
DEE00000,MAIF,0.9741355783442194
DEE00000,OFAR,3.931967066242882
DEF00000,SWHE,3.319006554297597
DEF00000,RYEM,12.97568732420057
DEF00000,BARL,5.313377275433822
DEF00000,OATS,5.153310091521845
DEF00000,OCER,4.040582887770431
DEF00000,RAPE,1.295383766421268
DEF00000,PULS,7.157537351918028
DEF00000,POTA,1.811276191059177
DEF00000,SUGB,12.38135012807198
DEF00000,MAIF,2.420911747272746
DEF00000,OFAR,4.2340019287708
DEG00000,SWHE,2.427290964638279
DEG00000,RYEM,7.872510834859874
DEG00000,BARL,2.275651944135531
DEG00000,OATS,7.484260184321356
DEG00000,MAIZ,5.577793902411061
DEG00000,OCER,3.084274338798323
DEG00000,RAPE,1.078396197506558
DEG00000,SUNF,39.89811152487556
DEG00000,PULS,3.555217623354881
DEG00000,POTA,9.402631008635648
DEG00000,SUGB,6.908893108937291
DEG00000,MAIF,3.784810533779546
DEG00000,OFAR,3.991278108447652
EL000000,SWHE,2.059141037249375
EL000000,DWHE,0.4701291959911702
EL000000,RYEM,0.6129841170882812
EL000000,BARL,2.32709695062486
EL000000,OATS,1.709127243955615
EL000000,MAIZ,1.127648316109371
EL000000,SUNF,1.463271599195691
EL000000,PULS,2.313813516461845
EL000000,POTA,5.787254082852646
EL000000,SUGB,1.172212122109541
EL000000,MAIF,4.835379655943696
EL000000,OFAR,2.624101838120827
EL110000,SWHE,2.574250173536021
EL110000,DWHE,0.1255624262264442
EL110000,RYEM,2.680424113326362
EL110000,BARL,1.235142382623504
EL110000,MAIZ,1.199264568520775
EL110000,SUNF,2.691240302428272
EL110000,PULS,1.311203382009849
EL110000,POTA,3.218736040079741
EL110000,SUGB,1.006410749454024
EL110000,OFAR,1.239868286282895
EL120000,SWHE,2.474088037774626
EL120000,DWHE,0.1589983799976025
EL120000,RYEM,1.29749336162677
EL120000,BARL,2.345537358995545
EL120000,OATS,2.29155839398882
EL120000,MAIZ,0.8828882100527505
EL120000,SUNF,3.085237221813873
EL120000,POTA,4.09184974663916
EL120000,SUGB,1.035080814753897
EL120000,MAIF,4.835379655943697
EL120000,OFAR,2.479690782212516
EL130000,SWHE,0.3961410489947557
EL130000,DWHE,0.2352325624219881
EL130000,RYEM,0.6635353391144623
EL130000,BARL,0.2541117272080432
EL130000,MAIZ,0.9075284924359219
EL130000,PULS,2.207198554540738
EL130000,POTA,2.378293955561093
EL130000,SUGB,1.305777953630795
EL130000,OFAR,0.2636196996199598
EL140000,SWHE,2.608563483571788
EL140000,DWHE,0.5343142007545975
EL140000,BARL,1.646912701075554
EL140000,OATS,2.860449055317768
EL140000,MAIZ,1.344258760386895
EL140000,PULS,6.861412981904682
EL140000,POTA,3.66702502667854
EL140000,SUGB,1.353492789673632
EL140000,OFAR,1.105006535529794
EL210000,OATS,4.24048908195391
EL210000,MAIZ,2.612808847178055
EL210000,POTA,1.930325498449583
EL210000,OFAR,0.8051707909831678
EL230000,SWHE,7.588140619585048
EL230000,DWHE,1.474697011195212
EL230000,BARL,4.499369211774664
EL230000,MAIZ,0.8418939861612666
EL230000,PULS,4.822465833571238
EL230000,POTA,10.16628504085216
EL230000,OFAR,0.4715456554832558
EL240000,SWHE,5.302445324143953
EL240000,DWHE,0.9272719930126022
EL240000,BARL,2.39573179522257
EL240000,OATS,2.24892894749868
EL240000,MAIZ,1.177882642729928
EL240000,PULS,1.928417963658842
EL240000,POTA,4.756506406692583
EL240000,SUGB,2.573408820945774
EL240000,OFAR,0.5314156488125414
EL250000,SWHE,4.510849142058152
EL250000,DWHE,2.165298170409414
EL250000,BARL,2.649393557647796
EL250000,OATS,13.27662985585912
EL250000,MAIZ,1.447579193550633
EL250000,PULS,1.905807908800878
EL250000,POTA,8.406289731608327
EL250000,OFAR,0.4359329353041139
EL300000,DWHE,0.728485631169913
EL300000,BARL,2.076718042978694
EL300000,OFAR,1.275981478704294
EL410000,DWHE,0.1894096912947779
EL410000,BARL,4.519290702972848
EL410000,OATS,3.001975611997783
EL410000,OFAR,1.976653161525294
EL420000,DWHE,15.00174825172703
EL420000,BARL,13.91894660385847
EL420000,POTA,19.23458045759406
EL420000,OFAR,67.86624071585007
EL430000,DWHE,0.8711351116997124
EL430000,BARL,0.7543708969074414
EL430000,OATS,3.613436097556658
EL430000,PULS,0.2951232222430539
EL430000,POTA,2.729095693819137
EL430000,OFAR,0.777100362747353
ES000000,SWHE,0.9193962448566031
ES000000,DWHE,0.2735568985386675
ES000000,RYEM,1.689052668434922
ES000000,BARL,0.7915153161139605
ES000000,OATS,1.770272625025259
ES000000,MAIZ,2.100307349822938
ES000000,OCER,1.003008099720063
ES000000,RAPE,0.01285180778787627
ES000000,SUNF,0.7275374775363135
ES000000,SOYA,20.43238257260628
ES000000,PULS,0.6625991813676368
ES000000,POTA,2.607182163429894
ES000000,SUGB,4.614471631070553
ES000000,MAIF,1.199236028574634
ES000000,OFAR,0.5827063142898603
ES110000,SWHE,1.585609792548707
ES110000,RYEM,2.033350229256638
ES110000,BARL,1.339749806412764
ES110000,MAIZ,2.953826332601508
ES110000,PULS,0.8876654732838355
ES110000,POTA,3.249502063824239
ES110000,MAIF,0.5592775881438752
ES110000,OFAR,0.3864468435044575
ES210000,SWHE,0.6118764051214146
ES210000,DWHE,1.117810727872011
ES210000,BARL,1.381774694416319
ES210000,OATS,2.126299528116421
ES210000,POTA,5.013590941394865
ES210000,SUGB,4.646995340949703
ES210000,MAIF,0.4285116394976148
ES210000,OFAR,0.465384149674316
ES220000,SWHE,1.625128509802765
ES220000,DWHE,0.3746598049671612
ES220000,BARL,0.6447506743378691
ES220000,OATS,1.827670414972224
ES220000,MAIZ,2.017279707195211
ES220000,RAPE,2.060790037767842
ES220000,SUNF,6.092621034850394
ES220000,PULS,0.8739049769214012
ES220000,POTA,6.223276552030872
ES220000,MAIF,14.25865696688566
ES220000,OFAR,0.2412727980738054
ES230000,SWHE,1.036265043918927
ES230000,BARL,0.9955953044424891
ES230000,MAIZ,0.7827282986375798
ES230000,POTA,2.380541088671905
ES230000,SUGB,5.785990670467875
ES230000,OFAR,0.5024230656163771
ES240000,SWHE,1.735279000504233
ES240000,DWHE,0.2341180949888227
ES240000,RYEM,4.22858452989878
ES240000,BARL,0.9141883512624072
ES240000,OATS,1.356144495903511
ES240000,MAIZ,2.203924196717217
ES240000,OCER,0.9045533559931576
ES240000,RAPE,27.05602994936273
ES240000,SUNF,6.207528990903771
ES240000,PULS,2.86937576336448
ES240000,POTA,20.88963024796171
ES240000,MAIF,2.738541825793506
ES240000,OFAR,0.5142242506676616
ES300000,SWHE,1.784115782631549
ES300000,BARL,0.7467592079883575
ES300000,OATS,1.368147795905064
ES300000,MAIZ,2.619251504473294
ES300000,SUNF,1.444213063213802
ES300000,PULS,0.5731070488517864
ES300000,POTA,2.231808568834973
ES300000,OFAR,1.156234610643371
ES410000,SWHE,0.4128426085539867
ES410000,DWHE,0.5363905699498649
ES410000,RYEM,1.435264930736802
ES410000,BARL,0.7319634464203426
ES410000,OATS,2.854679525043093
ES410000,MAIZ,2.704142671617621
ES410000,OCER,1.755922358215427
ES410000,SUNF,0.3310359868966226
ES410000,PULS,0.4017162109444314
ES410000,POTA,1.131583505270982
ES410000,SUGB,5.254891426912385
ES410000,MAIF,0.7350903246800061
ES410000,OFAR,1.289279516936992
ES420000,SWHE,1.352166784454556
ES420000,DWHE,0.3240098595054698
ES420000,RYEM,2.303972406142093
ES420000,BARL,0.7249951112565427
ES420000,OATS,1.455209309563733
ES420000,MAIZ,0.8528780305268302
ES420000,OCER,0.1626339042087454
ES420000,RAPE,108.0616028266742
ES420000,SUNF,0.8531495550403535
ES420000,PULS,0.6997881094904652
ES420000,POTA,8.605016600425373
ES420000,SUGB,4.939662626493324
ES420000,MAIF,1.145949272615355
ES420000,OFAR,0.3765234415032482
ES430000,SWHE,1.307780748599585
ES430000,DWHE,0.32836756095451
ES430000,RYEM,2.027417081165687
ES430000,BARL,1.783569603198267
ES430000,OATS,1.632926358144141
ES430000,MAIZ,2.387768219534413
ES430000,OCER,1.427077394641888
ES430000,RAPE,17.68697820284005
ES430000,SUNF,5.920792362661814
ES430000,SOYA,20.43238257260628
ES430000,PULS,0.5109809358413214
ES430000,POTA,8.84216962521393
ES430000,SUGB,22.18709696301446
ES430000,OFAR,0.8927358935908015
ES510000,SWHE,0.673512864567859
ES510000,BARL,0.6202441347646945
ES510000,OATS,2.136527722890036
ES510000,MAIZ,1.848540457214549
ES510000,OCER,0.5317782251462928
ES510000,RAPE,3.076508310741921
ES510000,SUNF,1.950657939321356
ES510000,PULS,0.6532180120667538
ES510000,POTA,7.782500693978287
ES510000,MAIF,0.3658013048361289
ES510000,OFAR,0.3015682624861287
ES520000,SWHE,5.424672441391236
ES520000,BARL,1.743626979654074
ES520000,OATS,1.456663160631324
ES520000,MAIZ,3.445670533588448
ES520000,SUNF,6.206459054490838
ES520000,PULS,0.3428550662242435
ES520000,POTA,4.541843306910036
ES520000,OFAR,3.23596377279182
ES530000,SWHE,2.334591795690515
ES530000,BARL,1.423018176925428
ES530000,OATS,2.122797500246754
ES530000,OCER,1.445453406049485
ES530000,RAPE,2.047071422117523
ES530000,PULS,1.270792411453427
ES530000,POTA,4.879651013076427
ES530000,OFAR,0.8375262485272612
ES610000,SWHE,0.8511214296286533
ES610000,DWHE,0.2566892946858864
ES610000,BARL,0.7664894979901758
ES610000,OATS,0.7885210773021107
ES610000,MAIZ,1.655561616948818
ES610000,OCER,1.037316058447233
ES610000,RAPE,50.98599324490083
ES610000,SUNF,0.2582582179970203
ES610000,PULS,0.0294337071942239
ES610000,POTA,1.054422793984129
ES610000,SUGB,3.987796754758519
ES610000,MAIF,0.888925244958167
ES610000,OFAR,0.2093669395584991
ES620000,SWHE,4.748870531363841
ES620000,BARL,1.695174953134328
ES620000,OATS,2.120754871746332
ES620000,OCER,2.601920414647356
ES620000,POTA,5.358257580203461
ES620000,OFAR,3.578033416062053
FR000000,SWHE,0.7465755803594936
FR000000,DWHE,1.410086796553778
FR000000,RYEM,6.66430550662797
FR000000,BARL,1.372672452503328
FR000000,OATS,1.673688957306561
FR000000,MAIZ,1.059894096263701
FR000000,OCER,1.517651307611056
FR000000,RAPE,1.027526048167678
FR000000,SUNF,1.296726543015629
FR000000,SOYA,2.509347128434413
FR000000,PULS,1.672998678401463
FR000000,POTA,0.6194046649765695
FR000000,SUGB,1.665501569233015
FR000000,MAIF,0.915008674869515
FR000000,OFAR,0.8705525587543044
FR100000,SWHE,0.5236216284752562
FR100000,DWHE,5.142001530461145
FR100000,BARL,1.313461709611293
FR100000,OATS,2.506533046017506
FR100000,MAIZ,1.90230002354224
FR100000,OCER,1.96101950507522
FR100000,RAPE,0.8936299300781909
FR100000,SUNF,6.599137651109767
FR100000,PULS,1.276236760902079
FR100000,POTA,0.7277982245253849
FR100000,SUGB,1.262747648005281
FR100000,MAIF,3.804192513208198
FR100000,OFAR,3.972556334066577
FR210000,SWHE,0.6293068152863218
FR210000,BARL,1.337143097333021
FR210000,OATS,3.170215258701703
FR210000,MAIZ,1.488935466240682
FR210000,OCER,2.374373238960101
FR210000,RAPE,0.9817130290339466
FR210000,SUNF,5.710662246879483
FR210000,PULS,2.664178912104375
FR210000,POTA,0.5592653581309822
FR210000,SUGB,2.092613485985588
FR210000,MAIF,0.827493464906117
FR210000,OFAR,1.122210455981023
FR220000,SWHE,0.5302484475431015
FR220000,BARL,1.190701290401759
FR220000,OATS,2.64455290089349
FR220000,MAIZ,2.606767307801541
FR220000,OCER,3.165805082949845
FR220000,RAPE,0.9937363499206094
FR220000,PULS,1.113531356805493
FR220000,POTA,0.4523813132840259
FR220000,SUGB,1.362228898726777
FR220000,MAIF,1.798674255545648
FR220000,OFAR,3.392310024203361
FR230000,SWHE,0.7560027865821438
FR230000,BARL,0.8466842632024159
FR230000,OATS,4.014584417455246
FR230000,MAIZ,2.496868827634423
FR230000,OCER,1.840083161338982
FR230000,RAPE,0.6188219500292865
FR230000,PULS,2.288538664619312
FR230000,POTA,0.5966081413246087
FR230000,SUGB,2.322762202010426
FR230000,MAIF,1.05226325229366
FR230000,OFAR,2.694136280360449
FR240000,SWHE,0.6657175037014857
FR240000,DWHE,3.641117032901572
FR240000,RYEM,9.527295483328842
FR240000,BARL,1.702615937150014
FR240000,OATS,1.196468024228135
FR240000,MAIZ,1.544365033644175
FR240000,OCER,1.401389662678037
FR240000,RAPE,1.107700648947314
FR240000,SUNF,2.007723347913912
FR240000,PULS,1.505566950894722
FR240000,POTA,0.9087066490255221
FR240000,SUGB,2.827129941040378
FR240000,MAIF,3.702715192956472
FR240000,OFAR,1.593681427619018
FR250000,SWHE,0.6069273583223032
FR250000,BARL,1.168616005334975
FR250000,OATS,1.457275851859472
FR250000,MAIZ,2.351843408800416
FR250000,OCER,1.73807692611494
FR250000,RAPE,0.50995017544034
FR250000,PULS,1.655202093200554
FR250000,POTA,0.9426136403731336
FR250000,SUGB,2.868391898369187
FR250000,MAIF,0.7779630486040301
FR250000,OFAR,0.6494666327436505
FR260000,SWHE,0.6209119802054968
FR260000,RYEM,3.902330824441257
FR260000,BARL,1.067657778040061
FR260000,OATS,1.315048854652324
FR260000,MAIZ,1.204864363973871
FR260000,OCER,1.292723743148943
FR260000,RAPE,0.8528818652373484
FR260000,SUNF,2.355243612427353
FR260000,SOYA,4.736484357430862
FR260000,PULS,2.276781452602415
FR260000,SUGB,2.387258259638715
FR260000,MAIF,0.6674069617227548
FR260000,OFAR,1.309878570776027
FR300000,SWHE,0.6253954108017851
FR300000,DWHE,1.766314835554881
FR300000,BARL,1.686470772843309
FR300000,OATS,2.24041750862968
FR300000,MAIZ,1.702736499607006
FR300000,OCER,1.890146122905843
FR300000,RAPE,1.241599821845077
FR300000,PULS,1.785506808679974
FR300000,POTA,0.4874364346841064
FR300000,SUGB,1.310357790450595
FR300000,MAIF,0.9110948899780461
FR300000,OFAR,2.474222770454412
FR410000,SWHE,0.8571430953198127
FR410000,BARL,0.9480667529785617
FR410000,OATS,2.057258098155282
FR410000,MAIZ,3.754704658127287
FR410000,OCER,2.189036932834623
FR410000,RAPE,0.3531339225791535
FR410000,SUNF,10.73367519157196
FR410000,PULS,3.287823573188371
FR410000,MAIF,1.674529938395822
FR410000,OFAR,3.404332072045494
FR420000,SWHE,1.050528700743653
FR420000,BARL,5.686767368666366
FR420000,OATS,2.344469337971018
FR420000,MAIZ,1.071305219791094
FR420000,OCER,2.693601831845184
FR420000,RAPE,1.704695690281461
FR420000,POTA,6.361963487944172
FR420000,SUGB,1.683454259159404
FR420000,MAIF,1.891676082658312
FR420000,OFAR,1.985416636403074
FR430000,SWHE,0.8273003806045585
FR430000,BARL,1.34903368080415
FR430000,OATS,2.006630202204036
FR430000,MAIZ,1.436070668506112
FR430000,OCER,2.059637970437993
FR430000,RAPE,1.138934153591801
FR430000,SUNF,2.402330632411546
FR430000,SOYA,4.825552111906077
FR430000,SUGB,7.196710960950633
FR430000,MAIF,0.8463198785231515
FR430000,OFAR,0.5360027485731681
FR510000,SWHE,0.811289645775143
FR510000,DWHE,2.338062276957633
FR510000,RYEM,6.604584771866471
FR510000,BARL,2.047282063454686
FR510000,OATS,1.13418631563177
FR510000,MAIZ,1.095081170114919
FR510000,OCER,1.733779188946371
FR510000,RAPE,1.592390872687072
FR510000,SUNF,1.702346029669539
FR510000,PULS,1.026060433991108
FR510000,POTA,1.198931866494581
FR510000,MAIF,0.7686543496690752
FR510000,OFAR,0.752856283574223
FR520000,SWHE,0.7984414488516712
FR520000,DWHE,2.11633603621974
FR520000,RYEM,15.88805134027663
FR520000,BARL,1.665347137036626
FR520000,OATS,1.375444922828952
FR520000,MAIZ,1.231634346496633
FR520000,OCER,2.000016334687493
FR520000,RAPE,0.8387260373711826
FR520000,PULS,5.334911279439246
FR520000,POTA,0.9292211256978204
FR520000,MAIF,0.5014118432933349
FR520000,OFAR,0.6069547356626667
FR530000,SWHE,0.9723042446765889
FR530000,DWHE,3.350864974250361
FR530000,BARL,1.835409266652137
FR530000,OATS,1.435266517445521
FR530000,MAIZ,0.9071680815912626
FR530000,OCER,2.065946768477871
FR530000,RAPE,1.476386394094217
FR530000,SUNF,0.7136349292195466
FR530000,PULS,2.231138020568698
FR530000,MAIF,1.25690869194441
FR530000,OFAR,1.083902038541487
FR610000,SWHE,1.297010724787856
FR610000,BARL,1.79298512621154
FR610000,OATS,2.735610609068046
FR610000,MAIZ,0.5462273351392282
FR610000,OCER,1.487810195348948
FR610000,RAPE,2.168455954059007
FR610000,SUNF,1.06412100170481
FR610000,SOYA,2.567008840344737
FR610000,PULS,0.871802415956698
FR610000,POTA,0.5912840596894993
FR610000,MAIF,0.3983715900995691
FR610000,OFAR,1.15207899566429
FR620000,SWHE,1.043621915486149
FR620000,DWHE,0.9546087395237903
FR620000,RYEM,9.542259403131144
FR620000,BARL,1.026400207701859
FR620000,OATS,1.647346062610801
FR620000,MAIZ,0.8562779764614391
FR620000,OCER,1.002396730321465
FR620000,RAPE,2.723425425057134
FR620000,SUNF,0.8046594296652108
FR620000,SOYA,2.298392901656639
FR620000,PULS,0.7551390956521327
FR620000,MAIF,2.067011067632544
FR620000,OFAR,0.4363107182192987
FR630000,SWHE,1.233951265442013
FR630000,DWHE,2.108843105125222
FR630000,RYEM,9.730541369775965
FR630000,BARL,1.903671479442409
FR630000,OATS,1.281568308874124
FR630000,MAIZ,4.840770467578116
FR630000,OCER,1.126656804848448
FR630000,RAPE,1.816888967221756
FR630000,SUNF,3.158710866555743
FR630000,MAIF,0.6804420120178658
FR630000,OFAR,0.7116210785917189
FR710000,SWHE,0.9132415040582922
FR710000,DWHE,1.065214348975708
FR710000,RYEM,2.759532510223121
FR710000,BARL,0.8387779377760045
FR710000,OATS,1.145042078560224
FR710000,MAIZ,0.5595215217192655
FR710000,OCER,1.074066973382597
FR710000,RAPE,1.288062137397418
FR710000,SUNF,1.391188255141222
FR710000,SOYA,3.5248737875128
FR710000,PULS,1.138021429133241
FR710000,POTA,0.5311832486366763
FR710000,MAIF,0.5338266572753197
FR710000,OFAR,0.4640359187310376
FR720000,SWHE,1.277788231528883
FR720000,RYEM,6.605981745114379
FR720000,BARL,1.897494196266253
FR720000,OATS,1.561155999712238
FR720000,MAIZ,1.412576765469223
FR720000,OCER,1.327493151944688
FR720000,RAPE,1.583050361621421
FR720000,SUNF,2.607698020921569
FR720000,PULS,0.9865118990783651
FR720000,SUGB,3.902457044860296
FR720000,MAIF,0.5981631803454325
FR720000,OFAR,1.132618094279911
FR810000,SWHE,5.295617255666044
FR810000,DWHE,0.3540730904821374
FR810000,RYEM,2.674695703531062
FR810000,BARL,1.302160527482478
FR810000,OATS,1.273720276224171
FR810000,MAIZ,1.941710813983671
FR810000,OCER,0.7916397547869977
FR810000,RAPE,3.320993458012624
FR810000,SUNF,0.7700545878675601
FR810000,SOYA,11.4803592316706
FR810000,PULS,0.8909662867060876
FR810000,POTA,0.6026515459414294
FR810000,MAIF,4.086727479229215
FR810000,OFAR,0.8017655370527417
FR820000,SWHE,0.9737541712902467
FR820000,DWHE,0.1770500986391547
FR820000,BARL,0.4445978967674005
FR820000,OATS,0.3707386477698176
FR820000,MAIZ,0.4054343100545326
FR820000,OCER,0.2427377733975872
FR820000,RAPE,0.7417490091036277
FR820000,SUNF,0.3586985936641066
FR820000,PULS,0.1963824399984144
FR820000,POTA,13.2441083990779
FR820000,OFAR,0.1492966363262352
IR000000,SWHE,3.002780561062888
IR000000,BARL,2.345942347787968
IR000000,OATS,3.374381528072499
IR000000,OCER,6.022355637732784
IR000000,RAPE,9.027862114181925
IR000000,PULS,5.042380412205506
IR000000,POTA,12.00781911153129
IR000000,SUGB,5.062338559911773
IR000000,MAIF,7.626348283692348
IR000000,OFAR,0.2693970522446993
IR010000,SWHE,6.668732258011786
IR010000,BARL,2.884878526396409
IR010000,OATS,6.875779279134179
IR010000,POTA,12.99599348043448
IR010000,SUGB,17.04726535496361
IR010000,MAIF,3.959389196690605
IR010000,OFAR,0.3029579834981235
IR020000,SWHE,2.367033389819756
IR020000,BARL,2.177428937688575
IR020000,OATS,2.346969324519736
IR020000,OCER,6.022355637732784
IR020000,RAPE,9.027862114181925
IR020000,PULS,5.042380412205506
IR020000,POTA,11.61785368629642
IR020000,SUGB,3.888165555867301
IR020000,MAIF,8.825430958439258
IR020000,OFAR,0.2435969838118863
IT000000,SWHE,0.8570675268763795
IT000000,DWHE,0.4387529158457242
IT000000,BARL,1.249687862102718
IT000000,OATS,2.958895896115752
IT000000,MAIZ,0.7234620565656346
IT000000,OCER,1.17403398997454
IT000000,RAPE,0.04372070807939368
IT000000,SUNF,0.8893149184234558
IT000000,SOYA,1.277925204803003
IT000000,PULS,2.221272905441213
IT000000,POTA,3.059652780588863
IT000000,SUGB,0.8068631204150731
IT000000,MAIF,1.890055216396204
IT000000,OFAR,0.5172385569241064
IT110000,SWHE,0.7031082771050984
IT110000,BARL,0.9444786033642822
IT110000,OATS,39.91607063883605
IT110000,MAIZ,0.2663982529049295
IT110000,RAPE,1.369267579870338
IT110000,SUNF,1.071598452488875
IT110000,SOYA,1.290241425747088
IT110000,PULS,0.9336202878940286
IT110000,POTA,2.982057407355459
IT110000,SUGB,1.258596539796494
IT110000,MAIF,2.100695690814995
IT110000,OFAR,0.875545664401321
IT200000,SWHE,1.43664813382209
IT200000,DWHE,2.188202020676531
IT200000,BARL,1.204803598779147
IT200000,OATS,77.09427089097053
IT200000,MAIZ,0.461026061157583
IT200000,RAPE,6.723370300327022
IT200000,SUNF,5.974076110388269
IT200000,SOYA,2.800057322450201
IT200000,POTA,4.590348407543556
IT200000,SUGB,0.8413827636038923
IT200000,MAIF,1.659792115941138
IT200000,OFAR,0.5005832688303553
IT310000,DWHE,0.5071797214014647
IT310000,OATS,4.468189896301075
IT310000,OCER,10.59072339094393
IT310000,PULS,0.3880563924154674
IT310000,POTA,5.022023860353054
IT310000,MAIF,1.074041421915697
IT310000,OFAR,0.1082932772253053
IT320000,SWHE,0.764276589931392
IT320000,DWHE,2.653514090301059
IT320000,BARL,2.088914676582653
IT320000,OATS,5.090110379404722
IT320000,MAIZ,0.8634360148253707
IT320000,OCER,3.659915690421352
IT320000,SUNF,2.166432396749824
IT320000,SOYA,0.898614620439148
IT320000,POTA,3.077276747516934
IT320000,SUGB,0.7303402764355715
IT320000,MAIF,1.847383886180321
IT320000,OFAR,0.3929773411430266
IT330000,SWHE,1.53570640868697
IT330000,DWHE,2.546344369773605
IT330000,BARL,1.173334473217368
IT330000,OATS,3.620159437826246
IT330000,MAIZ,1.039602638788695
IT330000,SUNF,8.677861461567081
IT330000,SOYA,0.8967702120078324
IT330000,POTA,2.556605493525835
IT330000,SUGB,0.7222164751596724
IT330000,MAIF,9.04022648554581
IT330000,OFAR,0.2574990646949338
IT400000,SWHE,0.7965170194753435
IT400000,DWHE,1.833507285630626
IT400000,BARL,1.214043265721349
IT400000,OATS,5.830928624385479
IT400000,MAIZ,1.243590565892652
IT400000,OCER,2.535111598820614
IT400000,SUNF,1.507082056409401
IT400000,SOYA,2.212764732791955
IT400000,POTA,3.434572364798114
IT400000,SUGB,0.8504575477520558
IT400000,MAIF,2.665548871316139
IT400000,OFAR,0.4930034802084446
IT510000,SWHE,0.8597099815027718
IT510000,DWHE,0.2481294994081841
IT510000,BARL,0.9742749703066925
IT510000,OATS,1.268231919828181
IT510000,MAIZ,0.6334371793106494
IT510000,OCER,0.4867595536446449
IT510000,RAPE,8.43131418565846
IT510000,SUNF,0.3948071908971189
IT510000,PULS,3.583984847426065
IT510000,POTA,1.892211907886643
IT510000,SUGB,0.87196785924441
IT510000,MAIF,0.9810899717348449
IT510000,OFAR,0.404107052129428
IT520000,SWHE,0.7404214917916275
IT520000,DWHE,0.6330135994781405
IT520000,BARL,1.206869550971138
IT520000,OATS,1.914636744280283
IT520000,MAIZ,0.6231565909662837
IT520000,SUNF,0.2659228227438347
IT520000,SUGB,0.9095213409500604
IT520000,MAIF,1.113405049598649
IT520000,OFAR,0.4336092077190456
IT530000,SWHE,0.999254313482074
IT530000,DWHE,0.5015474328331715
IT530000,BARL,1.166544213580892
IT530000,OATS,3.09654721928672
IT530000,MAIZ,0.7273957994503617
IT530000,OCER,1.403104671403479
IT530000,SUNF,0.3884654552108678
IT530000,PULS,2.062580188143142
IT530000,POTA,4.024437892011497
IT530000,SUGB,0.5478683818938623
IT530000,MAIF,1.695146074810737
IT530000,OFAR,0.3780053051223903
IT600000,SWHE,0.7731230215289767
IT600000,DWHE,0.2943393455357202
IT600000,BARL,0.8752174422237795
IT600000,OATS,6.170937652608598
IT600000,MAIZ,0.3560109450521529
IT600000,OCER,0.981039263719224
IT600000,RAPE,3.624467249584105
IT600000,SUNF,0.9375928067165625
IT600000,PULS,2.058060724993995
IT600000,POTA,2.207996125614045
IT600000,SUGB,1.09303662144754
IT600000,MAIF,0.8938921506668468
IT600000,OFAR,0.2957705521941056
IT710000,SWHE,0.5692849056941026
IT710000,DWHE,0.327578273185334
IT710000,BARL,0.7449680707649877
IT710000,OATS,1.859461170338097
IT710000,MAIZ,0.4838102036364758
IT710000,SUNF,0.4262991613675258
IT710000,PULS,1.347986637382246
IT710000,POTA,2.044404680919006
IT710000,SUGB,1.233402094214787
IT710000,OFAR,0.5741128935927701
IT720000,SWHE,1.108455582019571
IT720000,DWHE,0.2043370355613515
IT720000,BARL,0.6771509698699535
IT720000,OATS,0.9611628571852451
IT720000,MAIZ,0.5505422178045466
IT720000,OCER,0.2821300149718249
IT720000,RAPE,0.8928202129853821
IT720000,SUNF,0.2748723453168528
IT720000,SUGB,0.4901862535179386
IT720000,MAIF,1.13043758180268
IT720000,OFAR,0.3742289829515086
IT800000,SWHE,0.809408898782778
IT800000,DWHE,0.2794354743866128
IT800000,BARL,0.8622803182288222
IT800000,OATS,1.45815756598361
IT800000,MAIZ,0.4394185849286362
IT800000,OCER,0.4407648139941689
IT800000,PULS,0.8921977511116178
IT800000,POTA,1.697446335804944
IT800000,MAIF,0.7341287826737315
IT800000,OFAR,0.2588994819138679
IT910000,SWHE,2.541564490934172
IT910000,DWHE,0.5816014711426499
IT910000,BARL,1.386127611288477
IT910000,OATS,3.480480814754988
IT910000,MAIZ,2.894644405273648
IT910000,OCER,0.8307478729622864
IT910000,RAPE,2.731882437529763
IT910000,SUNF,17.02937204072246
IT910000,SOYA,1.783915707178284
IT910000,PULS,7.673682353752153
IT910000,POTA,9.245491897058928
IT910000,SUGB,1.324606775827242
IT910000,MAIF,3.292512766404247
IT910000,OFAR,0.8489484454313363
IT920000,SWHE,1.539785014205201
IT920000,DWHE,0.3380830386214944
IT920000,BARL,1.318979615866593
IT920000,OATS,2.763507140888003
IT920000,MAIZ,2.918184131433444
IT920000,OCER,1.787400776628853
IT920000,POTA,0.7990798555707093
IT920000,OFAR,0.7730911769778475
IT930000,SWHE,1.096419933319335
IT930000,DWHE,0.2174034855619736
IT930000,BARL,1.099069584106179
IT930000,OATS,2.664153192712694
IT930000,MAIZ,1.099323800676133
IT930000,OCER,1.688610634567438
IT930000,PULS,11.76975154777892
IT930000,POTA,1.884681186608665
IT930000,SUGB,10.29373340960149
IT930000,MAIF,2.176733134697197
IT930000,OFAR,0.6634018917673957
ITA00000,DWHE,0.2974419153284295
ITA00000,BARL,2.80427986731116
ITA00000,OATS,7.091838904545417
ITA00000,OCER,2.370835914526738
ITA00000,PULS,2.221614745220138
ITA00000,POTA,3.663744282389089
ITA00000,MAIF,2.179526290407266
ITA00000,OFAR,0.893414020109865
ITB00000,SWHE,1.242664711532615
ITB00000,DWHE,0.150274756596603
ITB00000,BARL,0.9464056491214333
ITB00000,OATS,1.461285892687084
ITB00000,MAIZ,1.713631650441997
ITB00000,OCER,0.595290822443694
ITB00000,RAPE,1.081562336368998
ITB00000,PULS,1.794595659459076
ITB00000,POTA,3.677350625636254
ITB00000,SUGB,4.01122224397286
ITB00000,MAIF,2.568724523107707
ITB00000,OFAR,1.042145757560999
NL000000,SWHE,1.10545179738408
NL000000,RYEM,11.77520478134181
NL000000,BARL,2.222778973536454
NL000000,MAIZ,2.94289501665593
NL000000,OCER,2.087926624916572
NL000000,PULS,4.37457339331906
NL000000,POTA,1.701074051135701
NL000000,SUGB,1.527406626118657
NL000000,MAIF,1.261398398258963
NL000000,OFAR,1.594417086049986
NL110000,SWHE,0.9190340331475638
NL110000,BARL,1.515243859978003
NL110000,POTA,0.2879084117164577
NL110000,SUGB,0.9709093711830943
NL110000,MAIF,2.374244572002421
NL110000,OFAR,1.425117707070693
NL120000,SWHE,3.496382214253553
NL120000,BARL,3.20213178527951
NL120000,PULS,4.37457339331906
NL120000,POTA,11.17401278624009
NL120000,SUGB,8.819015629264953
NL120000,MAIF,1.314003416562385
NL120000,OFAR,2.979422862070375
NL130000,SWHE,1.22329037483492
NL130000,RYEM,11.77520478134181
NL130000,BARL,1.28507300205178
NL130000,POTA,0.3169682549496851
NL130000,SUGB,1.191251353012745
NL130000,MAIF,0.9983845174712578
NL130000,OFAR,1.17119314453623
NL210000,SWHE,3.115862337308758
NL210000,BARL,5.06914874988112
NL210000,MAIZ,8.607717730407138
NL210000,POTA,5.980008678923679
NL210000,SUGB,3.190375516892094
NL210000,MAIF,1.083311866464659
NL210000,OFAR,1.426602110724274
NL220000,SWHE,1.764168652745709
NL220000,BARL,2.626272883776507
NL220000,MAIZ,5.019104251031005
NL220000,OCER,3.037352397712801
NL220000,POTA,6.680549381330886
NL220000,SUGB,2.576818903128189
NL220000,MAIF,1.499699706512577
NL220000,OFAR,1.509202408450935
NL230000,SWHE,0.3959937200899129
NL230000,BARL,1.56234844239103
NL230000,POTA,0.4097207572361161
NL230000,SUGB,0.5443147819303268
NL230000,MAIF,1.95928706421027
NL230000,OFAR,1.299787292256043
NL320000,SWHE,2.655240507947942
NL320000,BARL,4.28092584681967
NL320000,POTA,5.191246771505062
NL320000,SUGB,3.012122527297406
NL320000,MAIF,0.8541211987178279
NL320000,OFAR,1.427600277235224
NL330000,SWHE,0.5306523747301324
NL330000,BARL,1.902981803602331
NL330000,POTA,0.4216873780018829
NL330000,SUGB,0.4416932916418529
NL330000,MAIF,1.074252631684268
NL340000,SWHE,0.3869798587544264
NL340000,BARL,1.411622358920318
NL340000,POTA,0.3473946560619455
NL340000,SUGB,0.4545674014906197
NL340000,MAIF,0.2446790419675539
NL410000,SWHE,1.408530247238857
NL410000,BARL,5.321299052176985
NL410000,MAIZ,2.548447751121489
NL410000,OCER,2.066084002084366
NL410000,POTA,1.335878745966031
NL410000,SUGB,2.037258458252905
NL410000,MAIF,1.248677262596227
NL410000,OFAR,1.498294669284512
NL420000,SWHE,1.177106541123274
NL420000,BARL,1.357126806289272
NL420000,MAIZ,1.753071065153669
NL420000,OCER,1.215179067768781
NL420000,POTA,0.8205164958939953
NL420000,SUGB,1.336507534266826
NL420000,MAIF,1.095773208222677
NL420000,OFAR,2.054652832715917
AT000000,SWHE,0.7094358564219957
AT000000,DWHE,0.8940395072058299
AT000000,RYEM,1.455057943363655
AT000000,BARL,0.569740965295154
AT000000,OATS,1.897601886385637
AT000000,MAIZ,1.133165816376137
AT000000,OCER,1.393210923067725
AT000000,RAPE,2.307664003321113
AT000000,SUNF,1.848885262220438
AT000000,SOYA,4.191076968482772
AT000000,PULS,1.069477350983539
AT000000,POTA,0.6746516028945301
AT000000,SUGB,2.604259821040843
AT000000,MAIF,2.088605835977002
AT000000,OFAR,1.409118923301345
AT110000,SWHE,0.6580913742072751
AT110000,DWHE,0.2993996619906276
AT110000,RYEM,2.697347772029931
AT110000,BARL,1.112767736658187
AT110000,OATS,3.450041014319858
AT110000,MAIZ,0.9397894136126241
AT110000,OCER,1.478456626694769
AT110000,RAPE,2.548166347332785
AT110000,SUNF,1.926454349258087
AT110000,SOYA,2.188221211469012
AT110000,PULS,0.7657316471602753
AT110000,SUGB,2.18837599131002
AT110000,MAIF,2.372329614986986
AT110000,OFAR,2.622698995080012
AT120000,SWHE,0.7584558911410986
AT120000,DWHE,1.154977833766787
AT120000,RYEM,1.188641206436098
AT120000,BARL,0.4582793465168782
AT120000,OATS,1.483230767233047
AT120000,MAIZ,1.23627405901138
AT120000,OCER,0.6310280031483068
AT120000,RAPE,2.127595833337019
AT120000,SUNF,1.83575152182412
AT120000,SOYA,16.35783674419513
AT120000,PULS,0.8546783281010484
AT120000,POTA,0.5437180982482502
AT120000,SUGB,2.786366003962927
AT120000,MAIF,1.778341888995778
AT120000,OFAR,1.855633517775789
AT210000,SWHE,1.695685868921725
AT210000,BARL,0.5770859730486185
AT210000,OATS,2.465744223485793
AT210000,MAIZ,1.074937990908643
AT210000,OCER,1.901198520220634
AT210000,SOYA,1.182889375583436
AT210000,PULS,1.926330479570607
AT210000,MAIF,2.721077844167131
AT210000,OFAR,0.8828878414459806
AT220000,SWHE,1.237271692384938
AT220000,DWHE,0.5154313804484347
AT220000,RYEM,1.994735802738571
AT220000,BARL,0.7040723336355901
AT220000,OATS,1.33036080731777
AT220000,MAIZ,1.200468177012837
AT220000,OCER,1.443291877526483
AT220000,SOYA,3.695762280103481
AT220000,PULS,0.3370296558102382
AT220000,MAIF,1.372621723844729
AT220000,OFAR,0.7206793532134494
AT310000,SWHE,0.4279816062269419
AT310000,DWHE,1.014055720636138
AT310000,RYEM,1.808075005683742
AT310000,BARL,0.628800104927605
AT310000,OATS,2.107896777306101
AT310000,MAIZ,1.061718563883882
AT310000,OCER,2.013312576009557
AT310000,RAPE,2.554738357673314
AT310000,SOYA,4.741973085287936
AT310000,PULS,1.811125587710317
AT310000,POTA,1.834757782238862
AT310000,SUGB,1.866655181100783
AT310000,MAIF,2.524094135682863
AT310000,OFAR,1.294560368721396
PT000000,SWHE,1.008970675686843
PT000000,DWHE,0.1872454924289687
PT000000,RYEM,0.3755620071228383
PT000000,BARL,1.192428715776405
PT000000,OATS,0.4947854276047475
PT000000,MAIZ,0.6467528404810328
PT000000,OCER,0.3600492905335794
PT000000,SUNF,1.298190294466715
PT000000,PULS,1.188238242975778
PT000000,POTA,0.6168114760696022
PT000000,SUGB,2.332067592390569
PT000000,MAIF,1.33152705637958
PT000000,OFAR,0.6527850032795176
PT110000,SWHE,0.9026188313592728
PT110000,RYEM,0.2722831526005274
PT110000,OATS,0.5926489892488299
PT110000,MAIZ,0.3548559008660754
PT110000,OCER,0.6163835668206294
PT110000,PULS,1.770385102951256
PT110000,POTA,0.2719190357500986
PT110000,MAIF,0.9886718902134536
PT110000,OFAR,0.422133149691098
PT150000,SWHE,20.80617745204705
PT150000,BARL,8.665854843117149
PT150000,OATS,1.690085280891799
PT150000,MAIZ,5.260041650131102
PT150000,OFAR,6.180923853134749
PT160000,SWHE,1.468193671613885
PT160000,RYEM,0.7057784722907652
PT160000,BARL,1.364857144221602
PT160000,OATS,0.9118554916349251
PT160000,MAIZ,0.9813290504605173
PT160000,OCER,1.846520294212439
PT160000,PULS,0.4608014712328806
PT160000,POTA,0.9968382263905762
PT160000,MAIF,1.514086542904756
PT160000,OFAR,0.4621767930835586
PT170000,SWHE,1.229265796667251
PT170000,DWHE,0.1900351935814767
PT170000,OATS,5.453426958341653
PT170000,MAIZ,0.8996757350501492
PT170000,POTA,0.5927153118101663
PT170000,MAIF,3.522009697288342
PT170000,OFAR,0.1971939232606482
PT180000,SWHE,0.6268932694501672
PT180000,DWHE,0.34648300463378
PT180000,BARL,0.6588918263801113
PT180000,OATS,0.3059152182216044
PT180000,MAIZ,0.6407981520287535
PT180000,OCER,0.1506497794373343
PT180000,SUNF,1.298190294466715
PT180000,PULS,1.885784521728632
PT180000,POTA,0.4901896344358909
PT180000,SUGB,2.332067592390569
PT180000,MAIF,1.444460288724273
PT180000,OFAR,0.4954132946889376
SE000000,SWHE,2.021565649971842
SE000000,RYEM,4.309066737311555
SE000000,BARL,1.215321176773761
SE000000,OATS,2.233685944001267
SE000000,OCER,2.37125696142953
SE000000,RAPE,3.741913413834736
SE000000,PULS,0.6514520848338947
SE000000,POTA,2.729925096295435
SE000000,SUGB,0.8021841175802246
SE000000,OFAR,0.6821554866182838
SE010000,SWHE,1.952100841806606
SE010000,RYEM,2.853727193142231
SE010000,BARL,1.688199159869523
SE010000,OATS,3.911634313202492
SE010000,OCER,2.4721926380274
SE010000,OFAR,0.4580961618828915
SE020000,SWHE,2.230086875514996
SE020000,RYEM,7.483717265118282
SE020000,BARL,1.422083847552385
SE020000,OATS,2.200957560522323
SE020000,OCER,2.184150262068851
SE020000,RAPE,3.86403821409341
SE020000,PULS,0.3893530688219549
SE020000,POTA,1.197831220607447
SE020000,OFAR,1.472294354733618
SE040000,SWHE,2.354431997386155
SE040000,RYEM,4.748973495828116
SE040000,BARL,1.0361367310169
SE040000,OATS,5.321301484884995
SE040000,OCER,5.314859694566611
SE040000,RAPE,4.697036318974869
SE040000,PULS,1.024443896480634
SE040000,POTA,1.530220380360379
SE040000,SUGB,0.6351661204603789
SE040000,OFAR,0.8133746699884636
SE060000,SWHE,3.003538115558946
SE060000,BARL,1.002556749473911
SE060000,OATS,3.076258159889997
SE060000,OCER,3.060371269875201
SE060000,RAPE,0.548077601079933
SE060000,POTA,1.538531009277035
SE060000,OFAR,0.7751791628498745
SE070000,BARL,0.7831729900330631
SE070000,OATS,2.226340200364051
SE070000,OFAR,0.07769603975168585
SE080000,BARL,1.317393040820355
SE080000,OATS,4.510581548945034
SE080000,POTA,2.573008652224102
SE080000,OFAR,0.2489632619252722
SE090000,SWHE,1.552582561607584
SE090000,RYEM,2.435890591552835
SE090000,BARL,1.008890997568783
SE090000,OATS,2.816148889326646
SE090000,OCER,2.685718264273057
SE090000,RAPE,3.72046788064135
SE090000,PULS,1.362323595075656
SE090000,POTA,0.8964092429773347
SE090000,SUGB,2.18720797521069
SE090000,OFAR,0.2664257679442804
SE0A0000,SWHE,1.314715768094216
SE0A0000,RYEM,2.633231936856558
SE0A0000,BARL,1.406619524092742
SE0A0000,OATS,1.487478991008806
SE0A0000,OCER,1.722298118494927
SE0A0000,RAPE,3.057612843361277
SE0A0000,PULS,0.3840203871152541
SE0A0000,POTA,8.719877987379983
SE0A0000,OFAR,0.7815299194806141
FI000000,SWHE,1.802315634826805
FI000000,RYEM,5.37578348331464
FI000000,BARL,1.743322441774185
FI000000,OATS,1.777540158636882
FI000000,RAPE,1.559135250377728
FI000000,PULS,0.7665096287732117
FI000000,POTA,2.286545363999866
FI000000,SUGB,2.602812307397295
FI130000,SWHE,3.183651636359012
FI130000,RYEM,16.66385676307323
FI130000,BARL,5.594142004766186
FI130000,OATS,7.300167024254057
FI130000,RAPE,43.29293077013351
FI130000,POTA,23.08027770816862
FI180000,SWHE,1.462634670474889
FI180000,RYEM,6.882580676008651
FI180000,BARL,1.531129984374919
FI180000,OATS,0.7573979614029784
FI180000,RAPE,0.8988991797675656
FI180000,PULS,1.225588326859761
FI180000,POTA,1.205242807546942
FI180000,SUGB,2.287531157090678
FI190000,SWHE,2.780883486332284
FI190000,RYEM,3.101516744910171
FI190000,BARL,0.948663815039129
FI190000,OATS,0.57925975300856
FI190000,RAPE,0.4684290888080266
FI190000,PULS,1.852299697960791
FI190000,POTA,0.7569848376339808
FI190000,SUGB,3.246086962650458
FI1A0000,RYEM,3.71047071854858
FI1A0000,BARL,1.171466159208153
FI1A0000,OATS,1.352106802146587
FI1A0000,RAPE,0.5741188220112371
FI1A0000,POTA,2.377086471098522
UK000000,SWHE,1.061021364726461
UK000000,RYEM,3.524140078985995
UK000000,BARL,0.6271347940301664
UK000000,OATS,1.923350323442446
UK000000,OCER,1.070460098746313
UK000000,RAPE,1.408201267156624
UK000000,PULS,0.9234396906578887
UK000000,POTA,0.9250302383109207
UK000000,SUGB,1.42373451353312
UK000000,MAIF,1.267275538811915
UK000000,OFAR,0.05483453245443626
UKC00000,SWHE,1.081059026479443
UKC00000,BARL,0.1552235205373882
UKC00000,OATS,2.413994170099781
UKC00000,RAPE,0.7097755429416815
UKC00000,PULS,8.601080769084884
UKC00000,POTA,1.523091915754635
UKC00000,OFAR,0.1903208623706289
UKD00000,SWHE,2.363421502966791
UKD00000,BARL,0.231057267305607
UKD00000,OATS,0.16509273224886
UKD00000,RAPE,0.7213391413275095
UKD00000,POTA,0.4322120796120029
UKD00000,MAIF,0.8824472517742109
UKD00000,OFAR,0.01484120416525813
UKE00000,SWHE,0.3925915760772155
UKE00000,BARL,0.8488665830060795
UKE00000,OATS,1.630366348541026
UKE00000,RAPE,0.3362711843649892
UKE00000,PULS,0.6432046755880176
UKE00000,POTA,0.450722241988031
UKE00000,SUGB,1.747033088214859
UKE00000,MAIF,7.099837100266927
UKE00000,OFAR,0.05922599727448145
UKF00000,SWHE,0.8340853930231991
UKF00000,BARL,0.6983989173521128
UKF00000,OATS,2.326577702448524
UKF00000,OCER,1.726235581378804
UKF00000,RAPE,1.725842155935052
UKF00000,PULS,0.7618160616291089
UKF00000,POTA,0.4601891372268059
UKF00000,SUGB,2.188808582699544
UKF00000,MAIF,1.662018888587574
UKF00000,OFAR,0.1964301000033702
UKG00000,SWHE,0.6399599774124982
UKG00000,BARL,1.048320858027963
UKG00000,OATS,0.8260130155125681
UKG00000,OCER,1.070313124238625
UKG00000,RAPE,1.832904659156703
UKG00000,PULS,0.7707661098039343
UKG00000,POTA,0.4388589751750803
UKG00000,SUGB,2.020466831197392
UKG00000,MAIF,0.5258893549137422
UKG00000,OFAR,0.05984647574482099
UKH00000,SWHE,1.629424011461277
UKH00000,RYEM,3.524140078985995
UKH00000,BARL,0.3361562369151732
UKH00000,OATS,2.264281834747635
UKH00000,OCER,3.884166695069921
UKH00000,RAPE,0.4462395523549352
UKH00000,PULS,0.7711044550218418
UKH00000,POTA,0.4104134146922768
UKH00000,SUGB,0.9788572361472166
UKH00000,MAIF,0.5782968489244946
UKH00000,OFAR,0.2264990769471851
UKJ00000,SWHE,1.28175398013858
UKJ00000,BARL,0.2543764395261618
UKJ00000,OATS,2.010460538596521
UKJ00000,OCER,1.906081270222933
UKJ00000,RAPE,1.017185159665871
UKJ00000,PULS,0.7695002069289286
UKJ00000,POTA,1.381795333792122
UKJ00000,MAIF,0.403308693483934
UKJ00000,OFAR,0.2894043899696023
UKK00000,SWHE,0.5996628347578776
UKK00000,BARL,0.8384534002183247
UKK00000,OATS,3.34449469559178
UKK00000,OCER,2.343852061951896
UKK00000,RAPE,2.946699114531971
UKK00000,PULS,0.7761970940020004
UKK00000,POTA,0.5223612830668135
UKK00000,MAIF,0.3778916318166404
UKK00000,OFAR,0.03090682881044175
UKL00000,SWHE,1.240415006482012
UKL00000,BARL,0.8506783829026929
UKL00000,OATS,0.3697004957595516
UKL00000,RAPE,3.968284737871895
UKL00000,PULS,1.221967739702952
UKL00000,POTA,1.274945203979965
UKL00000,MAIF,1.411203304265658
UKL00000,OFAR,0.0198859956301637
UKM00000,SWHE,0.6901048051965775
UKM00000,BARL,0.5475540993850632
UKM00000,OATS,1.81094937618666
UKM00000,OCER,1.571261308589305
UKM00000,RAPE,3.083765998122772
UKM00000,PULS,0.5530007153131843
UKM00000,POTA,2.188952776490556
UKM00000,OFAR,0.01045460688995416
UKN00000,SWHE,1.898819528323924
UKN00000,BARL,1.519439836982893
UKN00000,OATS,2.40032708954397
UKN00000,POTA,4.48358310086023
UKN00000,OFAR,0.01512155184888465
CZ000000,SWHE,1.096635579677091
CZ000000,RYEM,1.18905498776715
CZ000000,BARL,0.758772472848621
CZ000000,OATS,0.3258160720128839
CZ000000,MAIZ,1.870241814943657
CZ000000,OCER,0.9150143060589825
CZ000000,RAPE,1.340834190371064
CZ000000,SUNF,1.811203878613418
CZ000000,SOYA,4.479154646157254
CZ000000,PULS,1.329281924872748
CZ000000,POTA,2.683073527297483
CZ000000,SUGB,1.815650297579108
CZ000000,MAIF,1.188483798525403
CZ000000,OFAR,1.371988696539325
CZ020000,SWHE,1.007438186750727
CZ020000,RYEM,1.852651397806705
CZ020000,BARL,0.6693278957043394
CZ020000,OATS,0.1473996275766178
CZ020000,MAIZ,1.515600015870843
CZ020000,OCER,1.137447857052332
CZ020000,RAPE,1.600832653212338
CZ020000,SUNF,1.924534449456932
CZ020000,PULS,0.9517973987755262
CZ020000,POTA,2.074407329580685
CZ020000,SUGB,1.681858979738653
CZ020000,MAIF,0.9946617355167147
CZ020000,OFAR,1.798209910281609
CZ030000,SWHE,1.051720750270207
CZ030000,RYEM,0.6283791964413025
CZ030000,BARL,0.6448348053825785
CZ030000,OATS,0.1405568254746039
CZ030000,MAIZ,2.82529018123569
CZ030000,OCER,0.6286226641869271
CZ030000,RAPE,1.183658935332287
CZ030000,PULS,1.389806816272196
CZ030000,POTA,1.145469914284505
CZ030000,MAIF,1.126965280227397
CZ030000,OFAR,1.295769953290844
CZ040000,SWHE,0.6661884911091239
CZ040000,RYEM,0.9258295724355123
CZ040000,BARL,0.2016021515705783
CZ040000,OATS,1.700320725373711
CZ040000,MAIZ,2.775048752785209
CZ040000,OCER,1.02278731441764
CZ040000,RAPE,1.325406422394876
CZ040000,SUNF,0.9793042284220315
CZ040000,PULS,3.462362108035542
CZ040000,POTA,3.953768615816351
CZ040000,SUGB,2.01273247486909
CZ040000,MAIF,1.579080336358854
CZ040000,OFAR,2.050952899536165
CZ050000,SWHE,1.25666705615423
CZ050000,RYEM,1.315336249639556
CZ050000,BARL,0.7654891571181033
CZ050000,OATS,0.1745242857632761
CZ050000,MAIZ,2.175287355622814
CZ050000,OCER,0.8456252807825796
CZ050000,RAPE,1.331899164235995
CZ050000,SUNF,2.907665639495813
CZ050000,PULS,0.9775634202907058
CZ050000,POTA,2.708391402095537
CZ050000,SUGB,1.922816580099743
CZ050000,MAIF,1.375027775404715
CZ050000,OFAR,1.130607234321774
CZ060000,SWHE,1.235338750324598
CZ060000,RYEM,1.231517184033122
CZ060000,BARL,0.7431302844683464
CZ060000,OATS,0.2135828629093749
CZ060000,MAIZ,1.805702423475752
CZ060000,OCER,0.9939086346416278
CZ060000,RAPE,1.291745309263237
CZ060000,SUNF,1.544314914686471
CZ060000,SOYA,4.479154646157254
CZ060000,PULS,1.446609539355781
CZ060000,POTA,3.206231899986297
CZ060000,SUGB,2.324070022294948
CZ060000,MAIF,1.186464362903052
CZ060000,OFAR,1.17156542306937
CZ070000,SWHE,0.9105705199298242
CZ070000,RYEM,1.855545704049669
CZ070000,BARL,1.135372961348893
CZ070000,OATS,0.1731842412440545
CZ070000,MAIZ,1.330232198939473
CZ070000,OCER,1.196459729156345
CZ070000,RAPE,1.650564083695914
CZ070000,SUNF,2.219606291572238
CZ070000,PULS,1.437739784883725
CZ070000,POTA,3.835656519085354
CZ070000,SUGB,1.667949067655466
CZ070000,MAIF,1.002101136082705
CZ070000,OFAR,1.098572733643169
CZ080000,SWHE,1.855285683441556
CZ080000,RYEM,1.489912622649227
CZ080000,BARL,1.291771248120859
CZ080000,OATS,3.670445271243063
CZ080000,MAIZ,1.799111457011352
CZ080000,OCER,0.8604476770150997
CZ080000,RAPE,0.7753463684797982
CZ080000,POTA,3.834923292977992
CZ080000,SUGB,1.442323944171356
CZ080000,MAIF,1.485372741708753
CZ080000,OFAR,1.641357441217635
EE000000,SWHE,1.150836284097779
EE000000,RYEM,2.202932308082752
EE000000,BARL,0.5337102946520648
EE000000,OATS,1.050810992319581
EE000000,OCER,0.7233144841660674
EE000000,RAPE,0.799921276189056
EE000000,PULS,0.5402944826358241
EE000000,POTA,1.201886251097914
EE000000,OFAR,0.226422404454107
HU000000,SWHE,1.284027074567395
HU000000,DWHE,0.956413674720149
HU000000,RYEM,2.101664358487953
HU000000,BARL,1.649946247494183
HU000000,OATS,1.407340823281393
HU000000,MAIZ,0.8367280694394377
HU000000,OCER,0.9769201160555826
HU000000,RAPE,1.557374307873548
HU000000,SUNF,0.6518920586038969
HU000000,SOYA,1.902738055940772
HU000000,PULS,3.858189955269882
HU000000,POTA,4.422089971892259
HU000000,SUGB,4.901559902820223
HU000000,MAIF,1.42522514716634
HU000000,OFAR,1.116464348378322
HU100000,SWHE,0.8414889092384115
HU100000,RYEM,1.402332588817665
HU100000,BARL,1.237225240663621
HU100000,OATS,1.34063478046931
HU100000,MAIZ,0.5148408582745095
HU100000,OCER,0.3536968272030205
HU100000,RAPE,1.49089944127853
HU100000,SUNF,0.6171817901923097
HU100000,POTA,2.427204754873774
HU100000,SUGB,3.988961011285373
HU100000,MAIF,1.868919057336732
HU100000,OFAR,0.7053569368295963
HU210000,SWHE,1.329006255276798
HU210000,RYEM,2.78776044100673
HU210000,BARL,1.592264055851248
HU210000,OATS,1.235722244196143
HU210000,MAIZ,0.6974072318361143
HU210000,OCER,0.9490809855450933
HU210000,RAPE,1.87056419053969
HU210000,SUNF,0.7023643449042558
HU210000,PULS,3.623472747609316
HU210000,POTA,26.33332773375799
HU210000,SUGB,2.326801558078617
HU210000,MAIF,1.443802149958542
HU210000,OFAR,0.265307146503039
HU220000,SWHE,1.481680081129869
HU220000,DWHE,0.07888990357219065
HU220000,RYEM,2.948486526349678
HU220000,BARL,1.687601210163953
HU220000,OATS,1.610741231675879
HU220000,MAIZ,1.352713158277279
HU220000,OCER,1.181918012044988
HU220000,RAPE,1.495864198902308
HU220000,SUNF,1.008305250667627
HU220000,SOYA,2.179176140530335
HU220000,PULS,4.976574775182754
HU220000,POTA,3.862090148099059
HU220000,SUGB,4.27381507949102
HU220000,MAIF,0.1775492310393628
HU220000,OFAR,2.942250287125366
HU230000,SWHE,1.182460045389046
HU230000,DWHE,2.20215032013905
HU230000,RYEM,3.158966207936803
HU230000,BARL,1.573879741167421
HU230000,OATS,0.8761163084596426
HU230000,MAIZ,1.084139201175019
HU230000,OCER,1.757518058766341
HU230000,RAPE,1.919632540342416
HU230000,SUNF,1.713031256366188
HU230000,SOYA,2.158414538238415
HU230000,PULS,6.785088939929572
HU230000,POTA,6.240023839718125
HU230000,SUGB,6.436768581055187
HU230000,MAIF,1.274877431645659
HU230000,OFAR,0.7828962737574271
HU310000,SWHE,1.205206653001577
HU310000,RYEM,2.417958453347342
HU310000,BARL,1.801211950647411
HU310000,OATS,2.145779894160083
HU310000,MAIZ,0.7388533407593909
HU310000,OCER,1.107729571369483
HU310000,RAPE,1.209188186632132
HU310000,SUNF,0.5707354781554018
HU310000,PULS,5.179055735606213
HU310000,POTA,5.157516560049289
HU310000,SUGB,3.718738927544365
HU310000,MAIF,0.1159151377923168
HU310000,OFAR,0.1954480020025468
HU320000,SWHE,1.247990087123264
HU320000,DWHE,0.1688845807290581
HU320000,RYEM,2.719766359108377
HU320000,BARL,1.550403208957176
HU320000,OATS,1.171915557985878
HU320000,MAIZ,0.639957597634399
HU320000,OCER,0.9554711629342852
HU320000,RAPE,1.702788353207092
HU320000,SUNF,0.3141757978651347
HU320000,PULS,3.782586910678285
HU320000,POTA,3.752281178878603
HU320000,SUGB,3.860482032151764
HU320000,MAIF,2.939183193062582
HU320000,OFAR,2.51037474028871
HU330000,SWHE,1.382777454472466
HU330000,DWHE,0.2027716939832804
HU330000,RYEM,1.444725281969539
HU330000,BARL,1.727474874076813
HU330000,OATS,1.576834713976307
HU330000,MAIZ,0.6322006609460004
HU330000,OCER,0.7571190293887199
HU330000,RAPE,1.478474699093576
HU330000,SUNF,0.6146634054754322
HU330000,SOYA,1.283598352178212
HU330000,PULS,2.46967820739757
HU330000,POTA,2.567294079538604
HU330000,SUGB,8.621277961158139
HU330000,MAIF,2.343903239921598
HU330000,OFAR,0.914544043597603
LT000000,SWHE,3.82419563604357
LT000000,RYEM,6.326297880451971
LT000000,BARL,3.55487114647211
LT000000,OATS,1.442770061303037
LT000000,OCER,1.213728870837088
LT000000,RAPE,1.871058793890893
LT000000,PULS,3.066452252631987
LT000000,POTA,1.977693712812616
LT000000,SUGB,3.818057858252945
LT000000,MAIF,6.230964089527191
LT000000,OFAR,0.8311383480974626
LV000000,SWHE,1.128638666817539
LV000000,RYEM,1.531909580055905
LV000000,BARL,0.9137438774862823
LV000000,OATS,0.6339767882639186
LV000000,OCER,0.233210342684428
LV000000,RAPE,0.8559793653035138
LV000000,PULS,1.06379877901144
LV000000,POTA,0.6515174318003615
LV000000,SUGB,2.00029150712242
LV000000,MAIF,8.79487756207529
LV000000,OFAR,0.1717361581332926
PL000000,SWHE,0.8617631597837057
PL000000,RYEM,0.4453226682771883
PL000000,BARL,0.6312432436635594
PL000000,OATS,0.6323000496913772
PL000000,MAIZ,1.748850866683562
PL000000,OCER,0.6710777239922632
PL000000,RAPE,0.8363338338406235
PL000000,PULS,1.71725349522782
PL000000,POTA,1.871424170605369
PL000000,SUGB,1.257907651649624
PL000000,MAIF,1.938200417788642
PL000000,OFAR,1.494446595995763
PL110000,SWHE,0.981606017213636
PL110000,RYEM,0.232207154313828
PL110000,BARL,0.8045238462302678
PL110000,OATS,0.4423390493413034
PL110000,MAIZ,2.996853598862154
PL110000,OCER,0.3697871593947332
PL110000,RAPE,0.560804460663026
PL110000,PULS,2.337460228484488
PL110000,POTA,1.62946028919738
PL110000,SUGB,1.988383010749663
PL110000,MAIF,1.535816456018344
PL110000,OFAR,1.353726275310451
PL120000,SWHE,0.8961765880184646
PL120000,RYEM,0.2067710123198479
PL120000,BARL,0.5813261699806954
PL120000,OATS,0.4437879507516808
PL120000,MAIZ,1.800492534047355
PL120000,OCER,0.3377932290644458
PL120000,RAPE,0.4570675036038296
PL120000,PULS,2.460727069302298
PL120000,POTA,1.655954676540148
PL120000,SUGB,0.9213342612018492
PL120000,MAIF,1.89643262514836
PL120000,OFAR,1.607709650254814
PL210000,SWHE,0.5723593503976527
PL210000,RYEM,0.6671106897989503
PL210000,BARL,0.5897108391267485
PL210000,OATS,0.3606405188899623
PL210000,MAIZ,0.8778417687959985
PL210000,OCER,0.3558752636639154
PL210000,RAPE,0.588530132854679
PL210000,PULS,1.598553635084491
PL210000,POTA,0.6443345309851912
PL210000,SUGB,1.107431811164925
PL210000,MAIF,1.984831972863818
PL210000,OFAR,1.018378321323805
PL220000,SWHE,0.446515228955804
PL220000,RYEM,0.2831656258859439
PL220000,BARL,0.7346521314501638
PL220000,OATS,0.5644282605339815
PL220000,MAIZ,1.229092630497405
PL220000,OCER,0.3898366518505366
PL220000,RAPE,0.4919677947092935
PL220000,POTA,1.082985146448326
PL220000,SUGB,2.159228908872222
PL220000,MAIF,1.471774218216117
PL220000,OFAR,1.270146158385993
PL310000,SWHE,0.9405258298037603
PL310000,RYEM,0.1628165788217704
PL310000,BARL,0.6346620142521928
PL310000,OATS,0.3288698351801992
PL310000,MAIZ,2.396850133766442
PL310000,OCER,0.4080073971457652
PL310000,RAPE,0.6990307302781064
PL310000,PULS,1.290384929077927
PL310000,POTA,2.591683960560665
PL310000,SUGB,1.157602227910885
PL310000,MAIF,1.741535149536134
PL310000,OFAR,1.987720662608782
PL320000,SWHE,0.5243903545766789
PL320000,RYEM,0.1611425446411974
PL320000,BARL,0.5465532681887985
PL320000,OATS,0.335240406034803
PL320000,MAIZ,1.210351292063047
PL320000,OCER,0.276313152110165
PL320000,RAPE,0.3759863555649574
PL320000,PULS,2.147358806094953
PL320000,POTA,1.126754377205929
PL320000,SUGB,1.357297586342994
PL320000,MAIF,3.353273718283917
PL320000,OFAR,0.9313774344926165
PL330000,SWHE,0.6308658727630769
PL330000,RYEM,0.3628725466139732
PL330000,BARL,0.5224384786879448
PL330000,OATS,0.4867681455883011
PL330000,OCER,0.8086538548286865
PL330000,RAPE,0.3279274064255875
PL330000,PULS,0.8431479937677393
PL330000,POTA,0.8467078571586627
PL330000,SUGB,0.8011916804501563
PL330000,MAIF,1.330157182041381
PL330000,OFAR,0.7376269033277226
PL340000,SWHE,3.458400487799236
PL340000,RYEM,1.239642581540595
PL340000,BARL,2.134429968004839
PL340000,OATS,1.469896178579414
PL340000,MAIZ,2.195991507704648
PL340000,OCER,1.042924959920115
PL340000,RAPE,16.70204273366225
PL340000,PULS,0.8204026394487808
PL340000,POTA,5.631299389843422
PL340000,SUGB,3.788474038857701
PL340000,MAIF,3.894291256246236
PL340000,OFAR,2.214194747242453
PL410000,SWHE,0.7682336284806437
PL410000,RYEM,0.1696947791284969
PL410000,BARL,0.4613633320678408
PL410000,MAIZ,0.7202577446793195
PL410000,RAPE,0.7011274816826236
PL410000,PULS,1.708706557002224
PL410000,POTA,0.853569897205451
PL410000,SUGB,0.6538680134095654
PL410000,MAIF,0.8444838531812652
PL410000,OFAR,1.064536095586669
PL420000,SWHE,1.037089390184447
PL420000,RYEM,0.9502964459058728
PL420000,BARL,0.9606226336271325
PL420000,OATS,1.544306379239383
PL420000,OCER,1.373537560852731
PL420000,RAPE,0.6685774097669197
PL420000,PULS,2.760730342961511
PL420000,POTA,1.874242593280163
PL420000,SUGB,2.080895514279844
PL420000,MAIF,2.101796392573636
PL420000,OFAR,1.777653716975668
PL430000,SWHE,0.9299862870057121
PL430000,RYEM,0.6348107353632346
PL430000,BARL,0.873404127353797
PL430000,OATS,1.032416019727073
PL430000,MAIZ,2.388724855295033
PL430000,OCER,2.418963771849972
PL430000,RAPE,0.587329776246189
PL430000,PULS,2.085416360717574
PL430000,POTA,1.881270080745028
PL430000,SUGB,3.267213422040481
PL430000,MAIF,1.684548311794863
PL430000,OFAR,1.428152290161358
PL510000,SWHE,0.511055471949388
PL510000,RYEM,0.5717799292334267
PL510000,BARL,0.6442201967437167
PL510000,OATS,0.511991683680704
PL510000,MAIZ,1.968951284313551
PL510000,OCER,0.868947238853092
PL510000,RAPE,0.6262110911923486
PL510000,PULS,3.379490019572021
PL510000,POTA,2.410341056415228
PL510000,SUGB,1.094088519302132
PL510000,MAIF,1.760582319966987
PL510000,OFAR,2.536243864175685
PL520000,SWHE,0.7910961642977664
PL520000,RYEM,1.854754162643743
PL520000,BARL,0.5106284837169373
PL520000,OATS,0.2575448685164464
PL520000,MAIZ,2.044503738592669
PL520000,OCER,1.136101803057845
PL520000,RAPE,1.183441119366959
PL520000,PULS,2.762253341060058
PL520000,POTA,3.081039824229159
PL520000,SUGB,1.430705357339306
PL520000,MAIF,2.83596687290247
PL520000,OFAR,3.261508105660776
PL610000,SWHE,1.108124690778337
PL610000,RYEM,0.8432108686820162
PL610000,BARL,0.434770802485714
PL610000,OATS,0.3353218940556866
PL610000,MAIZ,1.769638804161014
PL610000,OCER,0.9552162263438058
PL610000,RAPE,1.362271105434995
PL610000,PULS,1.396782398280104
PL610000,POTA,2.700953309877722
PL610000,SUGB,1.398341916292745
PL610000,MAIF,2.461405431732425
PL610000,OFAR,2.098608828064144
PL620000,SWHE,0.9018349104701124
PL620000,RYEM,0.9010262516691819
PL620000,BARL,0.5099490620657564
PL620000,OATS,0.6212135399222498
PL620000,MAIZ,3.364556865428741
PL620000,OCER,0.4820031711075254
PL620000,RAPE,0.3248864004377881
PL620000,PULS,2.041236698129443
PL620000,POTA,2.137454356886963
PL620000,SUGB,2.940520671633617
PL620000,MAIF,1.609688916658153
PL620000,OFAR,1.009853737925274
PL630000,SWHE,0.898730395004041
PL630000,RYEM,0.5274708967900475
PL630000,BARL,0.5077108925231635
PL630000,OATS,0.4508417246987574
PL630000,OCER,0.5244990670312096
PL630000,RAPE,0.3446762647609256
PL630000,PULS,1.374093321086524
PL630000,POTA,1.737105149209837
PL630000,SUGB,0.8756111069711475
PL630000,MAIF,1.416311193238761
PL630000,OFAR,1.468605359271324
SI000000,SWHE,0.9447793462362274
SI000000,BARL,0.7398859828961928
SI000000,OATS,1.300272614110614
SI000000,MAIZ,0.9303120802017186
SI000000,OCER,2.47299871904019
SI000000,POTA,1.786309058431654
SI000000,SUGB,2.473399235950932
SI000000,MAIF,1.286781652309185
SI000000,OFAR,9.106097467540271
SK000000,SWHE,0.6880197068278253
SK000000,DWHE,3.583443712809824
SK000000,RYEM,1.628841657382831
SK000000,BARL,0.8278974774243375
SK000000,OATS,1.019240004772216
SK000000,MAIZ,1.012819127476347
SK000000,OCER,1.645251718071056
SK000000,RAPE,1.925500799091909
SK000000,SUNF,1.431749180588635
SK000000,SOYA,1.596885639922273
SK000000,PULS,4.136405427313211
SK000000,POTA,1.893997306841399
SK000000,SUGB,1.376783491728029
SK000000,MAIF,0.7161663387453632
SK000000,OFAR,0.1709614368392023
SK010000,SWHE,0.4965549704993618
SK010000,RYEM,0.7470446829860622
SK010000,BARL,0.5893043404702779
SK010000,OATS,0.8060199475588086
SK010000,MAIZ,0.6907447741191681
SK010000,RAPE,2.360360251040171
SK010000,SUNF,0.9583413172047363
SK010000,PULS,1.460917159275944
SK010000,POTA,2.279256140590011
SK010000,MAIF,0.860588910597966
SK010000,OFAR,0.54254534107342
SK020000,SWHE,0.6725803969298423
SK020000,DWHE,3.583443712809824
SK020000,RYEM,1.91778195408312
SK020000,BARL,0.7765149398762472
SK020000,OATS,1.886968145721712
SK020000,MAIZ,0.880237406433458
SK020000,OCER,4.250728913424449
SK020000,RAPE,2.262220636166777
SK020000,SUNF,1.324208453676177
SK020000,PULS,5.01767467694863
SK020000,POTA,3.953447982565077
SK020000,SUGB,1.146768622246624
SK020000,MAIF,0.9380244866705084
SK020000,OFAR,0.1254433567965396
SK030000,SWHE,1.000692942394414
SK030000,RYEM,1.446061338153829
SK030000,BARL,1.380606414029772
SK030000,OATS,0.6229021925920789
SK030000,MAIZ,1.935592537550727
SK030000,OCER,1.300256391792058
SK030000,RAPE,1.691459594675046
SK030000,SUNF,1.446553261204546
SK030000,SOYA,1.47737690266849
SK030000,PULS,3.310713342307261
SK030000,POTA,0.9079665676034936
SK030000,SUGB,15.05898609873543
SK030000,MAIF,0.431953553588896
SK030000,OFAR,0.1434267681421011
SK040000,SWHE,0.5452132763377905
SK040000,RYEM,2.446803725620587
SK040000,BARL,0.7640716142688206
SK040000,OATS,1.048406198637707
SK040000,MAIZ,1.30416916446471
SK040000,OCER,0.6486546289784868
SK040000,RAPE,1.636851089113173
SK040000,SUNF,1.944598419844955
SK040000,SOYA,1.632077542043014
SK040000,PULS,2.061512536681017
SK040000,POTA,1.770605434125127
SK040000,SUGB,2.630116562138306
SK040000,MAIF,0.5446025772452591
SK040000,OFAR,0.184625665974211
CY000000,DWHE,0.7577862056520179
CY000000,BARL,1.386996250875776
CY000000,POTA,2.100715705295452
CY000000,OFAR,0.7227620137047852
BG000000,SWHE,0.7729741326419648
BG000000,DWHE,1.366512422041742
BG000000,RYEM,1.64021987970285
BG000000,BARL,0.9415350082138783
BG000000,OATS,1.86934939587237
BG000000,MAIZ,0.7434132975786177
BG000000,OCER,3.196709993713548
BG000000,RAPE,2.159011768022339
BG000000,SUNF,0.6033968711015374
BG000000,SOYA,7.866876188833396
BG000000,PULS,2.781921471975447
BG000000,POTA,1.356874826671077
BG000000,MAIF,6.358676156428523
BG000000,OFAR,5.969486726022487
BG010000,SWHE,0.9009740054515446
BG010000,BARL,1.26154198404742
BG010000,OATS,1.543828201989039
BG010000,MAIZ,1.136389959311018
BG010000,OCER,3.275420704228329
BG010000,RAPE,2.290911475550013
BG010000,SUNF,0.2053351191789876
BG010000,PULS,1.228011654374079
BG010000,MAIF,6.798629372977597
BG010000,OFAR,4.690332158238513
BG020000,SWHE,0.5582279925417051
BG020000,DWHE,1.267366633258955
BG020000,BARL,0.8450843333745973
BG020000,OATS,1.340908200059919
BG020000,MAIZ,0.6024573908628527
BG020000,OCER,2.110719596003516
BG020000,SUNF,0.7556175877606518
BG020000,SOYA,3.926416569888139
BG020000,PULS,4.269128126706993
BG020000,POTA,1.090889910134384
BG020000,MAIF,8.154830422320755
BG020000,OFAR,5.439797224739195
BG030000,SWHE,0.9338430254128949
BG030000,BARL,1.18405609021431
BG030000,OATS,2.233060243529699
BG030000,MAIZ,0.5067381065557268
BG030000,OCER,2.901749636956826
BG030000,RAPE,2.484300492494002
BG030000,SUNF,0.307094283007419
BG030000,SOYA,10.69699493346157
BG030000,PULS,2.398746713714678
BG030000,MAIF,7.057858392941231
BG030000,OFAR,5.743037316084123
BG040000,SWHE,0.6320226732008244
BG040000,RYEM,1.868468044569613
BG040000,BARL,1.056007657101046
BG040000,OATS,1.067687612960607
BG040000,MAIZ,1.089911975906167
BG040000,SUNF,0.3461148026017777
BG040000,PULS,3.495596731561436
BG040000,POTA,1.504579961419222
BG040000,MAIF,4.197107121109818
BG040000,OFAR,4.854760583591579
BG050000,SWHE,0.5588387305905923
BG050000,DWHE,1.457825127024041
BG050000,RYEM,2.225581970672946
BG050000,BARL,0.9076383186519211
BG050000,OATS,2.605246105362626
BG050000,MAIZ,1.677696231664598
BG050000,OCER,6.60489275690728
BG050000,SUNF,1.077060088588173
BG050000,PULS,3.381369210173883
BG050000,POTA,1.344368536722958
BG050000,MAIF,8.599045840057165
BG050000,OFAR,5.908001311560558
BG060000,SWHE,0.8184375547027362
BG060000,RYEM,2.140976528813546
BG060000,BARL,0.7797134118076735
BG060000,OATS,1.946339250337755
BG060000,MAIZ,1.120252700062737
BG060000,RAPE,1.691245208518442
BG060000,SUNF,0.5855612571096322
BG060000,PULS,5.825981966849496
BG060000,MAIF,3.249053181988938
BG060000,OFAR,10.64322035672026
RO000000,SWHE,0.8416972096851808
RO000000,RYEM,3.622542116719
RO000000,BARL,1.830985420634816
RO000000,OATS,1.527909076057647
RO000000,MAIZ,0.5977236226230462
RO000000,OCER,2.442703485066383
RO000000,RAPE,1.705055430334462
RO000000,SUNF,1.169196751252475
RO000000,SOYA,5.436167298648948
RO000000,PULS,2.587508964606583
RO000000,POTA,0.8781992985915066
RO000000,SUGB,3.974769536154827
RO000000,MAIF,2.654968894610449
RO000000,OFAR,0.7248217187923826
RO010000,SWHE,0.9596789192481765
RO010000,RYEM,2.56215194117735
RO010000,BARL,1.497393122953941
RO010000,OATS,1.351469340818889
RO010000,MAIZ,0.5201915945700342
RO010000,RAPE,1.362505734669196
RO010000,SUNF,0.8701357669765383
RO010000,SOYA,1.944701816857191
RO010000,PULS,1.604523842635675
RO010000,POTA,0.3141360923891711
RO010000,SUGB,10.72131985992632
RO010000,MAIF,21.71360862899715
RO010000,OFAR,1.19229704722957
RO020000,SWHE,1.09813952940388
RO020000,BARL,1.88285792994941
RO020000,OATS,1.999625944745813
RO020000,MAIZ,0.3463923092583769
RO020000,RAPE,1.904887876345683
RO020000,SUNF,1.019330783644177
RO020000,SOYA,4.37402668961533
RO020000,PULS,2.714848854945942
RO020000,POTA,0.3490614464400881
RO020000,SUGB,1.073760705322453
RO020000,MAIF,17.2204908167297
RO020000,OFAR,0.331989411143582
RO030000,SWHE,0.7261201832271102
RO030000,BARL,2.119079040912848
RO030000,OATS,2.889380053349884
RO030000,MAIZ,0.3753069055907286
RO030000,RAPE,1.624053766411661
RO030000,SUNF,1.368347663249004
RO030000,SOYA,6.5957659029839
RO030000,PULS,2.636572746648267
RO030000,POTA,0.2884114490201668
RO030000,MAIF,31.47478040685523
RO030000,OFAR,0.5032330559479242
RO040000,SWHE,0.618766402795769
RO040000,RYEM,4.594738120130192
RO040000,BARL,1.782626465053504
RO040000,OATS,2.050658330931495
RO040000,MAIZ,0.2840266513641586
RO040000,RAPE,1.288978621493603
RO040000,SUNF,1.219457368790686
RO040000,SOYA,19.11663461773622
RO040000,PULS,3.493335107468137
RO040000,POTA,0.3667040131309795
RO040000,SUGB,2.540072263809521
RO040000,MAIF,48.94943488204395
RO040000,OFAR,0.3820872137329985
RO050000,SWHE,0.850149677817966
RO050000,BARL,1.669506207015462
RO050000,OATS,1.151443829913628
RO050000,MAIZ,0.6901782500984222
RO050000,SUNF,1.854821777719846
RO050000,SOYA,10.9020830954766
RO050000,PULS,2.910294612714635
RO050000,POTA,1.896972446906362
RO050000,SUGB,1.402988838015781
RO050000,MAIF,9.666336113034607
RO050000,OFAR,1.103984494392567
RO060000,SWHE,1.136227401127334
RO060000,RYEM,4.878725435408794
RO060000,BARL,1.674402344006002
RO060000,OATS,1.110481784019163
RO060000,MAIZ,1.568769752582049
RO060000,OCER,2.292286987373238
RO060000,RAPE,9.405967392493439
RO060000,SUNF,0.7593931408488785
RO060000,SOYA,3.69328674775028
RO060000,PULS,3.091217928602558
RO060000,POTA,0.3405776630718884
RO060000,SUGB,3.876862377697627
RO060000,MAIF,12.27145849409399
RO060000,OFAR,0.6185139587676677
RO070000,SWHE,0.9769077180865692
RO070000,RYEM,2.885208920032604
RO070000,BARL,1.680592206187346
RO070000,OATS,1.271332633874321
RO070000,MAIZ,1.237149058716378
RO070000,OCER,2.784729679154238
RO070000,SUNF,0.6680237058203793
RO070000,POTA,1.651556725981639
RO070000,SUGB,1.819335803597405
RO070000,MAIF,5.877672149634622
RO070000,OFAR,0.7395740174343378
RO080000,SWHE,0.8574912590490399
RO080000,BARL,2.023586927629601
RO080000,OATS,2.505378364132683
RO080000,MAIZ,0.3220810166861087
RO080000,SUNF,0.3620982125800414
RO080000,MAIF,3.00190469654743
RO080000,OFAR,1.074004438964574
