model_region,ARAB,FALL,GRAE,GRAI,OLND,SETA,UAAR
AT11,181.074052665339,3.45916623895552,4.62711037009117,4.62711037060078,44.2320217717292,10.9478268863747,190.328273406031
AT12,751.828071577293,20.4127110329064,68.3992334779965,68.399233477991,77.4420785081412,34.2588539229339,888.626538533281
AT13,,,,,3.20400733685082,,
AT21,59.2043638572768,0.110780496296795,78.0461533364432,78.0461533364475,73.4176934296307,2.30833946293553,215.296670530168
AT22,142.267400327236,0.535426017559022,111.627010366657,111.627010366996,114.787355107151,4.58367811690901,365.52142106089
AT31,262.464825017062,1.25689605376783,119.798161231322,119.798161231169,48.3995452570795,9.39743533346992,502.061147479553
AT32,11.4240007133126,0.00401055801281042,87.497344167491,87.4973441674784,136.434214202064,0.0568357052160992,186.418689048282
AT33,15.2925097155895,0.033710764461815,125.217670942556,125.217670941732,309.77962218754,0.00568422996660293,265.727851599877
AT34,5.01909463673023,0.0482296631589432,38.3952493634439,38.3952493637304,74.7537601622824,0.0113684598019871,81.8095933639046
BE10,,,,,0.0272659635548642,,
BE21,62.5814686425076,0.00250081765837576,14.5415504525075,14.5415503333486,7.25788086263686,0.131385173028225,91.6645694283636
BE22,67.8370078365011,0.00259665826437691,9.77249968887704,9.77250012499607,7.38958886080429,0.210382264271348,87.3820076503742
BE23,102.167258831427,0.00223622963261932,23.6399277418095,23.6399279627402,7.97357789843865,0.163324504297464,149.447114535977
BE24,69.4462496562217,0.00243951484267679,9.58808783085122,9.58808858923359,2.69779441784774,0.356430715760253,88.6224260763065
BE25,150.342706924514,0.00274023124707212,25.5047082111533,25.504707205742,1.5835890245039,0.280049224488312,201.35212234141
BE31,55.3090115774234,0.00474784643111094,3.6295632212152,3.62956428831496,2.37765213183088,0.450391618988027,62.5681390869535
BE32,154.917859226076,0.0119965376944968,28.9959950027718,28.9959950028003,10.3624005853601,1.03558158520864,212.909849231648
BE33,64.5949457333193,0.00430558331979744,42.7818671911638,42.781867679931,3.93286791470982,0.476404424128023,150.158680604414
BE34,38.1918695069606,0.000972080344390651,50.2364316001822,50.2364316185955,6.36539487902104,0.0764745785017446,138.664732725738
BE35,94.6803009445943,0.0110266246435999,28.8582821678397,28.8582821677913,1.96923978731672,0.953866452544803,152.396865280225
CY00,112.504459718395,4.21127789717286,0.868265301752234,0.868265301733945,461.388789857819,,114.240990321882
CZ01,11.5525929614216,2.10526941425755,0.0553540002428292,0.0553540002428292,3.74565922467153,,11.6633009619072
CZ02,556.796310694639,62.7698203003963,28.2558362129853,28.2558362129117,26.0826313248906,,613.307983120536
CZ03,517.477932157212,50.0843793397745,151.976111685154,151.976111685332,27.966833720389,,821.430155527699
CZ04,217.674804268259,47.6275061013547,65.9721220109986,65.972122011661,29.1128592696255,,349.619048290919
CZ05,440.185480482555,45.0064191875667,92.2526637470559,92.2526637472611,26.2848658223897,,624.690807976872
CZ06,705.729002369809,53.8595277797134,47.5476219303801,47.5476219303801,26.5039615075485,,800.824246230569
CZ07,316.10188226521,24.2022171151552,60.7468225741145,60.746822574039,11.2248984608882,,437.595527413364
CZ08,143.607604832243,16.3261539458838,45.0893231805948,45.0893231805946,6.73431776981132,,233.786251193432
DE11,330.129086750957,3.14561580178303,70.369633453396,70.3696334534916,21.7036643817107,9.9101595417495,470.868353657845
DE12,142.546247271599,4.86443790563489,29.8932207524199,29.893220752852,18.7933873233257,6.25128311363733,202.332688776871
DE13,163.461333053098,5.3505283592705,81.6175225004823,81.6175225004823,9.51977686303188,5.63163468853893,326.696378054063
DE14,239.658473078319,2.31283076653794,95.5058186370578,95.5058186370578,21.6146805339525,7.89524833641793,430.670110352434
DE21,440.669981608029,1.64049618341355,166.545049365016,166.545049364857,42.9007285093751,13.3507174285785,773.760080337902
DE22,394.320686008513,2.29802410028807,63.0926959336895,63.0926959334976,17.2045002180311,11.5246176852712,520.5060778757
DE23,275.993304803154,2.57693576597711,61.4098402953347,61.4098402953347,26.0083913903242,8.17767313911737,398.812985393824
DE24,222.594407489661,5.0035370143427,43.1215552795248,43.1215552795248,18.2636869571812,8.60341796575418,308.83751804871
DE25,236.381151441834,1.52864240381853,49.9239627571187,49.9239627571187,14.2327743038614,7.64233060972481,336.229076956071
DE26,294.29347653579,5.45737316876454,29.8262554161175,29.8262554161499,10.3741459456724,11.5709859340829,353.945987368058
DE27,249.324217759929,0.354149454720195,128.725083245045,128.725083245045,30.0442584948457,6.23006136025522,506.774384250018
DE30,,,,,1.42540464094668,,
DE40,1049.94810971465,11.2676823056884,144.024709545955,144.024709545955,119.530751919075,62.6055676813781,1337.99752880656
DE50,,,,,2.40293509971743,,
DE60,,,,,9.6683049491181,,
DE71,156.618269433995,3.67937554339238,41.359323311933,41.3593233117415,18.5706629907122,5.23539691821035,239.33691605767
DE72,114.548960218159,2.70547209865187,43.6784607078357,43.6784607078357,5.27925447077574,4.45556725584025,201.90588163383
DE73,209.735177426376,4.1343277498159,58.8009536681643,58.8009536680994,8.09133584071918,8.82682862116319,327.33708476264
DE80,1107.79377465684,12.4260413673108,134.31725195493,134.317251954921,91.0680992451425,57.5303519885722,1376.42827856669
DE91,345.949260531634,5.15654059455933,20.7635319706861,20.7635319681998,8.26996996327841,13.7755854518172,387.47632447052
DE92,430.849472962671,6.69983448214916,30.0666316151589,30.0666316155301,22.5493914608835,16.7557993132072,490.98273619336
DE93,529.504053102461,1.8802240399831,148.237641532755,148.237641532843,72.3082051774043,18.311779952886,825.979336168059
DE94,607.412667132879,3.32367702444196,156.390977094525,156.390977094756,128.545525020858,13.9315514365855,920.19462132216
DEA1,158.389297611581,0.187199695317684,27.2590740480387,27.2590740480387,19.8983163012861,3.15527519954516,212.907445707658
DEA2,180.424387909194,0.232304341232534,57.6910414391571,57.6910414392427,41.654232919073,4.17420854843713,295.806470787594
DEA3,347.916086816114,0.959725308184192,23.5371635688042,23.5371635688042,17.4636701764345,9.7934131432493,394.990413953722
DEA4,269.585491200204,1.13538917011349,33.046166371605,33.046166371605,7.67419349795707,10.6756086157373,335.677823943415
DEA5,132.899862617042,0.206538036050198,56.209616757573,56.2096167575758,12.2055281836274,4.83656686290542,245.319096132191
DEB1,160.49001357467,5.76722439812125,48.3202585621867,48.3202585595902,28.0355604331855,6.47047847439155,257.130530696447
DEB2,79.890199010961,3.34344547965262,51.5082461102253,51.5082461102253,6.47003073792933,2.343704256363,182.906691231412
DEB3,231.259315304596,12.2751799255975,17.8437253404308,17.8437253404308,16.984966661801,5.66114175536087,266.946765985457
DEC0,35.4511228653717,1.26313462632625,20.6522542948522,20.652254294991,9.59430645436601,1.85472998040186,76.7556314552149
DEE0,1027.02918488485,4.31526111758589,78.263617115305,78.2636171153059,81.8705072321218,53.2086856693472,1183.55641911546
DEF0,678.832430038844,1.70794449931618,170.723086254631,170.72308625476,77.4478495731591,24.5618535351636,1020.27860254824
DEG0,638.89802350459,1.29041041509159,77.1095735474956,77.1095735474959,22.6882388352384,29.7543225888657,793.117170599582
EE00,743.614805219214,68.7061470803851,149.434600510208,149.434600509736,736.813170711263,,1042.48400623916
EL30,63.2593108232586,0.429712988252922,35.4555254961742,35.4555254963219,19.1158130202494,0.0337150709829563,134.170361815755
EL41,84.1770367789761,0.715644632781221,42.5291150095458,42.5291150079758,36.0321639887026,0.269720567776667,169.235266796498
EL42,50.2036026635348,2.01328798162165,30.8629446535295,30.8629446535889,96.6899829055956,,111.929491970653
EL43,261.289071518872,0.606916424029552,119.365675534686,119.365675534819,65.0039256771296,0.539441135185885,500.020422588377
EL51,425.308230870938,0.0887247990256884,151.978008255576,151.978008255157,50.2448781257719,41.1986025879453,729.264247381671
EL52,648.079493973512,0.892741770525381,255.432809379657,255.432809379869,47.3818797968819,10.8457383572183,1158.94511273304
EL53,235.59179163775,0.756286769182024,103.001813741424,103.001813741304,33.9205513148876,8.81319194719534,441.595419120478
EL54,53.3382374899195,0.0379564272019395,204.293323334698,204.29332333465,57.0134546742271,0.168575354857765,461.924884159268
EL61,518.080074018243,0.482474756622907,213.381458417639,213.381458417639,49.3987229195337,5.31739586881144,944.84299085352
EL62,102.961705946454,0.436556746395603,,,12.1123722186911,0.0337150708715441,102.961705946454
EL63,305.4593460509,2.30105999545473,,,70.6140081174724,0.472010993331334,305.4593460509
EL64,455.576373203999,3.65517508425869,,,70.5162228864999,1.51717819351071,455.576373203999
EL65,146.273337799933,0.675934602917487,281.197381408842,281.197381409081,95.6789627923349,0.134860284240409,708.668100617856
ES11,385.967954691997,19.1317432102275,278.878107855063,278.878107855222,165.123884922666,0.791720183827388,943.724170402282
ES12,36.0744578950456,0.040436639849868,170.587672152998,170.587672153058,74.2050775244611,0.73381892219251,377.249802201102
ES13,14.7815555433167,0.719229389284547,113.138997897177,113.13899789718,19.5330742545616,0.0244861912338576,241.059551337674
ES21,72.8707695154684,0.238750382534828,72.5273560557145,72.5273560547147,21.5329017082238,4.54198609106757,217.925481625898
ES22,339.382522244709,32.0540952997129,51.7480926009217,51.7480926998552,75.3195297915891,19.0910672732842,442.878707545486
ES23,145.614291467697,24.9267427801706,52.1068622662171,52.1068622676548,52.5820042924334,0.546858271178974,249.828016001569
ES24,1647.2988424077,328.220473372231,325.505667298642,325.505667298816,563.371928882218,121.45150859612,2298.31017700516
ES30,195.959928861292,58.7238447723011,87.3721900277403,87.3721900271732,65.547107968324,11.6799132272838,370.704308916205
ES41,3271.5728102356,227.061706974066,1118.65838978075,1118.65838978,747.917438073542,309.938046752801,5508.88958979634
ES42,3956.84509348725,756.692922905735,232.571256584902,232.571256585528,763.531033294473,172.146086538092,4421.98760665768
ES43,835.677924377314,48.8910661938093,743.439025136077,743.439025136189,179.645278930138,99.6098259942473,2322.55597464958
ES51,857.246715369066,47.4093989930611,109.537376086314,109.537376087317,137.826265766834,17.4831405378128,1076.3214675427
ES52,745.288719710481,124.875708052369,10.1186061568441,10.1186061568424,184.90106366154,3.41174264721119,765.525932024167
ES53,166.942173459275,28.4523400591058,11.9973500123319,11.997350012125,17.0341318734102,1.55079211223277,190.936873483732
ES61,3676.48496555085,271.131775159988,663.487850803251,663.487850803261,577.776140682994,124.642875521486,5003.46066715736
ES62,471.394981988024,98.978734418416,8.06922828706054,8.06922828705081,180.586531297124,13.3939466127853,487.533438562136
ES63,,,,,0.185525244438692,,
ES64,,,,,0.100277976926482,,
ES70,51.9192519797865,19.5389892408277,21.9475380168443,21.9475380165942,197.66632852217,,95.814328013225
FI19,746.294032695643,39.152501431878,1.8581063037256,1.85810630370406,297.81377700523,12.3862149656983,750.010245303073
FI20,14.6114217767523,0.0429627997220092,0.520414947990327,0.520414947990338,45.9600331807792,0.863122272108712,15.652251672733
FR10,562.31830082076,0.679170038330979,9.37348645668515,9.37348645660066,16.0270288470644,15.7993201780245,581.065273734046
FRB0,2160.30331328908,15.0199821886438,131.879748143916,131.879748143921,93.1392625433222,66.759120576309,2424.06280957691
FRC1,1053.20726464804,2.21924518244143,386.219944175393,386.219944173321,64.0575323728478,27.7490821011094,1825.64715299675
FRC2,258.100040855578,0.120653205796684,213.183666312603,213.183666313202,46.4577749684028,5.30989637524321,684.467373481382
FRD1,702.972238704544,0.233600016934176,302.075586181845,302.075586181841,27.3920314218648,12.1239517540772,1307.12341106823
FRD2,628.250101451245,0.352371754678677,91.09204700797,91.0920470079264,20.0736452905014,14.0804103376331,810.434195467141
FRE1,691.318785844219,0.168837029010666,74.1105631837432,74.1105631837352,44.6798975185673,12.8473412284895,839.539912211697
FRE2,1250.90294535526,0.313724232494483,60.3069483810018,60.3069483810315,39.5302259256766,26.7944695271499,1371.51684211729
FRF1,254.008847047907,0.326411466259976,37.4717021703052,37.4717021702166,26.1999721129152,6.31661309118623,328.952251388429
FRF2,1333.19407112136,1.39802523968907,108.271214615583,108.27121461559,40.7539531327685,32.2028898376246,1549.73650035253
FRF3,715.985486099683,0.211682711904969,205.110530501477,205.110530502201,32.8135234458527,17.7970414057903,1126.20654710336
FRG0,1764.55872060806,0.452471014895557,253.866902732574,253.866902732132,105.787053946667,30.6123045327604,2272.29252607277
FRH0,1590.69892949733,0.287382927534701,80.2767452991223,80.276745298436,99.4961410033934,22.9537410994125,1751.25242009489
FRI1,1027.91982319277,9.80636045240616,252.349686978383,252.349686978402,367.665751696933,24.9364075444415,1532.61919714955
FRI2,290.179549353436,0.0374130920623184,282.059762813666,282.059762813419,98.4461946533583,1.2533286239464,854.299074980521
FRI3,1585.09770763705,1.95619308168104,91.6196633634799,91.6196633634543,58.1772591757868,38.3152628423915,1768.33703436398
FRJ1,458.482493487271,9.56744506862912,278.70303813687,278.703038138615,343.248990251752,4.60677255137361,1015.88856976276
FRJ2,1614.8585365309,4.67160050021327,436.829388802401,436.829388802524,437.164686614578,36.7550861678284,2488.51731413583
FRK1,540.520218525666,0.740863600796877,475.975709041009,475.975709040848,122.526492609969,6.29877478082782,1492.47163660752
FRK2,659.480586911879,2.65387182287434,456.406731578319,456.406731578433,416.87807431091,11.9840947229527,1572.29405006863
FRL0,259.21316041979,6.79648841356414,274.720423794171,274.720423794107,707.766718466941,3.84284999091053,808.654008008068
FRM0,36.6736255973775,1.07756960292082,147.895065825335,147.895065839605,326.596019436807,0.0842348070589364,332.463757262318
HU21,537.167684289922,29.8096379002467,40.7457503395168,40.745750339546,38.7942955153626,,618.659184968985
HU22,541.404178255225,27.6155740576733,32.717035184066,32.7170351840321,39.3595639230889,,606.838248623323
HU23,747.221225467269,45.321295007694,33.9782570045191,33.9782570044911,39.6585398907386,,815.17773947628
HU31,521.329648329199,65.998184478477,59.7102264829776,59.710226482985,105.270442828201,,640.750101295162
HU32,1016.77953934273,84.2886410119033,119.553833000154,119.553833000254,144.369516753592,,1255.88720534314
HU33,1105.68521966613,85.5665267727966,93.6024202017523,93.602420201852,54.0327220883767,,1292.89006006974
ITC1,435.300895659325,0.600424453219681,266.119730328432,266.119730326243,248.244342098489,6.98303575250893,967.540356314001
ITC2,3.87808836364664,0.0161054625331563,30.4041833367734,30.4041833372747,103.31532973095,0.0260651477885228,64.6864550376948
ITC3,9.51190974278338,0.00303057886445285,17.0918104009616,17.0918103994192,88.9188135618554,0.0910744404331251,43.6955305431642
ITF1,289.45087356332,13.0056266176531,103.604520141352,103.604520141352,81.4365332701947,0.971008875693045,496.659913846025
ITF2,149.303357548601,0.0555950990953772,14.1737789616355,14.1737789613976,115.101172803738,0.921663634521677,177.650915471635
ITF4,1389.56593556802,50.8894562713937,55.5310965225596,55.5310965225596,186.017928469378,3.2910032404128,1500.62812861314
ITF5,461.984120434761,73.851690999578,,,208.834730847296,9.13009017625762,461.984120434761
ITF6,384.781341688497,1.52678813165754,83.5699502199266,83.5699502201265,297.771805085652,0.847188952668308,551.92124212855
ITH3,578.31438990754,0.504055197450279,119.905384623697,119.90538462349,69.5963577359279,7.10174288936992,818.125159154726
ITH4,118.187940121419,0.00965757424206655,64.4017797929213,64.4017797929692,134.080874945319,2.99656486372243,246.991499707309
ITI1,585.779783394659,64.4889806691697,64.884833625556,64.8848336242524,183.385843135559,10.9482880041533,715.549450644467
ITI2,288.712718264196,9.46345992855196,30.707673919655,30.7076739198169,44.3324946352299,4.11212483334821,350.128066103668
LU00,64.1477098383986,0.00122674616780101,32.2466340791439,32.2466342298019,3.01578956782955,0.407236804988808,128.640978147344
LV00,1398.34423355304,182.310587440022,317.911972980763,317.911972981254,688.605332980448,,2034.16817951506
MT00,10.7740776296102,1.04712186351387,,,3.72910321782296,,10.7740776296102
NL11,114.70380824093,0.0186869740780591,25.0509176613278,25.0509183780433,13.1849119411258,1.26091216236809,164.805644280302
NL12,52.3268335301456,0.00680487125778375,96.079453802162,96.0794537758751,26.5577386399464,0.255507718921237,244.485741108183
NL13,104.713108806976,0.0246116083255943,21.6607762052263,21.6607766282871,8.09156071892178,0.4857020137602,148.034661640489
NL21,88.0838368276532,0.0181501632067178,53.7700158239296,53.770015469673,12.1531585605989,0.19110140097428,195.623868121256
NL22,105.248697678857,0.100078923150574,60.7366458891885,60.7366448386242,8.41681569762244,0.37971257611412,226.72198840667
NL23,73.8092304403224,0.018969306217722,2.30814039250822,2.30814054131414,2.93420555529219,0.36385783288258,78.4255113741447
NL31,23.1774389535253,0.0679372413739437,18.1483281773189,18.1483281839708,1.77168864600504,0.0262857220846307,59.4740953148151
NL32,73.0986069961554,0.272491872979141,31.6983131395232,31.6983131395997,12.5976530317768,0.384234933699617,136.495233275278
NL33,54.5842956156989,0.0267933594022026,41.6892918618986,41.6892923686612,13.5659690519341,0.460231390662767,137.962879846259
NL34,114.30072365299,0.0280802226260632,8.25305779469993,8.25305761554432,14.4737388121754,0.703859746655079,130.806839063235
NL41,205.662867643642,0.897936979292317,21.4447206229479,21.4447206229382,17.0044526482319,0.670064062302151,248.552308889529
NL42,82.3903232165495,0.659354578870939,8.94371518332136,8.94371518335122,4.87633685620947,0.378507541417826,100.277753583222
NO02,181.337791056777,13.6829569929293,10.9832659268671,10.9832659268726,2536.26173220559,,203.304322910516
NO06,143.46411642037,11.5383086521265,8.47165815166637,8.47165815166792,2335.03445007075,,160.407432723704
NO07,95.4763026828094,14.311835878219,19.2338947295814,19.2338947290782,8059.82070870597,,133.944092141469
PL21,324.560959437192,4.53695417338815,111.203559484468,111.203559484518,288.445459217851,,546.968078406177
PL22,284.06650693425,4.87621399561098,37.7422309567286,37.7422309564232,152.989076982686,,359.550968847402
PL31,1186.43483116151,28.3533201155516,105.712632196111,105.712632196583,273.232960786097,,1397.8600955542
PL32,364.897991111831,28.4498999127391,113.345793745035,113.345793745202,146.996009801113,,591.589578602069
PL33,397.18671711779,17.6887647010213,55.7580731758978,55.7580731763893,142.096488058289,,508.702863470078
PL34,651.612349956791,9.69038188731861,204.163680145998,204.163680146001,143.470438390382,,1059.93971024879
PL41,1483.68395493409,4.5760445695729,113.567713129601,113.567713129591,174.5986632438,,1710.81938119328
PL42,689.397459193685,9.88944686394593,79.4719620927528,79.4719620927385,185.911059606378,,848.341383379176
PL43,295.741316209259,4.66772224443403,50.0068738260339,50.0068738262973,150.282511553233,,395.755063861591
PL51,748.830486629514,4.72472308156949,66.3662289080929,66.3662289083745,273.174249341165,,881.562944445981
PL52,465.669336354461,0.977886105592318,18.6207862074567,18.6207862072613,64.3910875723038,,502.910908769179
PL61,943.946655207911,3.81435837581033,47.6327972670487,47.6327972671115,147.356493731986,,1039.21224974207
PL62,619.974054635094,4.63241752525205,172.17272437356,172.172724374186,304.122770687493,,964.31950338284
PL63,600.121347867684,5.44975017536156,64.3190002289012,64.3190002289317,126.118914985511,,728.759348325517
PL71,840.915363919435,21.7178824600519,67.8880612014987,67.8880612014102,272.226576420489,,976.691486322344
PT11,395.44658226529,19.3527934472859,128.718566589464,128.718566589427,512.746791379406,2.29092530214128,652.883715444182
PT15,75.1687453318296,9.51119759268744,11.6320933249191,11.6320933244334,159.638949257655,2.00785119833367,98.4329319811821
PT16,339.853729245692,12.9982415044058,116.23834386628,116.238343866117,606.579961992969,2.15706855556688,572.330416978089
PT17,45.198710746026,2.35397059775933,14.7945858423395,14.7945858421298,36.1859130108163,0.155800475464657,74.7878824304953
PT18,851.652505486271,57.1156696720861,606.420559650801,606.420559650501,127.367560278839,37.6883544704212,2064.49362478757
PT20,23.135994983551,0.0575577774400275,46.8530045084861,46.8530045086223,51.8197039637579,,116.842004000659
PT30,4.29866338037474,0.0130367800022684,0.303151686437637,0.303151686352383,20.0983674412537,,4.90496675316476
RO11,916.248995587007,139.604743265081,464.907917765739,464.907917765739,179.568364906038,,1846.06483111848
RO12,614.201266173591,110.274567589662,589.626992297903,589.626992297982,160.316424771367,,1793.45525076948
RO21,1305.52204908608,16.8379847817739,337.640020205217,337.640020204363,139.544285698735,,1980.80208949566
RO22,1982.52512985045,19.1250000793547,144.888653748111,144.888653747742,313.655234985455,,2272.3024373463
RO31,2070.97882305147,48.0781099990962,156.590678701775,156.590678701943,128.277961666837,,2384.16018045519
RO32,91.1122281218776,3.23132732487706,0.167700808572465,0.167700808752859,12.5165153809543,,91.4476297392029
RO41,1282.91049680607,72.2284814293334,193.187764612215,193.187764611678,141.361280151205,,1669.28602602997
RO42,1049.68263799822,162.102494137897,329.974630763841,329.974630763864,155.219645185087,,1709.63189952593
SE11,87.9917077620548,9.19278559882668,6.21222948371641,6.21222948379393,37.4418142711736,11.7659654279527,100.416166729565
SE12,747.452075013198,10.2366053375038,42.5170482052677,42.5170482052714,135.201278036408,110.60552023842,832.486171423737
SE21,351.808420698265,4.25651193667906,85.4959134201206,85.4959134201338,118.562722775942,18.1707069742263,522.80024753852
SE22,529.311320518279,1.90901299443209,24.5826587578428,24.5826587578428,49.8617152429777,37.8619361857818,578.476638033965
SE23,619.408288677885,23.855047325662,41.2534160314619,41.2534160314517,143.15904941225,63.9610077735086,701.915120740799
SE31,231.509857408098,10.1476523101298,11.6632295033585,11.6632295033634,527.106393246536,19.788692524846,254.83631641482
SE32,80.7517061367016,4.76980358612257,11.0967337149569,11.0967337149569,1247.08633066583,1.52463359027655,102.945173566615
SE33,92.1692180874623,8.69173139029155,5.02863661507894,5.02863661509632,5118.14968983399,5.08912176775744,102.226491317638
SK01,65.5367068158001,1.93850450828941,2.2401155813293,2.240115581354,21.6853227801335,,70.0169379784834
SK02,746.547083895553,11.4665223787485,24.6211065384491,24.6211065383363,110.748814353781,,795.789296972339
SK03,191.614352481725,8.65981297791164,126.134202134536,126.134202134536,151.653351187712,,443.882756750797
SK04,419.411774853162,17.2995505891811,110.46445963761,110.46445963761,133.759398827452,,640.340694128383
