model_region,group1,group2,value
AT11,CERE,CERE,137.010174767172
AT11,CERE,CER2,56.3932901826931
AT11,CERE,OILS,-38.2298497936497
AT11,CERE,FARA,-93.4991596972663
AT11,CERE,OARA,30.2120625315927
AT11,CER2,CER2,176.647646852599
AT11,CER2,OILS,169.744036939911
AT11,CER2,FARA,-134.598372254528
AT11,CER2,OARA,-2.53889771765275
AT11,OILS,OILS,272.542150182031
AT11,OILS,FARA,-96.0005592358908
AT11,OILS,OARA,-19.5644318169285
AT11,FARA,FARA,149.742700579759
AT11,OARA,FARA,-38.3952728092183
AT11,OARA,OARA,59.251131076448
AT12,CERE,CERE,11.478397434559
AT12,CERE,CER2,3.59941094319758
AT12,CERE,OILS,4.18511035682939
AT12,CERE,FARA,2.40222697916704
AT12,CERE,OARA,6.65597838724746
AT12,CER2,CER2,110.465635445001
AT12,CER2,OILS,-92.7810132247863
AT12,CER2,FARA,31.0313015125928
AT12,CER2,OARA,34.8589620859691
AT12,OILS,OILS,115.506708165121
AT12,OILS,FARA,-57.7840353279186
AT12,OILS,OARA,-44.9388122573671
AT12,FARA,FARA,68.5794699847447
AT12,OARA,FARA,37.3247578751433
AT12,OARA,OARA,27.0944546367141
AT21,CERE,CERE,134.052842187491
AT21,CERE,CER2,41.2882714507393
AT21,CERE,OILS,-62.6528632136624
AT21,CERE,FARA,-83.3047050662604
AT21,CERE,OARA,23.6692407254702
AT21,CER2,CER2,96.0205558863109
AT21,CER2,OILS,234.241124215895
AT21,CER2,FARA,-96.9977665555961
AT21,CER2,OARA,-1.81438898488002
AT21,OILS,OILS,836.840242491738
AT21,OILS,FARA,-173.198848648212
AT21,OILS,OARA,32.5419785706571
AT21,FARA,FARA,170.508509000544
AT21,OARA,FARA,11.6327931865202
AT21,OARA,OARA,154.214957252969
AT22,CERE,CERE,192.205027738373
AT22,CERE,CER2,-34.4402533514926
AT22,CERE,OILS,-426.612060525321
AT22,CERE,FARA,-4.5245938181137
AT22,CERE,OARA,29.7846004453221
AT22,CER2,CER2,27.1989495100885
AT22,CER2,OILS,126.996613963749
AT22,CER2,FARA,-42.2235322851871
AT22,CER2,OARA,8.7043600746767
AT22,OILS,OILS,1150.22612853984
AT22,OILS,FARA,-77.6180491543631
AT22,OILS,OARA,-122.349134713802
AT22,FARA,FARA,100.24483207721
AT22,OARA,FARA,9.90993173344506
AT22,OARA,OARA,470.075659063487
AT31,CERE,CERE,7.92911046740458
AT31,CERE,CER2,-2.9821249640837
AT31,CERE,OILS,-23.7503232473632
AT31,CERE,FARA,4.51581512174825
AT31,CERE,OARA,-6.12292467710121
AT31,CER2,CER2,41.7654694194812
AT31,CER2,OILS,93.9690178355746
AT31,CER2,FARA,-48.2120858931389
AT31,CER2,OARA,-25.2073933482569
AT31,OILS,OILS,283.751704061094
AT31,OILS,FARA,-132.841335100403
AT31,OILS,OARA,-26.8431638761773
AT31,FARA,FARA,70.1387700521239
AT31,OARA,FARA,18.3902708391354
AT31,OARA,OARA,35.7286879333883
LU00,CERE,CERE,4.54665302345155
LU00,CERE,CER2,25.0948817172991
LU00,CERE,OILS,23.2398534343191
LU00,CERE,FARA,-30.2322569117628
LU00,CER2,CER2,197.09414931031
LU00,CER2,OILS,56.058710165865
LU00,CER2,FARA,-157.895324493472
LU00,OILS,OILS,419.177432362874
LU00,OILS,FARA,-258.59243306196
LU00,FARA,FARA,243.320928164602
LU00,OARA,OARA,54.5800951256874
BE21,CERE,CERE,309.471121230821
BE21,CERE,CER2,-168.748103659758
BE21,CERE,FARA,-20.9499183089246
BE21,CERE,OARA,187.344933989461
BE21,CER2,CER2,385.920820871972
BE21,CER2,FARA,51.3796701243371
BE21,CER2,OARA,-1301.4832288694
BE21,OILS,OILS,1433.41261099823
BE21,FARA,FARA,7.57821181887855
BE21,OARA,FARA,-199.931224174575
BE21,OARA,OARA,5812.00950708615
BE22,CERE,CERE,22.2572143004633
BE22,CERE,CER2,3.61049513308175
BE22,CERE,FARA,-11.1507851072006
BE22,CERE,OARA,91.6805635747676
BE22,CER2,CER2,41.8835768424422
BE22,CER2,FARA,-19.5034798936034
BE22,CER2,OARA,120.137585519617
BE22,OILS,OILS,2732.09518653339
BE22,FARA,FARA,43.4264888240256
BE22,OARA,FARA,-154.184296091835
BE22,OARA,OARA,777.755624602178
BE23,CERE,CERE,35.302296333934
BE23,CERE,CER2,-23.7588305913853
BE23,CERE,FARA,59.6103818958056
BE23,CERE,OARA,-191.01896049276
BE23,CER2,CER2,40.4380331483137
BE23,CER2,FARA,-67.7517931217787
BE23,CER2,OARA,219.163429539405
BE23,OILS,OILS,810.368112739752
BE23,FARA,FARA,145.587864227946
BE23,OARA,FARA,-439.640114132801
BE23,OARA,OARA,1385.11657429456
BE24,CERE,CERE,207.458898471674
BE24,CERE,CER2,93.829728960144
BE24,CERE,FARA,45.7400645816898
BE24,CERE,OARA,-139.647284634497
BE24,CER2,CER2,66.4276424987779
BE24,CER2,FARA,14.593826261477
BE24,CER2,OARA,-60.8806617692899
BE24,OILS,OILS,274.777492205683
BE24,FARA,FARA,16.1750641723795
BE24,OARA,FARA,-56.3675811579934
BE24,OARA,OARA,231.798090328449
BE25,CERE,CERE,28.721822641387
BE25,CERE,CER2,-46.8184751001001
BE25,CERE,FARA,64.010962425088
BE25,CERE,OARA,-89.288269576455
BE25,CER2,CER2,123.983244450661
BE25,CER2,FARA,-146.970683452818
BE25,CER2,OARA,201.134578656065
BE25,OILS,OILS,396.368710966074
BE25,FARA,FARA,180.781678338853
BE25,OARA,FARA,-248.706556713777
BE25,OARA,OARA,342.40114715809
BE31,CERE,CERE,69.9053799407118
BE31,CERE,FARA,-130.759514354393
BE31,CERE,OARA,-237.247066869305
BE31,CER2,CER2,27.5939175804619
BE31,OILS,OILS,67.8653512837121
BE31,FARA,FARA,287.461788050811
BE31,OARA,FARA,487.798826823007
BE31,OARA,OARA,850.380236404881
BE32,CERE,CERE,27.4833826573709
BE32,CERE,FARA,35.4825753458667
BE32,CERE,OARA,-80.7317120661068
BE32,CER2,CER2,12.962111478849
BE32,OILS,OILS,37.7396671433709
BE32,FARA,FARA,51.3076567986293
BE32,OARA,FARA,-96.2578279321612
BE32,OARA,OARA,248.705181427893
BE33,CERE,CERE,103.112047863346
BE33,CERE,FARA,-93.834850653114
BE33,CERE,OARA,-374.456275951716
BE33,CER2,CER2,49.044756308827
BE33,OILS,OILS,31.2746460174655
BE33,FARA,FARA,143.089326944516
BE33,OARA,FARA,359.868200988704
BE33,OARA,OARA,1366.18018621417
BE34,CERE,CERE,8.53651725629237
BE34,CERE,CER2,-124.419627797994
BE34,CERE,FARA,26.7900630311891
BE34,CER2,CER2,1813.4145760239
BE34,CER2,FARA,-390.433275108892
BE34,OILS,OILS,137.655160581622
BE34,FARA,FARA,92.2453663502886
BE34,OARA,OARA,52.3168005186652
BE35,CERE,CERE,2.33567177538272
BE35,CERE,OILS,9.95159383978005
BE35,CERE,FARA,-14.0676446609916
BE35,CERE,OARA,-34.7454496323659
BE35,CER2,CER2,35.3766297936873
BE35,OILS,OILS,475.284915451024
BE35,OILS,FARA,-154.56627702626
BE35,OILS,OARA,-89.7725167570295
BE35,FARA,FARA,105.414481360107
BE35,OARA,FARA,196.533037796503
BE35,OARA,OARA,524.716199924099
CY00,CERE,CERE,31.1376508710799
CY00,CERE,FARA,5.18178313642321
CY00,CERE,OARA,-213.899225872682
CY00,CER2,CER2,20.1746518565698
CY00,FARA,FARA,109.826755624936
CY00,OARA,FARA,95.0453861365134
CY00,OARA,OARA,1626.00572821014
CZ02,CERE,CERE,1.70262174086146
CZ02,CERE,CER2,-0.716983709850266
CZ02,CERE,OILS,1.01483529571921
CZ02,CERE,FARA,3.07570542523935
CZ02,CERE,OARA,-1.97939836024218
CZ02,CER2,CER2,10.7622476791846
CZ02,CER2,OILS,-22.2906560835687
CZ02,CER2,FARA,-1.42488202597326
CZ02,CER2,OARA,-34.9981822369739
CZ02,OILS,OILS,66.9456653828531
CZ02,OILS,FARA,6.86800272532252
CZ02,OILS,OARA,113.05410202962
CZ02,FARA,FARA,17.315738763263
CZ02,OARA,FARA,-9.81619041956838
CZ02,OARA,OARA,223.327303415703
CZ03,CERE,CERE,9.70987071475324
CZ03,CERE,CER2,-13.9485303049666
CZ03,CERE,OILS,-16.2705209984575
CZ03,CERE,FARA,3.69832743903957
CZ03,CERE,OARA,5.78676776726161
CZ03,CER2,CER2,20.8158039210494
CZ03,CER2,OILS,23.5028768249717
CZ03,CER2,FARA,-5.38064059677944
CZ03,CER2,OARA,-6.78412828337221
CZ03,OILS,OILS,33.8152709406806
CZ03,OILS,FARA,1.27720218964365
CZ03,OILS,OARA,-6.94561057935909
CZ03,FARA,FARA,12.3114332936634
CZ03,OARA,FARA,5.73892922219246
CZ03,OARA,OARA,7.68667089356805
CZ04,CERE,CERE,17.207865872811
CZ04,CERE,CER2,-51.6456275042331
CZ04,CERE,OILS,-44.1209134253546
CZ04,CERE,FARA,15.4799040303261
CZ04,CERE,OARA,-16.3810279358585
CZ04,CER2,CER2,243.547999365976
CZ04,CER2,OILS,193.75744088479
CZ04,CER2,FARA,-9.41621018043342
CZ04,CER2,OARA,93.5035652899436
CZ04,OILS,OILS,177.578369251016
CZ04,OILS,FARA,-6.88239154196477
CZ04,OILS,OARA,71.7462931028681
CZ04,FARA,FARA,31.7535918718353
CZ04,OARA,FARA,3.2677096518309
CZ04,OARA,OARA,48.2950932306318
CZ05,CERE,CERE,21.6246301936737
CZ05,CERE,CER2,-23.7714014813372
CZ05,CERE,OILS,-13.4946596970588
CZ05,CERE,FARA,6.00721510363509
CZ05,CERE,OARA,-72.3411179617727
CZ05,CER2,CER2,112.104559536191
CZ05,CER2,OILS,-48.2330345989608
CZ05,CER2,FARA,1.54658665066588
CZ05,CER2,OARA,67.8180420696109
CZ05,OILS,OILS,78.6725137932777
CZ05,OILS,FARA,8.00596453099811
CZ05,OILS,OARA,80.9800992067093
CZ05,FARA,FARA,15.5633964055998
CZ05,OARA,FARA,-0.776072526351541
CZ05,OARA,OARA,281.382293472998
CZ06,CERE,CERE,1.44946554894839
CZ06,CERE,CER2,1.80929315417762
CZ06,CERE,OILS,-5.29873633513303
CZ06,CERE,FARA,1.34359655460895
CZ06,CERE,OARA,-3.32324600017584
CZ06,CER2,CER2,8.50635732720516
CZ06,CER2,OILS,-23.4638334001005
CZ06,CER2,FARA,1.17192757388848
CZ06,CER2,OARA,-14.8972773220452
CZ06,OILS,OILS,69.6076911363651
CZ06,OILS,FARA,0.850346347193549
CZ06,OILS,OARA,42.6172310130796
CZ06,FARA,FARA,14.0944977016071
CZ06,OARA,FARA,-6.85048278852147
CZ06,OARA,OARA,30.6682765046847
CZ07,CERE,CERE,16.3101918889469
CZ07,CERE,CER2,1.9871948218872
CZ07,CERE,OILS,-26.2462084072714
CZ07,CERE,FARA,12.0672915594158
CZ07,CERE,OARA,-36.767879903432
CZ07,CER2,CER2,8.30770902244057
CZ07,CER2,OILS,-28.8771833712764
CZ07,CER2,FARA,-8.7178304963671
CZ07,CER2,OARA,-21.3643499021802
CZ07,OILS,OILS,129.16768085528
CZ07,OILS,FARA,17.6678080322436
CZ07,OILS,OARA,122.716249006623
CZ07,FARA,FARA,28.2154371453132
CZ07,OARA,FARA,0.362791558658938
CZ07,OARA,OARA,139.69266036854
CZ08,CERE,CERE,46.4303573174772
CZ08,CERE,CER2,-39.611607791321
CZ08,CERE,OILS,-37.6950241349755
CZ08,CERE,FARA,25.7775848982962
CZ08,CERE,OARA,-61.5834816099276
CZ08,CER2,CER2,41.8302835141431
CZ08,CER2,OILS,27.4731501596572
CZ08,CER2,FARA,-18.902042870843
CZ08,CER2,OARA,41.437537741622
CZ08,OILS,OILS,60.6460201122587
CZ08,OILS,FARA,-0.0162398524787174
CZ08,OILS,OARA,61.288419423716
CZ08,FARA,FARA,42.7096865080153
CZ08,OARA,FARA,-28.0659980701785
CZ08,OARA,OARA,114.684413726646
DE40,CERE,CERE,2.97770904290565
DE40,CERE,CER2,-4.55758776811615
DE40,CERE,OILS,-7.19663232741926
DE40,CERE,FARA,-4.82300228098452
DE40,CERE,OARA,1.08231586464873
DE40,CER2,CER2,14.6768296619936
DE40,CER2,OILS,9.91965669458002
DE40,CER2,FARA,10.0259451321012
DE40,CER2,OARA,-4.96320273143681
DE40,OILS,OILS,32.4279005054968
DE40,OILS,FARA,18.1630273804344
DE40,OILS,OARA,-5.87908821074201
DE40,FARA,FARA,12.0299383903495
DE40,OARA,FARA,-5.33438092631541
DE40,OARA,OARA,6.8335907440683
DE80,CERE,CERE,5.9580178291561
DE80,CERE,CER2,-11.4746554746592
DE80,CERE,OILS,-6.62466074669339
DE80,CERE,FARA,-2.34742456047594
DE80,CERE,OARA,12.4123502312339
DE80,CER2,CER2,38.7801647276072
DE80,CER2,OILS,10.504241431832
DE80,CER2,FARA,5.75134395080104
DE80,CER2,OARA,-24.4490548614537
DE80,OILS,OILS,12.8771565733519
DE80,OILS,FARA,0.589788476151229
DE80,OILS,OARA,-14.4765794776348
DE80,FARA,FARA,1.67600302876649
DE80,OARA,FARA,-4.68704957709876
DE80,OARA,OARA,28.8824581071099
DEC0,CERE,CERE,7.83847821085599
DEC0,CERE,CER2,-45.6821194982752
DEC0,CERE,OILS,-62.2576362118952
DEC0,CERE,FARA,-42.8371335758182
DEC0,CER2,CER2,817.209177844683
DEC0,CER2,OILS,234.668037634359
DEC0,CER2,FARA,632.091178098314
DEC0,OILS,OILS,633.66533406109
DEC0,OILS,FARA,492.909115192037
DEC0,FARA,FARA,1354.38524693388
DEC0,OARA,OARA,135.07116988132
DEE0,CERE,CERE,2.91827006376483
DEE0,CERE,CER2,-5.44556435979446
DEE0,CERE,OILS,-1.08468814473204
DEE0,CERE,FARA,-12.9001802932049
DEE0,CERE,OARA,-14.5600402605894
DEE0,CER2,CER2,102.468142472409
DEE0,CER2,OILS,16.2508314705402
DEE0,CER2,FARA,74.4847770109651
DEE0,CER2,OARA,11.8223489507359
DEE0,OILS,OILS,39.8013607144775
DEE0,OILS,FARA,13.9815683540911
DEE0,OILS,OARA,-56.5365225503448
DEE0,FARA,FARA,91.5314374093936
DEE0,OARA,FARA,49.8743001284324
DEE0,OARA,OARA,172.743253153749
DEF0,CERE,CERE,12.2825415399885
DEF0,CERE,CER2,-29.005024822799
DEF0,CERE,OILS,7.46179378106665
DEF0,CERE,FARA,-23.6129977539021
DEF0,CERE,OARA,-45.8408366666566
DEF0,CER2,CER2,108.010459087021
DEF0,CER2,OILS,-18.4781396219349
DEF0,CER2,FARA,52.9764317550444
DEF0,CER2,OARA,123.942989331708
DEF0,OILS,OILS,26.497542604941
DEF0,OILS,FARA,-17.4579302272152
DEF0,OILS,OARA,-44.7933197819481
DEF0,FARA,FARA,58.9050416587325
DEF0,OARA,FARA,-2.77746736682117
DEF0,OARA,OARA,851.212182977572
DEG0,CERE,CERE,2.98643266238027
DEG0,CERE,CER2,-29.177314305481
DEG0,CERE,OILS,-7.75053489811355
DEG0,CERE,FARA,-15.2574228441519
DEG0,CERE,OARA,10.2967408535824
DEG0,CER2,CER2,344.497661252489
DEG0,CER2,OILS,48.7367152058916
DEG0,CER2,FARA,158.791987074006
DEG0,CER2,OARA,-134.257893912152
DEG0,OILS,OILS,48.4223208025773
DEG0,OILS,FARA,24.0987193739257
DEG0,OILS,OARA,-25.5090835236047
DEG0,FARA,FARA,96.721802832568
DEG0,OARA,FARA,-54.0785783740516
DEG0,OARA,OARA,70.2684465089859
DE11,CERE,CERE,25.6001229609503
DE11,CERE,CER2,-82.5519773991912
DE11,CERE,OILS,15.6001904060083
DE11,CERE,FARA,-44.2330396406936
DE11,CERE,OARA,-110.174616168524
DE11,CER2,CER2,266.309155557455
DE11,CER2,OILS,-52.7071417581362
DE11,CER2,FARA,142.695830291354
DE11,CER2,OARA,354.970325519595
DE11,OILS,OILS,87.4540034550065
DE11,OILS,FARA,21.0869218185215
DE11,OILS,OARA,-117.09563477665
DE11,FARA,FARA,179.645231154566
DE11,OARA,FARA,71.2939188720607
DE11,OARA,OARA,612.051625178193
DE12,CERE,CERE,4.93245466789617
DE12,CERE,CER2,-34.1264973732004
DE12,CERE,OILS,18.2519436780353
DE12,CERE,FARA,-38.1470221217881
DE12,CERE,OARA,-42.9808810765542
DE12,CER2,CER2,366.995130397358
DE12,CER2,OILS,-166.487808122989
DE12,CER2,FARA,423.83782426691
DE12,CER2,OARA,361.348863362619
DE12,OILS,OILS,227.512681238152
DE12,OILS,FARA,-133.494385809152
DE12,OILS,OARA,-191.153212865079
DE12,FARA,FARA,552.95028670065
DE12,OARA,FARA,324.680456192641
DE12,OARA,OARA,568.409453697306
DE13,CERE,CERE,92.3429119429141
DE13,CERE,CER2,-17.358984816947
DE13,CERE,OILS,4.59098958331574
DE13,CERE,FARA,38.2325420414958
DE13,CERE,OARA,176.691292093358
DE13,CER2,CER2,4.62198712424544
DE13,CER2,OILS,1.03065270828099
DE13,CER2,FARA,-17.0813812904256
DE13,CER2,OARA,-42.2578067966451
DE13,OILS,OILS,269.294653715939
DE13,OILS,FARA,-17.7044491121553
DE13,OILS,OARA,-263.463634125244
DE13,FARA,FARA,94.1672363442939
DE13,OARA,FARA,191.931783431707
DE13,OARA,OARA,1013.72676442337
DE14,CERE,CERE,42.4251594544204
DE14,CERE,CER2,-94.8764837607667
DE14,CERE,OILS,39.3756070202712
DE14,CERE,FARA,-82.1599841559046
DE14,CERE,OARA,-156.59661595806
DE14,CER2,CER2,216.878159372718
DE14,CER2,OILS,-95.4359809970784
DE14,CER2,FARA,179.656345013697
DE14,CER2,OARA,362.397030157625
DE14,OILS,OILS,111.40028952718
DE14,OILS,FARA,-75.3913054362495
DE14,OILS,OARA,-160.103114391388
DE14,FARA,FARA,163.134154064272
DE14,OARA,FARA,292.300384389929
DE14,OARA,OARA,609.943998403247
DE21,CERE,CERE,4.79399864952995
DE21,CERE,CER2,-19.5317114042362
DE21,CERE,OILS,11.3287150953797
DE21,CERE,FARA,-12.4535127289886
DE21,CERE,OARA,-46.0082058096763
DE21,CER2,CER2,107.310604310976
DE21,CER2,OILS,-33.7322947434036
DE21,CER2,FARA,77.8319990102901
DE21,CER2,OARA,123.831441406175
DE21,OILS,OILS,89.4716551293008
DE21,OILS,FARA,-7.90184869381084
DE21,OILS,OARA,-148.295194892354
DE21,FARA,FARA,61.8394592339539
DE21,OARA,FARA,54.981803406018
DE21,OARA,OARA,589.824865494765
DE22,CERE,CERE,11.2059003915787
DE22,CERE,CER2,-26.9123521781912
DE22,CERE,OILS,11.9108367885553
DE22,CERE,FARA,-2.26099600519998
DE22,CERE,OARA,-43.9998728650782
DE22,CER2,CER2,83.3172896749286
DE22,CER2,OILS,-11.6552392256427
DE22,CER2,FARA,10.672823368417
DE22,CER2,OARA,60.2051992530781
DE22,OILS,OILS,228.823264783155
DE22,OILS,FARA,43.9992812427997
DE22,OILS,OARA,-171.676001010088
DE22,FARA,FARA,16.3256781047417
DE22,OARA,FARA,-32.8392947744682
DE22,OARA,OARA,341.648328613935
DE23,CERE,CERE,3.8814053166705
DE23,CERE,CER2,-16.3604291710161
DE23,CERE,OILS,10.894760473397
DE23,CERE,FARA,-18.9877550318975
DE23,CERE,OARA,-28.727875223521
DE23,CER2,CER2,192.267098713614
DE23,CER2,OILS,-33.1007649840394
DE23,CER2,FARA,120.30869444309
DE23,CER2,OARA,-193.906188312457
DE23,OILS,OILS,106.648969384791
DE23,OILS,FARA,-48.7301524211009
DE23,OILS,OARA,-150.23630639007
DE23,FARA,FARA,106.064132727033
DE23,OARA,FARA,38.9133080041738
DE23,OARA,OARA,1137.74929964487
DE24,CERE,CERE,2.81483412065144
DE24,CERE,CER2,-10.0901161727454
DE24,CERE,OILS,4.51807990909408
DE24,CERE,FARA,-21.7974033076134
DE24,CERE,OARA,-20.7079822491611
DE24,CER2,CER2,58.5638336585364
DE24,CER2,OILS,-21.3557959351499
DE24,CER2,FARA,70.4016415122836
DE24,CER2,OARA,54.1563796672523
DE24,OILS,OILS,98.3249086914322
DE24,OILS,FARA,-67.2929330435179
DE24,OILS,OARA,-58.6242645283416
DE24,FARA,FARA,184.991439808961
DE24,OARA,FARA,175.499476218354
DE24,OARA,OARA,197.156744830742
DE25,CERE,CERE,55.4499084936561
DE25,CERE,CER2,15.4070729208855
DE25,CERE,OILS,-29.9937056098303
DE25,CERE,FARA,-87.4573349655844
DE25,CERE,OARA,127.39927686575
DE25,CER2,CER2,29.3334848956151
DE25,CER2,OILS,16.9357757829878
DE25,CER2,FARA,-27.0613321669668
DE25,CER2,OARA,10.417069077777
DE25,OILS,OILS,126.79541709923
DE25,OILS,FARA,48.0962507923605
DE25,OILS,OARA,-120.218151865005
DE25,FARA,FARA,138.394824908322
DE25,OARA,FARA,-199.281832336752
DE25,OARA,OARA,325.629004932607
DE26,CERE,CERE,11.5829223364493
DE26,CERE,CER2,-43.5592362478481
DE26,CERE,OILS,10.1580645489927
DE26,CERE,FARA,-30.9276173789669
DE26,CERE,OARA,-78.1940657519083
DE26,CER2,CER2,171.840731931871
DE26,CER2,OILS,-34.8368543984903
DE26,CER2,FARA,121.717657238065
DE26,CER2,OARA,282.083259355891
DE26,OILS,OILS,125.825264110069
DE26,OILS,FARA,-23.2562630982321
DE26,OILS,OARA,-143.048447571228
DE26,FARA,FARA,86.2469082586342
DE26,OARA,FARA,199.755093176713
DE26,OARA,OARA,587.500828575719
DE27,CERE,CERE,25.8188240396967
DE27,CERE,CER2,73.007075340321
DE27,CERE,OILS,36.5323679273156
DE27,CERE,FARA,-53.74416443434
DE27,CERE,OARA,-50.2442762696997
DE27,CER2,CER2,439.514660677106
DE27,CER2,OILS,171.898300189607
DE27,CER2,FARA,-184.564319663045
DE27,CER2,OARA,-561.88348121665
DE27,OILS,OILS,173.986214815785
DE27,OILS,FARA,-83.2325597995394
DE27,OILS,OARA,-292.69724296836
DE27,FARA,FARA,119.345423911129
DE27,OARA,FARA,147.12940039143
DE27,OARA,OARA,1015.26292715538
DE71,CERE,CERE,3.80699731262966
DE71,CERE,CER2,2.97444202132484
DE71,CERE,OILS,-25.3925041497568
DE71,CERE,FARA,-44.2203214967652
DE71,CERE,OARA,-3.77903876069488
DE71,CER2,CER2,629.722975001509
DE71,CER2,OILS,21.8231049339729
DE71,CER2,FARA,156.942148086686
DE71,CER2,OARA,342.849093721005
DE71,OILS,OILS,251.58868745619
DE71,OILS,FARA,245.509792295945
DE71,OILS,OARA,32.9363406092885
DE71,FARA,FARA,635.026458033931
DE71,OARA,FARA,173.563153764048
DE71,OARA,OARA,207.675068589281
DE72,CERE,CERE,67.9102629448296
DE72,CERE,CER2,-131.538522908061
DE72,CERE,OILS,14.073947460903
DE72,CERE,FARA,-128.34853868901
DE72,CERE,OARA,145.253805609297
DE72,CER2,CER2,266.793149775857
DE72,CER2,OILS,-66.1739996052466
DE72,CER2,FARA,266.869818598408
DE72,CER2,OARA,-282.185386137035
DE72,OILS,OILS,166.857928465688
DE72,OILS,FARA,-176.270612164705
DE72,OILS,OARA,-132.508626410486
DE72,FARA,FARA,903.346080237175
DE72,OARA,FARA,374.857369270181
DE72,OARA,OARA,1189.33585112358
DE73,CERE,CERE,31.6613562601395
DE73,CERE,CER2,-61.9923534451554
DE73,CERE,OILS,9.12465729499609
DE73,CERE,FARA,-69.0621388329074
DE73,CERE,OARA,-5.88558054183895
DE73,CER2,CER2,127.008690283479
DE73,CER2,OILS,-37.6063570926713
DE73,CER2,FARA,145.348858905643
DE73,CER2,OARA,17.3938421370013
DE73,OILS,OILS,81.7980961499046
DE73,OILS,FARA,-110.281956658146
DE73,OILS,OARA,-69.7580061954161
DE73,FARA,FARA,542.934751082426
DE73,OARA,FARA,327.462964078478
DE73,OARA,OARA,299.319244683568
DE91,CERE,CERE,10.8696219838272
DE91,CERE,CER2,-24.7462297387104
DE91,CERE,OILS,2.63455856371415
DE91,CERE,FARA,-90.8562601822177
DE91,CERE,OARA,-20.3360974566157
DE91,CER2,CER2,417.404544508596
DE91,CER2,OILS,19.7495664232694
DE91,CER2,FARA,604.293925438446
DE91,CER2,OARA,-46.9862300169424
DE91,OILS,OILS,133.587015095456
DE91,OILS,FARA,59.1996716382794
DE91,OILS,OARA,-101.724912354806
DE91,FARA,FARA,1400.48831010037
DE91,OARA,FARA,13.1941994783173
DE91,OARA,OARA,125.853378185939
DE92,CERE,CERE,16.8340260665894
DE92,CERE,CER2,-45.7128249223568
DE92,CERE,OILS,12.3785069215
DE92,CERE,FARA,-68.3997551470633
DE92,CERE,OARA,3.21350382091502
DE92,CER2,CER2,174.086658515634
DE92,CER2,OILS,-85.0525960075703
DE92,CER2,FARA,206.493878500836
DE92,CER2,OARA,22.9647675458282
DE92,OILS,OILS,92.2021380736127
DE92,OILS,FARA,-59.5721905296686
DE92,OILS,OARA,-86.200624043473
DE92,FARA,FARA,327.068683627994
DE92,OARA,FARA,-80.3421603240133
DE92,OARA,OARA,218.847380898403
DE93,CERE,CERE,12.6473068864016
DE93,CERE,CER2,17.4852160627896
DE93,CERE,OILS,6.74476270309978
DE93,CERE,FARA,-10.1973695839166
DE93,CERE,OARA,-44.1288591391465
DE93,CER2,CER2,41.2995711252332
DE93,CER2,OILS,-10.5667489762411
DE93,CER2,FARA,-7.73436038966769
DE93,CER2,OARA,-59.0041808419523
DE93,OILS,OILS,86.7640236110704
DE93,OILS,FARA,-53.4223621384853
DE93,OILS,OARA,-39.0699536133834
DE93,FARA,FARA,53.239526789889
DE93,OARA,FARA,20.4888291371959
DE93,OARA,OARA,267.076707351569
DE94,CERE,CERE,3.88791288394716
DE94,CERE,CER2,-1.38784487066307
DE94,CERE,OILS,18.6137842217211
DE94,CERE,FARA,-7.76579715594436
DE94,CERE,OARA,-4.86450557692345
DE94,CER2,CER2,73.1694939656722
DE94,CER2,OILS,-15.0945243958981
DE94,CER2,FARA,0.571893692997055
DE94,CER2,OARA,79.6943393312746
DE94,OILS,OILS,123.616491570108
DE94,OILS,FARA,-42.3112480071225
DE94,OILS,OARA,-3.41114038657142
DE94,FARA,FARA,25.1575520820139
DE94,OARA,FARA,-10.5630021956113
DE94,OARA,OARA,134.904683209673
DEA1,CERE,CERE,48.9721421805921
DEA1,CERE,CER2,-8.27422282674111
DEA1,CERE,OILS,155.266784305201
DEA1,CERE,FARA,-19.3704609390475
DEA1,CERE,OARA,-75.5030395996247
DEA1,CER2,CER2,329.558781894045
DEA1,CER2,OILS,-164.292791281877
DEA1,CER2,FARA,234.360766488844
DEA1,CER2,OARA,-112.526772105881
DEA1,OILS,OILS,833.721354087152
DEA1,OILS,FARA,-38.0924080529602
DEA1,OILS,OARA,-159.42809604685
DEA1,FARA,FARA,221.670134171818
DEA1,OARA,FARA,-46.7680552140745
DEA1,OARA,OARA,166.857404634764
DEA2,CERE,CERE,8.98367265798472
DEA2,CERE,CER2,-41.6229025065614
DEA2,CERE,OILS,-45.4874887550849
DEA2,CERE,FARA,-25.3831817698983
DEA2,CERE,OARA,-33.3073034710438
DEA2,CER2,CER2,367.001015014973
DEA2,CER2,OILS,314.205681646393
DEA2,CER2,FARA,253.929216250425
DEA2,CER2,OARA,245.569673439867
DEA2,OILS,OILS,826.150854509296
DEA2,OILS,FARA,16.2775473991633
DEA2,OILS,OARA,61.9309322266596
DEA2,FARA,FARA,262.705997318682
DEA2,OARA,FARA,220.691345365506
DEA2,OARA,OARA,220.400560616945
DEA3,CERE,CERE,12.2397013572139
DEA3,CERE,CER2,-17.0026164925867
DEA3,CERE,OILS,51.9460335276842
DEA3,CERE,FARA,-25.9908085964607
DEA3,CERE,OARA,-3.61127034748644
DEA3,CER2,CER2,30.082619732611
DEA3,CER2,OILS,-76.2784235245653
DEA3,CER2,FARA,45.9502182807951
DEA3,CER2,OARA,-15.953801460706
DEA3,OILS,OILS,328.757805650028
DEA3,OILS,FARA,-60.4226954952999
DEA3,OILS,OARA,27.8330270991376
DEA3,FARA,FARA,105.213147493792
DEA3,OARA,FARA,15.5377800163658
DEA3,OARA,OARA,286.517480706587
DEA4,CERE,CERE,1.35509356186793
DEA4,CERE,CER2,-4.64551979590598
DEA4,CERE,OILS,11.6142419811501
DEA4,CERE,FARA,-7.7364937776168
DEA4,CERE,OARA,-2.84753170250217
DEA4,CER2,CER2,72.2902033624606
DEA4,CER2,OILS,-38.935879385148
DEA4,CER2,FARA,143.246481599393
DEA4,CER2,OARA,17.3705087661725
DEA4,OILS,OILS,100.616307374183
DEA4,OILS,FARA,-58.981491309938
DEA4,OILS,OARA,-18.5477023669003
DEA4,FARA,FARA,314.4951842727
DEA4,OARA,FARA,61.8382482222541
DEA4,OARA,OARA,38.1084759003985
DEA5,CERE,CERE,20.2208058693617
DEA5,CERE,CER2,-112.272227744189
DEA5,CERE,OILS,6.22278003803961
DEA5,CERE,FARA,-47.1879315168124
DEA5,CERE,OARA,114.865353370522
DEA5,CER2,CER2,682.62553766765
DEA5,CER2,OILS,33.6759474299093
DEA5,CER2,FARA,176.867906326105
DEA5,CER2,OARA,-569.13859263825
DEA5,OILS,OILS,163.611757641846
DEA5,OILS,FARA,-13.1040917985894
DEA5,OILS,OARA,100.405681092217
DEA5,FARA,FARA,352.404344721764
DEA5,OARA,FARA,-378.822687473287
DEA5,OARA,OARA,754.326366234859
DEB1,CERE,CERE,4.09388323026429
DEB1,CERE,CER2,15.0102863059626
DEB1,CERE,OILS,-1.14491253324131
DEB1,CERE,FARA,47.0936266421255
DEB1,CERE,OARA,12.8987045704744
DEB1,CER2,CER2,343.087090833905
DEB1,CER2,OILS,-51.0879906845521
DEB1,CER2,FARA,279.398484996741
DEB1,CER2,OARA,-76.8235521611956
DEB1,OILS,OILS,115.85454018626
DEB1,OILS,FARA,-104.580343305664
DEB1,OILS,OARA,-52.3391637264821
DEB1,FARA,FARA,739.76724323323
DEB1,OARA,FARA,217.266225674866
DEB1,OARA,OARA,180.566744027534
DEB2,CERE,CERE,12.4241229207451
DEB2,CERE,CER2,-21.708591213474
DEB2,CERE,OILS,-52.7078625386956
DEB2,CERE,FARA,17.0911303474687
DEB2,CER2,CER2,86.7335801429486
DEB2,CER2,OILS,67.3554152003373
DEB2,CER2,FARA,-11.656996002337
DEB2,OILS,OILS,347.181012035386
DEB2,OILS,FARA,-7.38511791591057
DEB2,FARA,FARA,80.0925266149431
DEB2,OARA,OARA,68.5640482901455
DEB3,CERE,CERE,6.71371655789746
DEB3,CERE,CER2,-44.7956729277292
DEB3,CERE,OILS,11.6319463855748
DEB3,CERE,FARA,-22.3968705545318
DEB3,CERE,OARA,-24.456649080551
DEB3,CER2,CER2,696.775362107073
DEB3,CER2,OILS,-131.207603189287
DEB3,CER2,FARA,584.238592940369
DEB3,CER2,OARA,308.15550373169
DEB3,OILS,OILS,158.135405986035
DEB3,OILS,FARA,-75.2876689551545
DEB3,OILS,OARA,-48.0990940629162
DEB3,FARA,FARA,553.585059509153
DEB3,OARA,FARA,242.342438890019
DEB3,OARA,OARA,143.370143437692
EE00,CERE,CERE,1.73879682514842
EE00,CERE,CER2,1.1719782764426
EE00,CERE,OILS,-7.25039409982778
EE00,CERE,FARA,0.149417899509291
EE00,CERE,OARA,-13.5275360288047
EE00,CER2,CER2,69.0862676700644
EE00,CER2,OILS,-40.5007355909756
EE00,CER2,FARA,-1.26939977781334
EE00,CER2,OARA,-22.1000817167391
EE00,OILS,OILS,52.9235437427321
EE00,OILS,FARA,0.199507366391194
EE00,OILS,OARA,64.1381242444083
EE00,FARA,FARA,0.657782125022789
EE00,OARA,FARA,0.0126442809836407
EE00,OARA,OARA,109.803746778261
EL30,CERE,CERE,18.3586758587064
EL30,CERE,FARA,4.9302224111734
EL30,CER2,CER2,347.982128337157
EL30,OILS,OILS,1356.81949265338
EL30,FARA,FARA,7.99201598796283
EL30,OARA,OARA,28.8642765620705
EL51,CERE,CERE,8.18246921694119
EL51,CERE,CER2,0.498426418353426
EL51,CERE,OILS,8.07813883105483
EL51,CERE,FARA,10.5690274771216
EL51,CERE,OARA,-28.4720479626338
EL51,CER2,CER2,11.6970892311442
EL51,CER2,OILS,3.81485093950903
EL51,CER2,FARA,-3.97960748854162
EL51,CER2,OARA,-11.03670686025
EL51,OILS,OILS,34.5557518385585
EL51,OILS,FARA,1.0782718394235
EL51,OILS,OARA,-35.7146007209853
EL51,FARA,FARA,33.372807302629
EL51,OARA,FARA,-31.6534079231097
EL51,OARA,OARA,112.676194067926
EL52,CERE,CERE,13.3447771803251
EL52,CERE,CER2,-33.3746729718738
EL52,CERE,OILS,35.6469348145774
EL52,CERE,FARA,-2.87277283506549
EL52,CERE,OARA,-35.7228558163986
EL52,CER2,CER2,89.7068980818946
EL52,CER2,OILS,-89.9751763359135
EL52,CER2,FARA,0.819826448399817
EL52,CER2,OARA,86.1217635686372
EL52,OILS,OILS,163.833646594705
EL52,OILS,FARA,-5.97677878206203
EL52,OILS,OARA,0.588489947115127
EL52,FARA,FARA,7.59224506384287
EL52,OARA,FARA,9.31784121510315
EL52,OARA,OARA,248.003865597618
EL53,CERE,CERE,31.1065686032502
EL53,CERE,CER2,-71.0447858478555
EL53,CERE,FARA,-38.6028722863924
EL53,CERE,OARA,41.2465840800711
EL53,CER2,CER2,167.325579401799
EL53,CER2,FARA,75.3685801492223
EL53,CER2,OARA,-96.1524035093817
EL53,OILS,OILS,7.48005381285676
EL53,FARA,FARA,84.4584436310755
EL53,OARA,FARA,-72.6997161238161
EL53,OARA,OARA,220.997387683975
EL61,CERE,CERE,2.17082580890918
EL61,CERE,CER2,22.386907839113
EL61,CERE,FARA,1.94928440235976
EL61,CERE,OARA,26.2597704682065
EL61,CER2,CER2,249.271371550134
EL61,CER2,FARA,-3.25445019686974
EL61,CER2,OARA,276.104777014469
EL61,OILS,OILS,43.5703742388713
EL61,FARA,FARA,37.81287805305
EL61,OARA,FARA,-6.36703036280242
EL61,OARA,OARA,403.191531823967
EL54,CERE,CERE,736.092809555351
EL54,CERE,CER2,415.160778791926
EL54,CERE,FARA,224.956444891529
EL54,CERE,OARA,853.742155442544
EL54,CER2,CER2,515.262892884506
EL54,CER2,FARA,165.704281461186
EL54,CER2,OARA,-896.670833929198
EL54,OILS,OILS,660.284244538053
EL54,FARA,FARA,102.820821587399
EL54,OARA,FARA,63.6781503890807
EL54,OARA,OARA,10338.8991372904
EL63,CERE,CERE,19.6995632931612
EL63,CERE,CER2,11.0399586228712
EL63,CERE,FARA,6.49725022886911
EL63,CERE,OARA,-12.6593043396324
EL63,CER2,CER2,43.9231412821389
EL63,CER2,FARA,-0.20883884316455
EL63,CER2,OARA,-11.7559191462238
EL63,OILS,OILS,3908.19313099939
EL63,FARA,FARA,9.39956263553716
EL63,OARA,FARA,6.99131278865072
EL63,OARA,OARA,27.4564388254861
EL64,CERE,CERE,49.5140027201646
EL64,CERE,CER2,58.3767283975928
EL64,CERE,FARA,-6.70716115010339
EL64,CERE,OARA,-39.8458924040587
EL64,CER2,CER2,252.999647291466
EL64,CER2,FARA,-17.6983500288767
EL64,CER2,OARA,8.77757221720239
EL64,OILS,OILS,35.2121126969461
EL64,FARA,FARA,24.0401183891287
EL64,OARA,FARA,10.6423509234151
EL64,OARA,OARA,132.720143702911
EL65,CERE,CERE,175.525209063553
EL65,CERE,CER2,59.4475587263801
EL65,CERE,FARA,14.4067484421397
EL65,CERE,OARA,57.4116854577414
EL65,CER2,CER2,313.398755421302
EL65,CER2,FARA,-22.1670277363289
EL65,CER2,OARA,258.794721494165
EL65,OILS,OILS,297.607076134816
EL65,FARA,FARA,7.32963120185853
EL65,OARA,FARA,-23.3967443941313
EL65,OARA,OARA,268.173238504751
EL41,CERE,CERE,21.111759725414
EL41,CERE,FARA,14.7599109322428
EL41,CER2,CER2,143.052531694842
EL41,OILS,OILS,583.512614867726
EL41,FARA,FARA,27.4944756814013
EL41,OARA,OARA,20.0346390434951
EL42,CERE,CERE,82.2098819008396
EL42,CERE,FARA,-24.6447798727351
EL42,CERE,OARA,-790.34635069162
EL42,CER2,CER2,138.200982614506
EL42,OILS,OILS,465.567932810398
EL42,FARA,FARA,57.1190104742177
EL42,OARA,FARA,-53.0239720520256
EL42,OARA,OARA,9342.48307744069
EL43,CERE,CERE,34.0192645261336
EL43,CERE,FARA,25.2785824374535
EL43,CERE,OARA,70.5769606818771
EL43,CER2,CER2,44.3841518417194
EL43,OILS,OILS,153.443912170474
EL43,FARA,FARA,31.6172481610482
EL43,OARA,FARA,40.4368378470329
EL43,OARA,OARA,1826.21637677758
ES30,CERE,CERE,8.44396381346099
ES30,CERE,CER2,-17.343781115695
ES30,CERE,OILS,39.72472908067
ES30,CERE,FARA,4.74716030650579
ES30,CERE,OARA,6.77847874683577
ES30,CER2,CER2,578.845758915236
ES30,CER2,OILS,177.362196598684
ES30,CER2,FARA,-74.4326376123132
ES30,CER2,OARA,-143.732856672746
ES30,OILS,OILS,310.429944744743
ES30,OILS,FARA,-7.26045479933464
ES30,OILS,OARA,-29.6166135546439
ES30,FARA,FARA,25.9304152586371
ES30,OARA,FARA,23.9694695788322
ES30,OARA,OARA,37.8821804624101
ES11,CERE,CERE,80.3853244254697
ES11,CERE,CER2,-5.38121901640679
ES11,CERE,FARA,-8.67168694769756
ES11,CERE,OARA,-74.3935196976733
ES11,CER2,CER2,28.8678067391275
ES11,CER2,FARA,1.70607268120909
ES11,CER2,OARA,-18.0741190649354
ES11,OILS,OILS,2523.82368846892
ES11,FARA,FARA,1.14822597698819
ES11,OARA,FARA,7.53922108360195
ES11,OARA,OARA,98.2912472302558
ES21,CERE,CERE,28.6507878983946
ES21,CERE,FARA,-5.12813237628731
ES21,CERE,OARA,9.67761274830537
ES21,CER2,CER2,35.8080903116593
ES21,OILS,OILS,12.7735104988465
ES21,FARA,FARA,139.752835129989
ES21,OARA,FARA,-75.3206372894492
ES21,OARA,OARA,64.1580880410716
ES22,CERE,CERE,1.28379571683494
ES22,CERE,CER2,16.5192181785929
ES22,CERE,OILS,-12.4917124017775
ES22,CERE,FARA,7.22097281451784
ES22,CERE,OARA,3.4981892575855
ES22,CER2,CER2,284.998139249062
ES22,CER2,OILS,-203.343481252862
ES22,CER2,FARA,114.429622726284
ES22,CER2,OARA,52.5858837799095
ES22,OILS,OILS,203.91946706605
ES22,OILS,FARA,-105.240813608363
ES22,OILS,OARA,-38.976443809018
ES22,FARA,FARA,56.1000598571571
ES22,OARA,FARA,25.2413967576126
ES22,OARA,OARA,34.874514472657
ES23,CERE,CERE,7.29662318298789
ES23,CERE,CER2,-65.1239695608424
ES23,CERE,FARA,8.13145792788765
ES23,CERE,OARA,9.22548927507678
ES23,CER2,CER2,1137.39824525854
ES23,CER2,FARA,-180.892733998488
ES23,CER2,OARA,-41.589785466598
ES23,OILS,OILS,15.376337658786
ES23,FARA,FARA,33.1557572510741
ES23,OARA,FARA,16.5190191151115
ES23,OARA,OARA,81.6734134043648
ES24,CERE,CERE,2.72475458932127
ES24,CERE,CER2,-5.46422352162381
ES24,CERE,OILS,7.25410439988109
ES24,CERE,FARA,2.23494050788823
ES24,CERE,OARA,4.09360208965049
ES24,CER2,CER2,53.5989997000592
ES24,CER2,OILS,9.74451409608015
ES24,CER2,FARA,-16.4860535090277
ES24,CER2,OARA,-22.0103948979645
ES24,OILS,OILS,75.9682042393353
ES24,OILS,FARA,-7.42104206006208
ES24,OILS,OARA,-4.26793312795192
ES24,FARA,FARA,7.11679170749176
ES24,OARA,FARA,8.45360486069728
ES24,OARA,OARA,12.0785457424425
ES41,CERE,CERE,0.450868263046217
ES41,CERE,CER2,2.21526343165531
ES41,CERE,OILS,-0.594841562036315
ES41,CERE,FARA,0.824845525517616
ES41,CERE,OARA,1.57769710723773
ES41,CER2,CER2,28.6774610212478
ES41,CER2,OILS,-1.31875768486652
ES41,CER2,FARA,-16.0914533702986
ES41,CER2,OARA,-20.8929513816891
ES41,OILS,OILS,4.92532955983093
ES41,OILS,FARA,-2.99146827542053
ES41,OILS,OARA,-5.01699357970468
ES41,FARA,FARA,25.951799519214
ES41,OARA,FARA,36.1707149786668
ES41,OARA,OARA,52.1051700977912
ES42,CERE,CERE,2.50414806918562
ES42,CERE,CER2,-6.52919116342532
ES42,CERE,OILS,-0.626492019234663
ES42,CERE,FARA,-2.54920517602785
ES42,CERE,OARA,1.93869315655299
ES42,CER2,CER2,82.3929898051436
ES42,CER2,OILS,-5.54507889027623
ES42,CER2,FARA,-2.22907796062946
ES42,CER2,OARA,-8.03366968574985
ES42,OILS,OILS,5.68234470325705
ES42,OILS,FARA,-0.206703008989519
ES42,OILS,OARA,-1.55228854281124
ES42,FARA,FARA,4.55955184938848
ES42,OARA,FARA,-1.09994428111584
ES42,OARA,OARA,2.11940440598045
ES43,CERE,CERE,3.99766590955775
ES43,CERE,CER2,-7.94987103564001
ES43,CERE,OILS,-8.86926346463905
ES43,CERE,FARA,4.68550151242468
ES43,CERE,OARA,5.83305551407057
ES43,CER2,CER2,18.3860075080601
ES43,CER2,OILS,17.0294293419738
ES43,CER2,FARA,-10.3948443047025
ES43,CER2,OARA,-12.2707128587985
ES43,OILS,OILS,19.9904103840147
ES43,OILS,FARA,-9.76932520597819
ES43,OILS,OARA,-12.693928311447
ES43,FARA,FARA,6.76004465953709
ES43,OARA,FARA,7.28920680620628
ES43,OARA,OARA,8.9577955355969
ES51,CERE,CERE,2.29219907356513
ES51,CERE,CER2,-10.0252512445711
ES51,CERE,OILS,-17.6628984132927
ES51,CERE,FARA,0.16558938718487
ES51,CERE,OARA,-1.75914645046813
ES51,CER2,CER2,67.908756845212
ES51,CER2,OILS,118.359758604549
ES51,CER2,FARA,0.436489605093577
ES51,CER2,OARA,8.36452860944606
ES51,OILS,OILS,227.867246326852
ES51,OILS,FARA,7.42526644558315
ES51,OILS,OARA,18.1313089176866
ES51,FARA,FARA,3.05303262593472
ES51,OARA,FARA,-0.230355843011554
ES51,OARA,OARA,26.4838827370088
ES52,CERE,CERE,19.3413616048225
ES52,CERE,CER2,28.2917025107294
ES52,CERE,OILS,20.5302694151747
ES52,CERE,FARA,-18.4710604745779
ES52,CERE,OARA,-37.9372233793436
ES52,CER2,CER2,739.675007920274
ES52,CER2,OILS,-114.776603838437
ES52,CER2,FARA,-53.721239449727
ES52,CER2,OARA,-28.524637305029
ES52,OILS,OILS,121.602153741329
ES52,OILS,FARA,4.86697960456903
ES52,OILS,OARA,-93.1909221874731
ES52,FARA,FARA,34.8000610105686
ES52,OARA,FARA,24.6605272407183
ES52,OARA,OARA,108.038094271981
ES53,CERE,CERE,2.71503992280971
ES53,CERE,CER2,7.64082403115265
ES53,CERE,OILS,-4.56217378870457
ES53,CERE,FARA,3.79820396537038
ES53,CERE,OARA,13.1314791420499
ES53,CER2,CER2,149.366479982941
ES53,CER2,OILS,-110.805897462848
ES53,CER2,FARA,10.0298386986633
ES53,CER2,OARA,55.4500023411409
ES53,OILS,OILS,283.544238022088
ES53,OILS,FARA,2.16878191110572
ES53,OILS,OARA,-42.2631439749169
ES53,FARA,FARA,8.25258364438349
ES53,OARA,FARA,18.2493949007394
ES53,OARA,OARA,66.3852132994997
ES61,CERE,CERE,0.360335703969572
ES61,CERE,CER2,0.191911246871827
ES61,CERE,OILS,0.271431369872615
ES61,CERE,FARA,-0.612240083479266
ES61,CERE,OARA,-6.0380517923518
ES61,CER2,CER2,4.3643594038885
ES61,CER2,OILS,-2.76972014960127
ES61,CER2,FARA,2.35200867931207
ES61,CER2,OARA,-8.5201590319763
ES61,OILS,OILS,4.74791933002688
ES61,OILS,FARA,-2.99024800895937
ES61,OILS,OARA,-5.56365440664304
ES61,FARA,FARA,6.61021136420741
ES61,OARA,FARA,10.1831013256351
ES61,OARA,OARA,117.295897058665
ES62,CERE,CERE,2.67788869538462
ES62,CERE,CER2,10.8368899768969
ES62,CERE,FARA,8.54233055240294
ES62,CERE,OARA,-50.4047303588144
ES62,CER2,CER2,284.755439364833
ES62,CER2,FARA,-3.88294512245671
ES62,CER2,OARA,-17.6149511184569
ES62,OILS,OILS,648.931717620516
ES62,FARA,FARA,406.997457520756
ES62,OARA,FARA,-714.909293009504
ES62,OARA,OARA,2574.47080326757
FI19,CERE,CERE,9.82201488982674
FI19,CERE,OILS,-4.73257502249551
FI19,CERE,OARA,-62.9896032058025
FI19,CER2,CER2,101.070635620358
FI19,OILS,OILS,23.0009874383741
FI19,OILS,OARA,3.45844377591083
FI19,FARA,FARA,0.279724943800763
FI19,OARA,OARA,467.513624563415
FR10,CERE,CERE,4.87513986024044
FR10,CERE,CER2,6.26308876329636
FR10,CERE,OILS,-3.19456126369622
FR10,CERE,FARA,-26.0267895329908
FR10,CERE,OARA,0.845602971588438
FR10,CER2,CER2,46.4372778416161
FR10,CER2,OILS,38.9468985483668
FR10,CER2,FARA,-42.6617168767387
FR10,CER2,OARA,29.1535147617088
FR10,OILS,OILS,102.635274641747
FR10,OILS,FARA,38.1717507254398
FR10,OILS,OARA,32.0068829239795
FR10,FARA,FARA,881.803117811186
FR10,OARA,FARA,23.7795846469463
FR10,OARA,OARA,22.326938623443
FRE1,CERE,CERE,16.3459848867621
FRE1,CERE,CER2,18.474810336912
FRE1,CERE,OILS,25.200808689201
FRE1,CERE,FARA,-13.5768396971378
FRE1,CERE,OARA,2.22237978164512
FRE1,CER2,CER2,45.9169637227305
FRE1,CER2,OILS,-4.97265890205224
FRE1,CER2,FARA,-22.270126347165
FRE1,CER2,OARA,7.81469267700313
FRE1,OILS,OILS,135.582874120826
FRE1,OILS,FARA,4.36036634787041
FRE1,OILS,OARA,-15.8122014357474
FRE1,FARA,FARA,18.1365156158225
FRE1,OARA,FARA,-7.05899334676063
FRE1,OARA,OARA,4.26399213429058
FRF2,CERE,CERE,9.22337933981681
FRF2,CERE,CER2,2.34307953295974
FRF2,CERE,OILS,0.790430074718206
FRF2,CERE,FARA,-4.78735129413072
FRF2,CERE,OARA,2.0620398973871
FRF2,CER2,CER2,39.2395956019421
FRF2,CER2,OILS,11.914454697372
FRF2,CER2,FARA,-4.69936076209538
FRF2,CER2,OARA,-1.73985528770884
FRF2,OILS,OILS,28.6781139626991
FRF2,OILS,FARA,-2.16532218965534
FRF2,OILS,OARA,-8.36248980328901
FRF2,FARA,FARA,3.08640123233553
FRF2,OARA,FARA,-0.454080699334626
FRF2,OARA,OARA,3.19355038845819
FRE2,CERE,CERE,7.85108102951686
FRE2,CERE,CER2,0.0444108351764485
FRE2,CERE,OILS,5.25417733457292
FRE2,CERE,FARA,-4.6258312981669
FRE2,CERE,OARA,-3.90548769615689
FRE2,CER2,CER2,39.8326109252575
FRE2,CER2,OILS,-5.20839281341595
FRE2,CER2,FARA,-40.1206723161163
FRE2,CER2,OARA,15.9100863009113
FRE2,OILS,OILS,26.4708487898403
FRE2,OILS,FARA,5.37308530845384
FRE2,OILS,OARA,-9.29233843350502
FRE2,FARA,FARA,50.9831049312502
FRE2,OARA,FARA,-10.361975880443
FRE2,OARA,OARA,11.4437591865027
FRD2,CERE,CERE,3.79932675366707
FRD2,CERE,CER2,15.7244926669259
FRD2,CERE,OILS,4.66529126465718
FRD2,CERE,FARA,-5.50261858191335
FRD2,CERE,OARA,5.70471033794178
FRD2,CER2,CER2,222.401940469913
FRD2,CER2,OILS,67.0529321694015
FRD2,CER2,FARA,-47.7328969111543
FRD2,CER2,OARA,58.7377725365988
FRD2,OILS,OILS,78.0988153764153
FRD2,OILS,FARA,19.7717260656611
FRD2,OILS,OARA,24.5336902520801
FRD2,FARA,FARA,37.467620436299
FRD2,OARA,FARA,-5.19604079481932
FRD2,OARA,OARA,21.0972317440072
FRB0,CERE,CERE,5.37978825094138
FRB0,CERE,CER2,-1.32148393597278
FRB0,CERE,OILS,-1.54743509653399
FRB0,CERE,FARA,-0.948694668253641
FRB0,CERE,OARA,-8.32239702183921
FRB0,CER2,CER2,14.5893118890761
FRB0,CER2,OILS,4.53557157076455
FRB0,CER2,FARA,-11.2741563422127
FRB0,CER2,OARA,9.49483726188784
FRB0,OILS,OILS,14.5209057294562
FRB0,OILS,FARA,-2.89913312148461
FRB0,OILS,OARA,0.922636170198919
FRB0,FARA,FARA,16.0591917808408
FRB0,OARA,FARA,-1.24199915618877
FRB0,OARA,OARA,23.8800587443872
FRD1,CERE,CERE,22.2849826328085
FRD1,CERE,CER2,23.143647856151
FRD1,CERE,OILS,38.7335608551335
FRD1,CERE,FARA,-12.5908251342741
FRD1,CERE,OARA,-13.5469729502563
FRD1,CER2,CER2,36.6434137447399
FRD1,CER2,OILS,41.5257095132495
FRD1,CER2,FARA,-14.3764813159743
FRD1,CER2,OARA,-8.37853325670358
FRD1,OILS,OILS,122.047800546769
FRD1,OILS,FARA,-24.0093949018971
FRD1,OILS,OARA,-25.161593472542
FRD1,FARA,FARA,8.45681504361133
FRD1,OARA,FARA,7.59045214620905
FRD1,OARA,OARA,11.0651132793418
FRC1,CERE,CERE,10.7878758886541
FRC1,CERE,CER2,6.06433220992879
FRC1,CERE,OILS,4.47939132587265
FRC1,CERE,FARA,-0.0591138882034204
FRC1,CERE,OARA,-14.5683429178737
FRC1,CER2,CER2,32.7493286368515
FRC1,CER2,OILS,-4.67153609231944
FRC1,CER2,FARA,-22.9518616979355
FRC1,CER2,OARA,-54.817011523767
FRC1,OILS,OILS,13.597206421546
FRC1,OILS,FARA,6.73813555071537
FRC1,OILS,OARA,-2.25948840702503
FRC1,FARA,FARA,20.3134300845964
FRC1,OARA,FARA,39.7369456347777
FRC1,OARA,OARA,107.041290061212
FRF3,CERE,CERE,16.9710243591649
FRF3,CERE,CER2,13.3764053613091
FRF3,CERE,OILS,6.92532747931022
FRF3,CERE,FARA,-18.5613630319358
FRF3,CERE,OARA,1.30176256488369
FRF3,CER2,CER2,21.7415352742954
FRF3,CER2,OILS,4.05536408393242
FRF3,CER2,FARA,-14.3862103725999
FRF3,CER2,OARA,-4.25614082637306
FRF3,OILS,OILS,39.8881143189769
FRF3,OILS,FARA,-10.6416477794845
FRF3,OILS,OARA,-11.2746026689314
FRF3,FARA,FARA,22.9343648499094
FRF3,OARA,FARA,8.7050886480824
FRF3,OARA,OARA,62.5085274873026
FRF1,CERE,CERE,26.9392059149475
FRF1,CERE,CER2,15.716754169903
FRF1,CERE,OILS,20.9382136241994
FRF1,CERE,FARA,-35.2956354920783
FRF1,CERE,OARA,-189.988848320102
FRF1,CER2,CER2,26.3085471226286
FRF1,CER2,OILS,68.0846804596411
FRF1,CER2,FARA,-21.703550728269
FRF1,CER2,OARA,-167.015905549296
FRF1,OILS,OILS,325.313151808107
FRF1,OILS,FARA,-99.5907709765658
FRF1,OILS,OARA,-657.534642756415
FRF1,FARA,FARA,83.5345571919691
FRF1,OARA,FARA,441.67935178654
FRF1,OARA,OARA,3134.52154186388
FRC2,CERE,CERE,6.58760144589901
FRC2,CERE,CER2,7.19558070400541
FRC2,CERE,OILS,-15.8468297145011
FRC2,CERE,FARA,-6.60258411795011
FRC2,CERE,OARA,-48.0392610727158
FRC2,CER2,CER2,27.575145627933
FRC2,CER2,OILS,24.7461620435167
FRC2,CER2,FARA,-20.8805323245307
FRC2,CER2,OARA,-394.338090699205
FRC2,OILS,OILS,165.251489248673
FRC2,OILS,FARA,-26.1040100486495
FRC2,OILS,OARA,-740.87422545562
FRC2,FARA,FARA,20.6738769133977
FRC2,OARA,FARA,331.137364003992
FRC2,OARA,OARA,6741.51573770383
FRG0,CERE,CERE,8.2787343613975
FRG0,CERE,CER2,9.23046807656759
FRG0,CERE,OILS,-10.8063652392825
FRG0,CERE,FARA,-4.5480980316609
FRG0,CERE,OARA,6.29043045514977
FRG0,CER2,CER2,32.2692076653324
FRG0,CER2,OILS,10.7144421970289
FRG0,CER2,FARA,-5.64065220233685
FRG0,CER2,OARA,-6.3534937515535
FRG0,OILS,OILS,49.1612154018911
FRG0,OILS,FARA,7.45131311407151
FRG0,OILS,OARA,-35.0731850370649
FRG0,FARA,FARA,3.37427267241597
FRG0,OARA,FARA,-7.8637186354739
FRG0,OARA,OARA,39.4732749238254
FRH0,CERE,CERE,3.10766123252659
FRH0,CERE,CER2,-1.04187996902149
FRH0,CERE,OILS,-4.36942840014949
FRH0,CERE,FARA,-0.168463783701982
FRH0,CERE,OARA,0.0905139786108456
FRH0,CER2,CER2,1.49818729181407
FRH0,CER2,OILS,-0.337427164027685
FRH0,CER2,FARA,1.22878354441112
FRH0,CER2,OARA,-1.10352876540382
FRH0,OILS,OILS,29.1937203758584
FRH0,OILS,FARA,1.47666912089994
FRH0,OILS,OARA,-4.5102063212684
FRH0,FARA,FARA,2.87623807680656
FRH0,OARA,FARA,0.150426827762019
FRH0,OARA,OARA,7.82047848642947
FRI3,CERE,CERE,7.49265838620809
FRI3,CERE,CER2,5.49242948999548
FRI3,CERE,OILS,0.655915258543115
FRI3,CERE,FARA,-7.68898484896149
FRI3,CERE,OARA,-0.897457714040763
FRI3,CER2,CER2,10.8484717616904
FRI3,CER2,OILS,-3.44226645650331
FRI3,CER2,FARA,-3.69479058943376
FRI3,CER2,OARA,-8.82498015742474
FRI3,OILS,OILS,16.788566760329
FRI3,OILS,FARA,1.4540195234516
FRI3,OILS,OARA,-7.1561009213549
FRI3,FARA,FARA,10.281519434005
FRI3,OARA,FARA,-1.56980682429728
FRI3,OARA,OARA,24.9570817199272
FRI1,CERE,CERE,39.7211647967937
FRI1,CERE,CER2,-7.10862647181772
FRI1,CERE,OILS,-32.733663401225
FRI1,CERE,FARA,11.8886591636171
FRI1,CERE,OARA,-136.650433446354
FRI1,CER2,CER2,12.5018794481002
FRI1,CER2,OILS,-7.97673419857534
FRI1,CER2,FARA,1.3942844256502
FRI1,CER2,OARA,52.6545542114208
FRI1,OILS,OILS,87.9703440942855
FRI1,OILS,FARA,3.62836152230861
FRI1,OILS,OARA,64.0263678119979
FRI1,FARA,FARA,13.016801906912
FRI1,OARA,FARA,-38.0743470859631
FRI1,OARA,OARA,545.435312623406
FRJ2,CERE,CERE,8.6780599274743
FRJ2,CERE,CER2,0.885719342983367
FRJ2,CERE,OILS,0.0208871125509986
FRJ2,CERE,FARA,-5.46915655703894
FRJ2,CERE,OARA,-15.1130318995817
FRJ2,CER2,CER2,17.4769058167104
FRJ2,CER2,OILS,-5.11011189525979
FRJ2,CER2,FARA,-5.93772411472751
FRJ2,CER2,OARA,24.1372276907233
FRJ2,OILS,OILS,24.7374245647345
FRJ2,OILS,FARA,-1.84001341604992
FRJ2,OILS,OARA,-14.1509867045202
FRJ2,FARA,FARA,5.61803045858536
FRJ2,OARA,FARA,2.30683116296964
FRJ2,OARA,OARA,74.3872082568051
FRI2,CERE,CERE,2.86623351838218
FRI2,CERE,CER2,-5.78872962975099
FRI2,CERE,OILS,0.241420015953291
FRI2,CERE,FARA,-0.697339141028244
FRI2,CER2,CER2,24.1247998640402
FRI2,CER2,OILS,-50.598181456448
FRI2,CER2,FARA,-6.48035556802613
FRI2,OILS,OILS,341.977517596629
FRI2,OILS,FARA,58.023979044155
FRI2,FARA,FARA,18.7991792576915
FRI2,OARA,OARA,32.3656343714735
FRK2,CERE,CERE,14.3448175128996
FRK2,CERE,CER2,-3.1797104098714
FRK2,CERE,OILS,-33.2729620594419
FRK2,CERE,FARA,-6.71651949183144
FRK2,CERE,OARA,-15.4052976761588
FRK2,CER2,CER2,34.3102469570824
FRK2,CER2,OILS,24.0548219873022
FRK2,CER2,FARA,-5.79720917572611
FRK2,CER2,OARA,-10.0798912794847
FRK2,OILS,OILS,115.570514340086
FRK2,OILS,FARA,12.3155693153967
FRK2,OILS,OARA,-14.2337370101844
FRK2,FARA,FARA,5.44274736845255
FRK2,OARA,FARA,7.02183386206745
FRK2,OARA,OARA,93.670573413783
FRK1,CERE,CERE,5.98401012131977
FRK1,CERE,CER2,-12.4270685690308
FRK1,CERE,OILS,-11.4034980932968
FRK1,CERE,FARA,-6.69551774803446
FRK1,CERE,OARA,-2.2556782769684
FRK1,CER2,CER2,57.3047633138469
FRK1,CER2,OILS,-26.3331190357264
FRK1,CER2,FARA,18.9846221967398
FRK1,CER2,OARA,27.0648374755558
FRK1,OILS,OILS,148.858630263578
FRK1,OILS,FARA,-7.57010072725844
FRK1,OILS,OARA,-159.963789803338
FRK1,FARA,FARA,11.6819094708899
FRK1,OARA,FARA,40.3786890210527
FRK1,OARA,OARA,370.195000739623
FRJ1,CERE,CERE,18.3089853528366
FRJ1,CERE,CER2,-30.0546254120931
FRJ1,CERE,OILS,13.9296306341544
FRJ1,CERE,FARA,-15.7368606753454
FRJ1,CERE,OARA,-128.80618031097
FRJ1,CER2,CER2,282.970126046198
FRJ1,CER2,OILS,-19.7792166038043
FRJ1,CER2,FARA,-9.9646154556407
FRJ1,CER2,OARA,95.7926526475733
FRJ1,OILS,OILS,159.74799342426
FRJ1,OILS,FARA,-22.5225475058909
FRJ1,OILS,OARA,-76.5641068304383
FRJ1,FARA,FARA,19.7681982802011
FRJ1,OARA,FARA,125.658121445287
FRJ1,OARA,OARA,986.440802027981
FRL0,CERE,CERE,35.3212350974886
FRL0,CERE,CER2,-74.5542576844144
FRL0,CERE,OILS,42.7854080595154
FRL0,CERE,FARA,-10.0407721085546
FRL0,CERE,OARA,-222.603401293533
FRL0,CER2,CER2,378.767781253299
FRL0,CER2,OILS,-44.0391298784517
FRL0,CER2,FARA,-0.986434372911083
FRL0,CER2,OARA,429.457510267071
FRL0,OILS,OILS,238.182619085515
FRL0,OILS,FARA,-31.6552695172177
FRL0,OILS,OARA,-99.398405715702
FRL0,FARA,FARA,9.64177366920546
FRL0,OARA,FARA,25.5361215111086
FRL0,OARA,OARA,2004.57497758048
HU21,CERE,CERE,18.3452309415246
HU21,CERE,CER2,-0.282811309722104
HU21,CERE,OILS,0.718579998782363
HU21,CERE,FARA,4.02140167785855
HU21,CERE,OARA,12.3941690896872
HU21,CER2,CER2,4.27774426698591
HU21,CER2,OILS,-14.1979876575381
HU21,CER2,FARA,2.43169024224851
HU21,CER2,OARA,-7.37417484032277
HU21,OILS,OILS,53.2153781999263
HU21,OILS,FARA,-8.59204028563512
HU21,OILS,OARA,30.2383534083166
HU21,FARA,FARA,13.4682749342601
HU21,OARA,FARA,-20.3723467713406
HU21,OARA,OARA,57.1255370471243
HU22,CERE,CERE,27.0690782120685
HU22,CERE,CER2,-11.183524409157
HU22,CERE,OILS,-3.98102805805079
HU22,CERE,FARA,5.44357632021483
HU22,CERE,OARA,21.1309371561199
HU22,CER2,CER2,19.2882607746893
HU22,CER2,OILS,-8.77332898534262
HU22,CER2,FARA,7.66154672503956
HU22,CER2,OARA,-19.9591453589243
HU22,OILS,OILS,26.1525351074369
HU22,OILS,FARA,-2.31088137062433
HU22,OILS,OARA,-2.71655917372502
HU22,FARA,FARA,9.49756048246806
HU22,OARA,FARA,-5.7696198294136
HU22,OARA,OARA,28.8958655495862
HU23,CERE,CERE,27.3333991837895
HU23,CERE,CER2,0.503709694459418
HU23,CERE,OILS,3.03744818029434
HU23,CERE,FARA,1.57448284275468
HU23,CERE,OARA,12.979462993537
HU23,CER2,CER2,8.17600175150361
HU23,CER2,OILS,-7.72888104153686
HU23,CER2,FARA,11.0818959420514
HU23,CER2,OARA,3.63876609283884
HU23,OILS,OILS,11.7747872533692
HU23,OILS,FARA,-9.99818110618706
HU23,OILS,OARA,-3.75247024559053
HU23,FARA,FARA,15.2375338036359
HU23,OARA,FARA,5.06869630278824
HU23,OARA,OARA,8.5983185500846
HU31,CERE,CERE,15.7862050890508
HU31,CERE,CER2,12.9970214684495
HU31,CERE,OILS,-13.6830250395558
HU31,CERE,FARA,8.87382039217553
HU31,CERE,OARA,9.72810586369142
HU31,CER2,CER2,33.0228419149389
HU31,CER2,OILS,-24.8267688538975
HU31,CER2,FARA,8.78279978233786
HU31,CER2,OARA,16.8211007223522
HU31,OILS,OILS,22.2610312114993
HU31,OILS,FARA,-6.74505657613557
HU31,OILS,OARA,-14.7981352208735
HU31,FARA,FARA,15.2455675459287
HU31,OARA,FARA,-3.63834217177808
HU31,OARA,OARA,19.8247063008298
HU32,CERE,CERE,15.0527411881965
HU32,CERE,CER2,-0.64811189309858
HU32,CERE,OILS,5.91660576595937
HU32,CERE,FARA,8.07697235715433
HU32,CERE,OARA,-13.4828027957777
HU32,CER2,CER2,8.5107938974367
HU32,CER2,OILS,-8.98484442139007
HU32,CER2,FARA,6.61383759359049
HU32,CER2,OARA,10.0548036464394
HU32,OILS,OILS,13.9948477073246
HU32,OILS,FARA,-3.23754673876578
HU32,OILS,OARA,-14.9394053196752
HU32,FARA,FARA,10.6101770663029
HU32,OARA,FARA,1.07865428347071
HU32,OARA,OARA,24.3555658029046
HU33,CERE,CERE,13.5249304740179
HU33,CERE,CER2,-2.39008902724909
HU33,CERE,OILS,-1.48268713242923
HU33,CERE,FARA,8.15132015657605
HU33,CERE,OARA,2.29348509510466
HU33,CER2,CER2,7.83239065352337
HU33,CER2,OILS,-1.10262804128494
HU33,CER2,FARA,6.46582518576509
HU33,CER2,OARA,6.31006818123361
HU33,OILS,OILS,1.41673736954729
HU33,OILS,FARA,-1.416815783859
HU33,OILS,OARA,-1.59839501826205
HU33,FARA,FARA,14.6603114236469
HU33,OARA,FARA,8.37010116125388
HU33,OARA,OARA,6.49944570686565
ITC1,CERE,CERE,27.6989185410177
ITC1,CERE,CER2,-4.40614802197034
ITC1,CERE,OILS,2.1418379942005
ITC1,CERE,FARA,27.9918517428817
ITC1,CERE,OARA,-29.6868636519731
ITC1,CER2,CER2,4.81269847262387
ITC1,CER2,OILS,10.65526687032
ITC1,CER2,FARA,-6.42028120624144
ITC1,CER2,OARA,-35.5135717700154
ITC1,OILS,OILS,77.1252697833077
ITC1,OILS,FARA,-20.1392813762938
ITC1,OILS,OARA,-131.128440764807
ITC1,FARA,FARA,38.9014945920403
ITC1,OARA,FARA,-9.67513511400197
ITC1,OARA,OARA,485.742673471843
ITH3,CERE,CERE,28.2956289209484
ITH3,CERE,CER2,6.17368505459675
ITH3,CERE,OILS,13.3030468348402
ITH3,CERE,FARA,4.52003657396946
ITH3,CERE,OARA,-34.8249390195268
ITH3,CER2,CER2,8.66772445878902
ITH3,CER2,OILS,14.3070462122029
ITH3,CER2,FARA,-7.25325190290671
ITH3,CER2,OARA,-30.8239116360287
ITH3,OILS,OILS,48.6264635114617
ITH3,OILS,FARA,-11.416080735449
ITH3,OILS,OARA,-73.9765983547886
ITH3,FARA,FARA,17.6819549230836
ITH3,OARA,FARA,24.7035785957758
ITH3,OARA,OARA,136.805496089587
ITH4,CERE,CERE,27.1844591688252
ITH4,CERE,CER2,-32.1741472859105
ITH4,CERE,OILS,-17.168795178474
ITH4,CERE,FARA,0.0187464063367466
ITH4,CERE,OARA,13.318021551815
ITH4,CER2,CER2,47.7783349973813
ITH4,CER2,OILS,22.13981877121
ITH4,CER2,FARA,-9.48870481652033
ITH4,CER2,OARA,21.1982222485066
ITH4,OILS,OILS,57.0270553180196
ITH4,OILS,FARA,6.79105636750484
ITH4,OILS,OARA,-55.3690995150232
ITH4,FARA,FARA,25.5808093355056
ITH4,OARA,FARA,-128.777668244104
ITH4,OARA,OARA,674.037368442181
ITI1,CERE,CERE,2.78658121778657
ITI1,CERE,CER2,-7.325803879507
ITI1,CERE,OILS,4.61469839379562
ITI1,CERE,FARA,-7.67581027525813
ITI1,CERE,OARA,-23.8231535833199
ITI1,CER2,CER2,119.728323962189
ITI1,CER2,OILS,5.57357508190851
ITI1,CER2,FARA,-10.3681327116598
ITI1,CER2,OARA,-101.558028248327
ITI1,OILS,OILS,30.5761272438877
ITI1,OILS,FARA,-27.4522879502407
ITI1,OILS,OARA,-97.0170617336188
ITI1,FARA,FARA,34.8819685529365
ITI1,OARA,FARA,128.205873728963
ITI1,OARA,OARA,536.969682788725
ITI2,CERE,CERE,5.71985916344945
ITI2,CERE,CER2,-25.6218393871201
ITI2,CERE,OILS,-2.78077640393611
ITI2,CERE,FARA,10.9848407074856
ITI2,CERE,OARA,53.8516644399743
ITI2,CER2,CER2,214.82401431855
ITI2,CER2,OILS,-43.35554623395
ITI2,CER2,FARA,-99.5644937364107
ITI2,CER2,OARA,-274.119618245292
ITI2,OILS,OILS,42.144199930499
ITI2,OILS,FARA,11.9654228907253
ITI2,OILS,OARA,-40.4202169130091
ITI2,FARA,FARA,60.973553386102
ITI2,OARA,FARA,131.669496457184
ITI2,OARA,OARA,933.958802123838
ITF1,CERE,CERE,2.31032949298176
ITF1,CERE,CER2,-13.1551588935709
ITF1,CERE,OILS,-24.033583995653
ITF1,CERE,FARA,-6.92279623312508
ITF1,CERE,OARA,-4.51504720370499
ITF1,CER2,CER2,377.162011900997
ITF1,CER2,OILS,111.077541544439
ITF1,CER2,FARA,53.9854062617665
ITF1,CER2,OARA,-65.8970886388193
ITF1,OILS,OILS,327.439887640873
ITF1,OILS,FARA,81.1399788471561
ITF1,OILS,OARA,46.6748988251961
ITF1,FARA,FARA,33.3299745259672
ITF1,OARA,FARA,8.2201629250198
ITF1,OARA,OARA,40.6018719740446
ITF2,CERE,CERE,9.17409823616507
ITF2,CERE,CER2,-95.042202192683
ITF2,CERE,OILS,-13.5435488414467
ITF2,CERE,FARA,25.0566959216818
ITF2,CERE,OARA,5.12884488162773
ITF2,CER2,CER2,1179.99381082674
ITF2,CER2,OILS,-42.5146857077506
ITF2,CER2,FARA,-205.824289774148
ITF2,CER2,OARA,-116.587813339938
ITF2,OILS,OILS,315.123467285982
ITF2,OILS,FARA,-73.781602062202
ITF2,OILS,OARA,187.06106960403
ITF2,FARA,FARA,84.7366716277907
ITF2,OARA,FARA,14.7937130630368
ITF2,OARA,OARA,516.497731010794
ITF4,CERE,CERE,4.55276689982751
ITF4,CERE,CER2,15.8743930923409
ITF4,CERE,OILS,-16.1713542097026
ITF4,CERE,FARA,15.3611413682472
ITF4,CERE,OARA,-1.98127812729884
ITF4,CER2,CER2,79.2845444173561
ITF4,CER2,OILS,-37.9209306856096
ITF4,CER2,FARA,74.0800588926172
ITF4,CER2,OARA,-10.7184819263102
ITF4,OILS,OILS,104.634178090473
ITF4,OILS,FARA,-35.0503838067088
ITF4,OILS,OARA,-31.2139921130296
ITF4,FARA,FARA,72.4732363345087
ITF4,OARA,FARA,-16.4791799118229
ITF4,OARA,OARA,41.8368500054793
ITF5,CERE,CERE,2.58624556533251
ITF5,CERE,CER2,30.4910697690558
ITF5,CERE,FARA,-5.02424506169455
ITF5,CERE,OARA,-38.8514174395101
ITF5,CER2,CER2,603.381048695302
ITF5,CER2,FARA,-236.766361684486
ITF5,CER2,OARA,-228.777859967833
ITF5,OILS,OILS,84.2693267968986
ITF5,FARA,FARA,371.966358904621
ITF5,OARA,FARA,-467.360753379343
ITF5,OARA,OARA,1457.78859092426
ITF6,CERE,CERE,11.2323030871673
ITF6,CERE,CER2,48.3711817923948
ITF6,CERE,FARA,29.486412095549
ITF6,CERE,OARA,-79.6501876567077
ITF6,CER2,CER2,336.329535532655
ITF6,CER2,FARA,159.797716736046
ITF6,CER2,OARA,-428.331403004414
ITF6,OILS,OILS,191.993639837519
ITF6,FARA,FARA,94.3530839227678
ITF6,OARA,FARA,-234.649007881863
ITF6,OARA,OARA,623.269142072727
LV00,CERE,CERE,2.15890425027287
LV00,CERE,CER2,-9.46012231944393
LV00,CERE,OILS,-10.1735722099885
LV00,CERE,FARA,0.269835173381827
LV00,CERE,OARA,-7.44154984860494
LV00,CER2,CER2,51.1589752052467
LV00,CER2,OILS,48.8094023876697
LV00,CER2,FARA,0.0601313715475517
LV00,CER2,OARA,30.7978994240024
LV00,OILS,OILS,52.3901580007194
LV00,OILS,FARA,-0.107692826121867
LV00,OILS,OARA,34.517685509325
LV00,FARA,FARA,0.476313820926515
LV00,OARA,FARA,-1.39751560152725
LV00,OARA,OARA,26.9886084203731
NL11,CERE,CERE,139.329200206845
NL11,CERE,FARA,137.523662495801
NL11,CERE,OARA,-104.203778633245
NL11,CER2,CER2,365.999368465568
NL11,OILS,OILS,186.630389522985
NL11,FARA,FARA,170.68491130403
NL11,OARA,FARA,-126.957463236512
NL11,OARA,OARA,94.5606377468294
NL12,CERE,CERE,969.315243644612
NL12,CERE,FARA,-294.625851375312
NL12,CERE,OARA,-356.49920477229
NL12,CER2,CER2,998.843017534323
NL12,OILS,OILS,5685.05549106554
NL12,FARA,FARA,92.7376656523895
NL12,OARA,FARA,109.735263505735
NL12,OARA,OARA,131.709667452311
NL13,CERE,CERE,189.830285391035
NL13,CERE,FARA,139.478053892479
NL13,CERE,OARA,-88.6861705919413
NL13,CER2,CER2,166.697382308422
NL13,OILS,OILS,1253.60529343334
NL13,FARA,FARA,188.885641176745
NL13,OARA,FARA,-76.6531278159161
NL13,OARA,OARA,42.9611584002685
NL21,CERE,CERE,34.9974283620768
NL21,CERE,CER2,135.159783735328
NL21,CERE,FARA,8.20196222067631
NL21,CERE,OARA,-51.913324917946
NL21,CER2,CER2,532.477903978663
NL21,CER2,FARA,31.9926705118917
NL21,CER2,OARA,-202.4937270608
NL21,OILS,OILS,2296.21317022049
NL21,FARA,FARA,99.9756771398394
NL21,OARA,FARA,-170.734160000914
NL21,OARA,OARA,358.222762588131
NL22,CERE,CERE,527.901359869767
NL22,CERE,CER2,-379.864334672876
NL22,CERE,FARA,80.0128635122427
NL22,CERE,OARA,-230.789271072384
NL22,CER2,CER2,315.34560822357
NL22,CER2,FARA,-0.797722532042479
NL22,CER2,OARA,67.0121102780901
NL22,OILS,OILS,610.754910311278
NL22,FARA,FARA,103.378310647571
NL22,OARA,FARA,-186.119041744691
NL22,OARA,OARA,354.998331973984
NL23,CERE,CERE,196.261928232586
NL23,CERE,FARA,-135.641538913931
NL23,CERE,OARA,-23.9434827015011
NL23,CER2,CER2,909.968129183009
NL23,OILS,OILS,6109.7067279233
NL23,FARA,FARA,181.052521291362
NL23,OARA,FARA,-33.2654866686123
NL23,OARA,OARA,31.342255116229
NL32,CERE,CERE,514.837055573557
NL32,CERE,FARA,371.91139203565
NL32,CERE,OARA,-97.4752666700541
NL32,CER2,CER2,2298.26740463153
NL32,OILS,OILS,2755.65640112778
NL32,FARA,FARA,289.606725132989
NL32,OARA,FARA,-52.6724418128491
NL32,OARA,OARA,33.4861763814406
NL33,CERE,CERE,8.13113113724163
NL33,CERE,FARA,49.7569654295483
NL33,CERE,OARA,-56.2563613357185
NL33,CER2,CER2,1825.39404956309
NL33,OILS,OILS,3913.76423554508
NL33,FARA,FARA,526.932785792525
NL33,OARA,FARA,-490.888412158486
NL33,OARA,OARA,485.878638675008
NL34,CERE,CERE,173.350258713494
NL34,CERE,FARA,-145.410805632901
NL34,CERE,OARA,-56.7921281351271
NL34,CER2,CER2,197.535419652045
NL34,OILS,OILS,2282.20169177719
NL34,FARA,FARA,896.401908212684
NL34,OARA,FARA,-267.847314067686
NL34,OARA,OARA,147.128578772198
NL41,CERE,CERE,365.929334775145
NL41,CERE,CER2,-81.7413687398935
NL41,CERE,FARA,-98.4077957364966
NL41,CERE,OARA,67.6810232905047
NL41,CER2,CER2,31.6684811586649
NL41,CER2,FARA,26.4326480800323
NL41,CER2,OARA,-16.7193388210939
NL41,OILS,OILS,757.470937328034
NL41,FARA,FARA,68.2610783007772
NL41,OARA,FARA,-60.364034502145
NL41,OARA,OARA,55.6953354971338
NL42,CERE,CERE,76.2389362167679
NL42,CERE,CER2,52.9052213964317
NL42,CERE,FARA,8.0813630290073
NL42,CERE,OARA,39.5542009153887
NL42,CER2,CER2,50.4732930837648
NL42,CER2,FARA,-7.49606027951575
NL42,CER2,OARA,48.1474276385864
NL42,OILS,OILS,2927.99371552946
NL42,FARA,FARA,24.9269015382701
NL42,OARA,FARA,-27.692964313879
NL42,OARA,OARA,64.4441737117633
PL71,CERE,CERE,6.15001804579079
PL71,CERE,CER2,-0.797644777865875
PL71,CERE,OILS,25.2075956387289
PL71,CERE,FARA,0.677183589160934
PL71,CERE,OARA,8.99185883591617
PL71,CER2,CER2,14.7706778583548
PL71,CER2,OILS,-17.8525005149136
PL71,CER2,FARA,-9.75166696865231
PL71,CER2,OARA,15.5148960120563
PL71,OILS,OILS,222.797191729786
PL71,OILS,FARA,-17.5279436955143
PL71,OILS,OARA,15.5783304357768
PL71,FARA,FARA,23.2535345942069
PL71,OARA,FARA,-5.89965910003501
PL71,OARA,OARA,33.2498755405472
PL21,CERE,CERE,10.1702783204687
PL21,CERE,CER2,-0.0937168852495117
PL21,CERE,OILS,-6.63787695701556
PL21,CERE,FARA,-9.34464642534468
PL21,CERE,OARA,11.3555247537195
PL21,CER2,CER2,9.44199843615845
PL21,CER2,OILS,16.9506726212884
PL21,CER2,FARA,-5.36669757516274
PL21,CER2,OARA,8.16120086101891
PL21,OILS,OILS,194.496606239068
PL21,OILS,FARA,-1.17203223439503
PL21,OILS,OARA,50.547135207971
PL21,FARA,FARA,13.3106252268009
PL21,OARA,FARA,-9.10339349373588
PL21,OARA,OARA,50.7829507250347
PL22,CERE,CERE,8.61081145183593
PL22,CERE,CER2,-11.1122130918533
PL22,CERE,OILS,24.8809938546675
PL22,CERE,FARA,-1.66849602005451
PL22,CERE,OARA,18.615850955449
PL22,CER2,CER2,22.54459844531
PL22,CER2,OILS,-41.9061261885444
PL22,CER2,FARA,-11.3988630842251
PL22,CER2,OARA,-0.717814022855209
PL22,OILS,OILS,125.491615153384
PL22,OILS,FARA,-7.62462839860177
PL22,OILS,OARA,24.3296052102496
PL22,FARA,FARA,45.3082553276316
PL22,OARA,FARA,-31.9678106241577
PL22,OARA,OARA,112.824067297319
PL31,CERE,CERE,2.03570299685127
PL31,CERE,CER2,-4.41823948318379
PL31,CERE,OILS,10.8988389385675
PL31,CERE,FARA,-0.566408718959121
PL31,CERE,OARA,1.02233468287335
PL31,CER2,CER2,19.7111874569035
PL31,CER2,OILS,-23.7689642285369
PL31,CER2,FARA,-11.2388135023949
PL31,CER2,OARA,10.3582443745856
PL31,OILS,OILS,93.0306333940654
PL31,OILS,FARA,-6.55117469939727
PL31,OILS,OARA,18.7305335931156
PL31,FARA,FARA,21.2886147332608
PL31,OARA,FARA,-10.7121128116949
PL31,OARA,OARA,29.1105554052581
PL32,CERE,CERE,3.63882265061662
PL32,CERE,CER2,-8.82859377276378
PL32,CERE,OILS,16.1336023206194
PL32,CERE,FARA,-4.58117035884642
PL32,CERE,OARA,3.77048613339339
PL32,CER2,CER2,78.9095930902847
PL32,CER2,OILS,-88.6430713570061
PL32,CER2,FARA,-9.20747506176156
PL32,CER2,OARA,-17.5564613485844
PL32,OILS,OILS,173.374330884817
PL32,OILS,FARA,-14.3511211816172
PL32,OILS,OARA,50.0945767101564
PL32,FARA,FARA,20.1358443413162
PL32,OARA,FARA,-5.34664750083069
PL32,OARA,OARA,56.9459578322736
PL33,CERE,CERE,9.44746627548067
PL33,CERE,CER2,-16.8229570429969
PL33,CERE,OILS,-35.2431524439775
PL33,CERE,FARA,4.72624254751142
PL33,CERE,OARA,-20.989133884572
PL33,CER2,CER2,35.1572254137776
PL33,CER2,OILS,72.8649580529526
PL33,CER2,FARA,-18.3939806829014
PL33,CER2,OARA,46.2608895306622
PL33,OILS,OILS,264.374447276396
PL33,OILS,FARA,-71.3487691948058
PL33,OILS,OARA,112.626114987655
PL33,FARA,FARA,36.823613622406
PL33,OARA,FARA,-36.0914807238461
PL33,OARA,OARA,66.698581486575
PL34,CERE,CERE,7.95173952149924
PL34,CERE,CER2,-0.00672020947485476
PL34,CERE,OILS,37.0110579420038
PL34,CERE,FARA,-5.1813514446364
PL34,CERE,OARA,-2.69940445742739
PL34,CER2,CER2,28.5687982059648
PL34,CER2,OILS,6.62477601037639
PL34,CER2,FARA,-15.7587688145305
PL34,CER2,OARA,40.7621156513383
PL34,OILS,OILS,180.21014988322
PL34,OILS,FARA,-29.0864025710569
PL34,OILS,OARA,-1.35919027077798
PL34,FARA,FARA,13.0513139020019
PL34,OARA,FARA,-21.8739612332462
PL34,OARA,OARA,60.4141226729364
PL41,CERE,CERE,0.940394132014721
PL41,CERE,CER2,-0.610826289232739
PL41,CERE,OILS,-1.953331774948
PL41,CERE,FARA,-1.48066923877477
PL41,CERE,OARA,-1.94511290764921
PL41,CER2,CER2,8.23838836488027
PL41,CER2,OILS,-10.3063202668075
PL41,CER2,FARA,4.57737039696343
PL41,CER2,OARA,-9.51189235797445
PL41,OILS,OILS,26.481837991133
PL41,OILS,FARA,-8.54534961334979
PL41,OILS,OARA,26.6505788850233
PL41,FARA,FARA,14.5624966941162
PL41,OARA,FARA,-14.4651143809277
PL41,OARA,OARA,34.1282206382891
PL42,CERE,CERE,4.33112761316169
PL42,CERE,CER2,10.1963790263401
PL42,CERE,OILS,1.10447519182615
PL42,CERE,FARA,-9.48778055199482
PL42,CERE,OARA,11.7526734695289
PL42,CER2,CER2,30.5974519466144
PL42,CER2,OILS,10.1464011177833
PL42,CER2,FARA,-16.8288805732658
PL42,CER2,OARA,33.9460431224961
PL42,OILS,OILS,21.5760092731228
PL42,OILS,FARA,13.3426508927428
PL42,OILS,OARA,7.10424166330117
PL42,FARA,FARA,41.4910441675277
PL42,OARA,FARA,-28.2036757376886
PL42,OARA,OARA,42.08837232332
PL43,CERE,CERE,0.753089407962104
PL43,CERE,CER2,-0.0464820070592995
PL43,CERE,OILS,-2.41168217957104
PL43,CERE,FARA,-1.64796274085541
PL43,CERE,OARA,-1.0461770037032
PL43,CER2,CER2,8.98583964005246
PL43,CER2,OILS,7.40807601815147
PL43,CER2,FARA,-12.6767656627085
PL43,CER2,OARA,19.136249040573
PL43,OILS,OILS,35.4530425550423
PL43,OILS,FARA,-1.68451670576308
PL43,OILS,OARA,15.7753617216691
PL43,FARA,FARA,88.2220706855176
PL43,OARA,FARA,-73.1517532696555
PL43,OARA,OARA,77.0876558598899
PL51,CERE,CERE,1.40025547449778
PL51,CERE,CER2,1.77404448791041
PL51,CERE,OILS,3.95097061682254
PL51,CERE,FARA,1.61765154447229
PL51,CERE,OARA,6.98101301572579
PL51,CER2,CER2,2.62698583588705
PL51,CER2,OILS,6.62067226631109
PL51,CER2,FARA,-1.86140534461474
PL51,CER2,OARA,8.41510073986904
PL51,OILS,OILS,20.7855234346239
PL51,OILS,FARA,-2.05390863239343
PL51,OILS,OARA,13.5254454980222
PL51,FARA,FARA,78.6107348221518
PL51,OARA,FARA,-3.28303177519051
PL51,OARA,OARA,42.1219504870934
PL52,CERE,CERE,15.5532011592565
PL52,CERE,CER2,13.3942888660021
PL52,CERE,OILS,-1.23540379555563
PL52,CERE,FARA,-2.03239146200411
PL52,CERE,OARA,5.53049259591341
PL52,CER2,CER2,37.1225490667434
PL52,CER2,OILS,-1.06600407362519
PL52,CER2,FARA,7.33560519490917
PL52,CER2,OARA,61.9339047002117
PL52,OILS,OILS,33.1731581419733
PL52,OILS,FARA,-36.0744478498636
PL52,OILS,OARA,20.2864545218985
PL52,FARA,FARA,76.3098868951281
PL52,OARA,FARA,-14.7966108578787
PL52,OARA,OARA,146.806716351503
PL61,CERE,CERE,3.51776161754563
PL61,CERE,CER2,0.849105315567443
PL61,CERE,OILS,5.14029173477063
PL61,CERE,FARA,-2.52697460621921
PL61,CERE,OARA,9.61557002526961
PL61,CER2,CER2,5.99661960337809
PL61,CER2,OILS,-3.20893412904995
PL61,CER2,FARA,-6.88858649262928
PL61,CER2,OARA,13.1390975505543
PL61,OILS,OILS,27.2058347118876
PL61,OILS,FARA,7.63364692065642
PL61,OILS,OARA,15.4064663824721
PL61,FARA,FARA,21.6660464463658
PL61,OARA,FARA,-18.2157267519911
PL61,OARA,OARA,53.3670652871267
PL62,CERE,CERE,1.75744390150023
PL62,CERE,CER2,6.12251150001003
PL62,CERE,OILS,1.6699421414241
PL62,CERE,FARA,-3.15504582274316
PL62,CERE,OARA,5.92179341410429
PL62,CER2,CER2,43.8294922799815
PL62,CER2,OILS,7.15684533075809
PL62,CER2,FARA,-19.9972872201325
PL62,CER2,OARA,45.8662964723399
PL62,OILS,OILS,16.3096384509841
PL62,OILS,FARA,-4.26582644980072
PL62,OILS,OARA,11.8021290252686
PL62,FARA,FARA,12.8249031555475
PL62,OARA,FARA,-14.6183481644396
PL62,OARA,OARA,61.1970120384591
PL63,CERE,CERE,2.67391944215335
PL63,CERE,CER2,5.73758343219298
PL63,CERE,OILS,-4.16469072890961
PL63,CERE,FARA,-6.77008576884303
PL63,CERE,OARA,4.85544131368338
PL63,CER2,CER2,24.1873710983548
PL63,CER2,OILS,-23.0751222290015
PL63,CER2,FARA,-17.7375871661738
PL63,CER2,OARA,-3.98809846773435
PL63,OILS,OILS,36.8889059311598
PL63,OILS,FARA,7.20813252054168
PL63,OILS,OARA,15.3993924657035
PL63,FARA,FARA,30.0612591318318
PL63,OARA,FARA,-21.8273063968851
PL63,OARA,OARA,89.4617728519944
PT11,CERE,CERE,12.4881989373551
PT11,CERE,CER2,-5.53825980699207
PT11,CERE,FARA,2.86047993082232
PT11,CERE,OARA,-1.5115979934781
PT11,CER2,CER2,20.0893693008573
PT11,CER2,FARA,-11.0223050094252
PT11,CER2,OARA,-29.7084616140646
PT11,OILS,OILS,10809.8307577774
PT11,FARA,FARA,6.1019230422502
PT11,OARA,FARA,17.4760143553361
PT11,OARA,OARA,72.661609112772
PT15,CERE,CERE,1.84300550027884
PT15,CERE,CER2,47.238406281758
PT15,CERE,FARA,-2.42764536815209
PT15,CER2,CER2,1278.32027011901
PT15,CER2,FARA,-15.7500162415278
PT15,OILS,OILS,3657.09554741254
PT15,FARA,FARA,35.1735201129413
PT15,OARA,OARA,72.0742329338702
PT16,CERE,CERE,57.669738280921
PT16,CERE,CER2,41.3112377126986
PT16,CERE,FARA,9.82259374365569
PT16,CERE,OARA,-18.3826275492316
PT16,CER2,CER2,52.8285422382702
PT16,CER2,FARA,10.2683928200936
PT16,CER2,OARA,-82.4986232256523
PT16,OILS,OILS,106.148017378735
PT16,FARA,FARA,2.58665099434686
PT16,OARA,FARA,-16.9461384951663
PT16,OARA,OARA,283.099828143078
PT17,CERE,CERE,490.192742157695
PT17,CERE,CER2,446.568365401089
PT17,CERE,FARA,-7.36065350628367
PT17,CERE,OARA,-69.6018702321774
PT17,CER2,CER2,520.146993287122
PT17,CER2,FARA,-8.33709349387646
PT17,CER2,OARA,-183.601431018177
PT17,OILS,OILS,141.237864855608
PT17,FARA,FARA,143.870915416468
PT17,OARA,FARA,-654.799369865336
PT17,OARA,OARA,3781.43641897509
PT18,CERE,CERE,0.225287090997855
PT18,CERE,CER2,0.850392736210285
PT18,CERE,OILS,-0.503240855150727
PT18,CERE,FARA,-0.135683403188999
PT18,CERE,OARA,-2.72737748399298
PT18,CER2,CER2,83.2328074857382
PT18,CER2,OILS,-15.4319838995343
PT18,CER2,FARA,-3.94953261485202
PT18,CER2,OARA,-57.1600650887462
PT18,OILS,OILS,11.631287207825
PT18,OILS,FARA,3.37623042310794
PT18,OILS,OARA,-27.2415605403403
PT18,FARA,FARA,1.23503499096767
PT18,OARA,FARA,-18.6783978329995
PT18,OARA,OARA,653.450847690817
RO21,CERE,CERE,9.02223917971816
RO21,CERE,CER2,-2.10817234969302
RO21,CERE,OILS,-2.17500777062754
RO21,CERE,FARA,1.82632192898998
RO21,CERE,OARA,3.27226366681886
RO21,CER2,CER2,2.28371874231088
RO21,CER2,OILS,-1.09896881596312
RO21,CER2,FARA,1.54006691567532
RO21,CER2,OARA,1.10095392533261
RO21,OILS,OILS,32.1668963198031
RO21,OILS,FARA,7.61142345396279
RO21,OILS,OARA,5.15639500273225
RO21,FARA,FARA,8.12953897858975
RO21,OARA,FARA,7.12667823258895
RO21,OARA,OARA,6.61288911698007
RO22,CERE,CERE,1.63442706830145
RO22,CERE,CER2,0.363311133058358
RO22,CERE,OILS,3.55692534812022
RO22,CERE,FARA,2.82267337071085
RO22,CERE,OARA,1.27286102664189
RO22,CER2,CER2,2.31837066153873
RO22,CER2,OILS,0.706443225772793
RO22,CER2,FARA,-2.97551710125301
RO22,CER2,OARA,-5.13796490500105
RO22,OILS,OILS,9.49689024521557
RO22,OILS,FARA,6.66830334182116
RO22,OILS,OARA,1.42574191432762
RO22,FARA,FARA,17.8588196518855
RO22,OARA,FARA,12.641478438497
RO22,OARA,OARA,16.0891631346052
RO31,CERE,CERE,1.09440459859361
RO31,CERE,CER2,-0.0672046498808565
RO31,CERE,OILS,1.98182514307393
RO31,CERE,FARA,1.21985862787578
RO31,CERE,OARA,-0.119289922482022
RO31,CER2,CER2,2.6347891686619
RO31,CER2,OILS,-0.792294640835153
RO31,CER2,FARA,-4.93681030562795
RO31,CER2,OARA,-5.91287664650305
RO31,OILS,OILS,5.04903008364772
RO31,OILS,FARA,4.62533473306042
RO31,OILS,OARA,0.0222094414597149
RO31,FARA,FARA,12.2976325891101
RO31,OARA,FARA,9.03395308249454
RO31,OARA,OARA,15.01899768823
RO41,CERE,CERE,1.30789394156715
RO41,CERE,CER2,0.227936905432343
RO41,CERE,OILS,1.31023174044212
RO41,CERE,FARA,0.591808469118116
RO41,CERE,OARA,1.47337570586189
RO41,CER2,CER2,3.26282063337033
RO41,CER2,OILS,-4.31774843348571
RO41,CER2,FARA,-3.75871908487866
RO41,CER2,OARA,1.4260833928689
RO41,OILS,OILS,22.0425065454663
RO41,OILS,FARA,11.0472706281306
RO41,OILS,OARA,-5.61242038866716
RO41,FARA,FARA,7.72371172711335
RO41,OARA,FARA,-4.86562933088545
RO41,OARA,OARA,8.76155708267294
RO42,CERE,CERE,2.40228962748183
RO42,CERE,CER2,-0.281004869907262
RO42,CERE,OILS,-2.47545123194822
RO42,CERE,FARA,-5.26106041260573
RO42,CERE,OARA,-16.4533849022601
RO42,CER2,CER2,5.18095758370922
RO42,CER2,OILS,-4.75152290192573
RO42,CER2,FARA,0.00282062287044133
RO42,CER2,OARA,-10.6801113505895
RO42,OILS,OILS,22.5621615324828
RO42,OILS,FARA,6.36446501446437
RO42,OILS,OARA,-30.2626357814704
RO42,FARA,FARA,11.834527674565
RO42,OARA,FARA,37.4247438834227
RO42,OARA,OARA,385.581225994401
RO11,CERE,CERE,2.66280311708393
RO11,CERE,CER2,-1.43619839812628
RO11,CERE,OILS,6.10969329767352
RO11,CERE,FARA,-4.12033091704685
RO11,CERE,OARA,-2.70829715594933
RO11,CER2,CER2,2.03786405926029
RO11,CER2,OILS,-8.02378740900121
RO11,CER2,FARA,3.22707650832715
RO11,CER2,OARA,0.670458049646394
RO11,OILS,OILS,39.4467375836657
RO11,OILS,FARA,-14.5303596912677
RO11,OILS,OARA,-4.5956957572077
RO11,FARA,FARA,7.56297636113405
RO11,OARA,FARA,3.96137246492318
RO11,OARA,OARA,3.65959585188423
RO12,CERE,CERE,13.9377051703305
RO12,CERE,CER2,-4.44311490540497
RO12,CERE,OILS,38.4714448507584
RO12,CERE,FARA,-10.5836976425523
RO12,CERE,OARA,-39.2402861774268
RO12,CER2,CER2,4.78477586122537
RO12,CER2,OILS,-19.9148554486361
RO12,CER2,FARA,3.52863672898648
RO12,CER2,OARA,5.77913800072815
RO12,OILS,OILS,157.578437794265
RO12,OILS,FARA,-29.3882659890453
RO12,OILS,OARA,-91.8626844049059
RO12,FARA,FARA,8.36735327435091
RO12,OARA,FARA,28.980701107653
RO12,OARA,OARA,124.781619918138
RO32,CERE,CERE,18.4587427670091
RO32,CERE,CER2,-5.70222639606478
RO32,CERE,OILS,30.5101482103957
RO32,CERE,FARA,15.6075384384397
RO32,CER2,CER2,17.75208746144
RO32,CER2,OILS,-1.66136282922924
RO32,CER2,FARA,-19.3729096641207
RO32,OILS,OILS,93.7164923888117
RO32,OILS,FARA,-9.53586265433475
RO32,FARA,FARA,46.6600073427171
RO32,OARA,OARA,14.2830949081286
SE11,CERE,CERE,8.06693877830895
SE11,CERE,CER2,52.7674077282558
SE11,CERE,FARA,-13.1682693496032
SE11,CER2,CER2,378.356617418168
SE11,CER2,FARA,-58.1199904128092
SE11,OILS,OILS,17.1443056568642
SE11,FARA,FARA,46.2462765056487
SE11,OARA,OARA,26.3306810708769
SE12,CERE,CERE,16.0882667895226
SE12,CERE,CER2,-0.0793335213268828
SE12,CERE,OILS,-18.2203503680723
SE12,CERE,FARA,-2.11405373841804
SE12,CERE,OARA,-45.058706742772
SE12,CER2,CER2,88.0973070967791
SE12,CER2,OILS,22.4659797729113
SE12,CER2,FARA,-9.42624120548454
SE12,CER2,OARA,246.972940150945
SE12,OILS,OILS,27.6298645912566
SE12,OILS,FARA,1.85014140939818
SE12,OILS,OARA,122.280445270306
SE12,FARA,FARA,9.95515027767277
SE12,OARA,FARA,-42.8344385975183
SE12,OARA,OARA,1072.10640414924
SE22,CERE,CERE,27.1118035209276
SE22,CERE,CER2,20.4877183790394
SE22,CERE,OILS,-19.0118350503053
SE22,CERE,FARA,-3.97734872045037
SE22,CERE,OARA,-87.6271654740981
SE22,CER2,CER2,99.8562322390966
SE22,CER2,OILS,-1.58050874593344
SE22,CER2,FARA,-7.65793158847703
SE22,CER2,OARA,-25.4885430485668
SE22,OILS,OILS,20.6307714899102
SE22,OILS,FARA,4.08551770935768
SE22,OILS,OARA,61.1663432064463
SE22,FARA,FARA,20.6469272729922
SE22,OARA,FARA,-25.2608015876923
SE22,OARA,OARA,369.388916765049
SE31,CERE,CERE,10.6684423542735
SE31,CERE,CER2,23.5956367549755
SE31,CERE,OILS,1.84327885847946
SE31,CERE,FARA,-3.15187715372321
SE31,CERE,OARA,-157.363500398011
SE31,CER2,CER2,105.736259694703
SE31,CER2,OILS,16.0007022565088
SE31,CER2,FARA,-4.45424638189783
SE31,CER2,OARA,-327.40175913436
SE31,OILS,OILS,51.4590642834602
SE31,OILS,FARA,9.09947129919505
SE31,OILS,OARA,-285.393892655488
SE31,FARA,FARA,9.77376362195961
SE31,OARA,FARA,5.21804839903553
SE31,OARA,OARA,3761.88026022133
SE32,CERE,CERE,80.239504405009
SE32,CERE,FARA,-21.1275922278135
SE32,CER2,CER2,253.940392586314
SE32,OILS,OILS,1004.77905377957
SE32,FARA,FARA,11.7156608860535
SE32,OARA,OARA,328.025208200117
SE33,CERE,CERE,56.6929944547521
SE33,CERE,FARA,-7.93216547812956
SE33,CERE,OARA,-386.336220447596
SE33,CER2,CER2,216.156317270437
SE33,OILS,OILS,484.304576477838
SE33,FARA,FARA,9.31879202534984
SE33,OARA,FARA,28.1291591073662
SE33,OARA,OARA,2920.11544924073
SE21,CERE,CERE,30.3235375990873
SE21,CERE,CER2,75.1764721173664
SE21,CERE,OILS,-89.4920813633734
SE21,CERE,FARA,-3.95944508469627
SE21,CERE,OARA,-170.893857607634
SE21,CER2,CER2,316.597877881329
SE21,CER2,OILS,-88.333467103475
SE21,CER2,FARA,0.408409237998953
SE21,CER2,OARA,-405.505898933071
SE21,OILS,OILS,425.669553267797
SE21,OILS,FARA,17.2201484307958
SE21,OILS,OARA,517.837826864371
SE21,FARA,FARA,6.64446404959076
SE21,OARA,FARA,-7.4862599533018
SE21,OARA,OARA,1207.08395702336
SE23,CERE,CERE,4.77118254639975
SE23,CERE,CER2,30.8013426193408
SE23,CERE,OILS,-14.8622885939736
SE23,CERE,FARA,-1.45147342795222
SE23,CERE,OARA,-41.6751472479888
SE23,CER2,CER2,228.408675073834
SE23,CER2,OILS,-80.5577966901676
SE23,CER2,FARA,2.16990026322551
SE23,CER2,OARA,-364.958494490206
SE23,OILS,OILS,65.7846842961692
SE23,OILS,FARA,8.69536571497992
SE23,OILS,OARA,67.5864258350163
SE23,FARA,FARA,8.80749876988227
SE23,OARA,FARA,-31.400870944388
SE23,OARA,OARA,1229.36034741474
SK01,CERE,CERE,36.2095972997833
SK01,CERE,CER2,37.3711447577795
SK01,CERE,OILS,-41.0109483768145
SK01,CERE,FARA,-17.2205320190997
SK01,CERE,OARA,6.91010954531762
SK01,CER2,CER2,143.830571349883
SK01,CER2,OILS,50.9984483748481
SK01,CER2,FARA,4.42161006697379
SK01,CER2,OARA,159.708824819542
SK01,OILS,OILS,292.47146430073
SK01,OILS,FARA,-29.0652160092981
SK01,OILS,OARA,316.171097789169
SK01,FARA,FARA,57.2369152953077
SK01,OARA,FARA,-66.3096056883854
SK01,OARA,OARA,457.408466554874
SK02,CERE,CERE,15.4059520690721
SK02,CERE,CER2,-4.79500862605227
SK02,CERE,OILS,-20.9677652007728
SK02,CERE,FARA,2.88514581359776
SK02,CERE,OARA,-30.5168837674496
SK02,CER2,CER2,23.5573231115286
SK02,CER2,OILS,19.5033310127062
SK02,CER2,FARA,7.22991141985917
SK02,CER2,OARA,32.2033435056577
SK02,OILS,OILS,37.4073722920574
SK02,OILS,FARA,-0.444318997495418
SK02,OILS,OARA,58.7129176833204
SK02,FARA,FARA,6.85413486572085
SK02,OARA,FARA,-4.51772757350656
SK02,OARA,OARA,100.71786648619
SK03,CERE,CERE,3.80154020844533
SK03,CERE,CER2,-5.24628627630602
SK03,CERE,OILS,17.5817083385107
SK03,CERE,FARA,-2.47512415635426
SK03,CERE,OARA,18.1148086830285
SK03,CER2,CER2,27.5007646168662
SK03,CER2,OILS,-63.4197020432994
SK03,CER2,FARA,1.68868252147075
SK03,CER2,OARA,-38.4204567473489
SK03,OILS,OILS,158.256671600346
SK03,OILS,FARA,-5.62474627519665
SK03,OILS,OARA,107.713273369791
SK03,FARA,FARA,6.6231496933152
SK03,OARA,FARA,-14.5735412598726
SK03,OARA,OARA,98.374268279814
SK04,CERE,CERE,17.9853919803918
SK04,CERE,CER2,-6.1336553563939
SK04,CERE,OILS,3.49748148829476
SK04,CERE,FARA,-1.42089475723855
SK04,CERE,OARA,9.15907871955662
SK04,CER2,CER2,95.3453154968171
SK04,CER2,OILS,-29.2569027341927
SK04,CER2,FARA,2.54702822030702
SK04,CER2,OARA,-10.1566939150138
SK04,OILS,OILS,11.116651751248
SK04,OILS,FARA,0.321915856530805
SK04,OILS,OARA,5.86092022491415
SK04,FARA,FARA,4.99188861311631
SK04,OARA,FARA,-6.27882396997701
SK04,OARA,OARA,17.7927522922831
