region,SWHE,DWHE,RYEM,BARL,OATS,CORN,OCER,PULS,SUGB,POTA,TOMA,OVEG,APPL,OFRU,CITR,TAGR,WINE,OLIV,GRAS,TOBA,COTT,OFIB,MAIF,OFOD,SETA,RAPE,SUNF,SOYA,OOIL
DE11,51.473684210526315,6.434210526315789,6.434210526315789,35.38815789473684,8.042763157894738,45.039473684210535,8.042763157894738,6.231578947368422,8.0,5.0,1.6142105263157895,1.6142105263157895,0.7011403508771931,0.7011403508771931,0.7011403508771931,0.7011403508771931,0.7011403508771931,0.7011403508771931,55.0,1.0,2.0,1.0,15.0,5.0,3.0,18.0,12.0,6.0,2.0
DE12,51.473684210526315,6.434210526315789,6.434210526315789,35.38815789473684,8.042763157894738,45.039473684210535,8.042763157894738,6.231578947368422,8.0,5.0,1.6142105263157895,1.6142105263157895,0.7011403508771931,0.7011403508771931,0.7011403508771931,0.7011403508771931,0.7011403508771931,0.7011403508771931,55.0,1.0,2.0,1.0,15.0,5.0,3.0,18.0,12.0,6.0,2.0
DE13,51.473684210526315,6.434210526315789,6.434210526315789,35.38815789473684,8.042763157894738,45.039473684210535,8.042763157894738,6.231578947368422,8.0,5.0,1.6142105263157895,1.6142105263157895,0.7011403508771931,0.7011403508771931,0.7011403508771931,0.7011403508771931,0.7011403508771931,0.7011403508771931,55.0,1.0,2.0,1.0,15.0,5.0,3.0,18.0,12.0,6.0,2.0
DE14,51.473684210526315,6.434210526315789,6.434210526315789,35.38815789473684,8.042763157894738,45.039473684210535,8.042763157894738,6.231578947368422,8.0,5.0,1.6142105263157895,1.6142105263157895,0.7011403508771931,0.7011403508771931,0.7011403508771931,0.7011403508771931,0.7011403508771931,0.7011403508771931,55.0,1.0,2.0,1.0,15.0,5.0,3.0,18.0,12.0,6.0,2.0
DE21,51.473684210526315,6.434210526315789,6.434210526315789,35.38815789473684,8.042763157894738,45.039473684210535,8.042763157894738,6.231578947368422,8.0,5.0,1.6142105263157895,1.6142105263157895,0.7011403508771931,0.7011403508771931,0.7011403508771931,0.7011403508771931,0.7011403508771931,0.7011403508771931,55.0,1.0,2.0,1.0,15.0,5.0,3.0,18.0,12.0,6.0,2.0
DE22,51.473684210526315,6.434210526315789,6.434210526315789,35.38815789473684,8.042763157894738,45.039473684210535,8.042763157894738,6.231578947368422,8.0,5.0,1.6142105263157895,1.6142105263157895,0.7011403508771931,0.7011403508771931,0.7011403508771931,0.7011403508771931,0.7011403508771931,0.7011403508771931,55.0,1.0,2.0,1.0,15.0,5.0,3.0,18.0,12.0,6.0,2.0
DE23,51.473684210526315,6.434210526315789,6.434210526315789,35.38815789473684,8.042763157894738,45.039473684210535,8.042763157894738,6.231578947368422,8.0,5.0,1.6142105263157895,1.6142105263157895,0.7011403508771931,0.7011403508771931,0.7011403508771931,0.7011403508771931,0.7011403508771931,0.7011403508771931,55.0,1.0,2.0,1.0,15.0,5.0,3.0,18.0,12.0,6.0,2.0
DE24,51.473684210526315,6.434210526315789,6.434210526315789,35.38815789473684,8.042763157894738,45.039473684210535,8.042763157894738,6.231578947368422,8.0,5.0,1.6142105263157895,1.6142105263157895,0.7011403508771931,0.7011403508771931,0.7011403508771931,0.7011403508771931,0.7011403508771931,0.7011403508771931,55.0,1.0,2.0,1.0,15.0,5.0,3.0,18.0,12.0,6.0,2.0
DE25,51.473684210526315,6.434210526315789,6.434210526315789,35.38815789473684,8.042763157894738,45.039473684210535,8.042763157894738,6.231578947368422,8.0,5.0,1.6142105263157895,1.6142105263157895,0.7011403508771931,0.7011403508771931,0.7011403508771931,0.7011403508771931,0.7011403508771931,0.7011403508771931,55.0,1.0,2.0,1.0,15.0,5.0,3.0,18.0,12.0,6.0,2.0
DE26,51.473684210526315,6.434210526315789,6.434210526315789,35.38815789473684,8.042763157894738,45.039473684210535,8.042763157894738,6.231578947368422,8.0,5.0,1.6142105263157895,1.6142105263157895,0.7011403508771931,0.7011403508771931,0.7011403508771931,0.7011403508771931,0.7011403508771931,0.7011403508771931,55.0,1.0,2.0,1.0,15.0,5.0,3.0,18.0,12.0,6.0,2.0
DE27,51.473684210526315,6.434210526315789,6.434210526315789,35.38815789473684,8.042763157894738,45.039473684210535,8.042763157894738,6.231578947368422,8.0,5.0,1.6142105263157895,1.6142105263157895,0.7011403508771931,0.7011403508771931,0.7011403508771931,0.7011403508771931,0.7011403508771931,0.7011403508771931,55.0,1.0,2.0,1.0,15.0,5.0,3.0,18.0,12.0,6.0,2.0
DE30,0.192,0.024,0.024,0.132,0.03,0.168,0.03,6.231578947368422,8.0,5.0,1.6142105263157895,1.6142105263157895,0.7011403508771931,0.7011403508771931,0.7011403508771931,0.7011403508771931,0.7011403508771931,0.7011403508771931,55.0,1.0,2.0,1.0,15.0,5.0,3.0,18.0,12.0,6.0,2.0
DE40,156.448,19.556,19.556,107.55799999999999,24.445,136.892,24.445,21.4,8.0,5.0,1.6142105263157895,1.6142105263157895,0.7011403508771931,0.7011403508771931,0.7011403508771931,0.7011403508771931,0.7011403508771931,0.7011403508771931,55.0,1.0,2.0,1.0,15.0,5.0,3.0,18.0,12.0,6.0,2.0
DE50,0.192,0.024,0.024,0.132,0.03,0.168,0.03,6.231578947368422,8.0,5.0,1.6142105263157895,1.6142105263157895,0.7011403508771931,0.7011403508771931,0.7011403508771931,0.7011403508771931,0.7011403508771931,0.7011403508771931,55.0,1.0,2.0,1.0,15.0,5.0,3.0,18.0,12.0,6.0,2.0
DE60,0.768,0.096,0.096,0.528,0.12,0.672,0.12,0.1,8.0,5.0,1.6142105263157895,1.6142105263157895,0.7011403508771931,0.7011403508771931,0.7011403508771931,0.7011403508771931,0.7011403508771931,0.7011403508771931,55.0,1.0,2.0,1.0,15.0,5.0,3.0,18.0,12.0,6.0,2.0
DE71,51.473684210526315,6.434210526315789,6.434210526315789,35.38815789473684,8.042763157894738,45.039473684210535,8.042763157894738,6.231578947368422,8.0,5.0,1.6142105263157895,1.6142105263157895,0.7011403508771931,0.7011403508771931,0.7011403508771931,0.7011403508771931,0.7011403508771931,0.7011403508771931,55.0,1.0,2.0,1.0,15.0,5.0,3.0,18.0,12.0,6.0,2.0
DE72,51.473684210526315,6.434210526315789,6.434210526315789,35.38815789473684,8.042763157894738,45.039473684210535,8.042763157894738,6.231578947368422,8.0,5.0,1.6142105263157895,1.6142105263157895,0.7011403508771931,0.7011403508771931,0.7011403508771931,0.7011403508771931,0.7011403508771931,0.7011403508771931,55.0,1.0,2.0,1.0,15.0,5.0,3.0,18.0,12.0,6.0,2.0
DE73,51.473684210526315,6.434210526315789,6.434210526315789,35.38815789473684,8.042763157894738,45.039473684210535,8.042763157894738,6.231578947368422,8.0,5.0,1.6142105263157895,1.6142105263157895,0.7011403508771931,0.7011403508771931,0.7011403508771931,0.7011403508771931,0.7011403508771931,0.7011403508771931,55.0,1.0,2.0,1.0,15.0,5.0,3.0,18.0,12.0,6.0,2.0
DE80,174.24,21.78,21.78,119.79,27.225,152.46,27.225,46.0,8.0,5.0,1.6142105263157895,1.6142105263157895,0.7011403508771931,0.7011403508771931,0.7011403508771931,0.7011403508771931,0.7011403508771931,0.7011403508771931,55.0,1.0,2.0,1.0,15.0,5.0,3.0,18.0,12.0,6.0,2.0
DE91,51.473684210526315,6.434210526315789,6.434210526315789,35.38815789473684,8.042763157894738,45.039473684210535,8.042763157894738,6.231578947368422,8.0,5.0,1.6142105263157895,1.6142105263157895,0.7011403508771931,0.7011403508771931,0.7011403508771931,0.7011403508771931,0.7011403508771931,0.7011403508771931,55.0,1.0,2.0,1.0,15.0,5.0,3.0,18.0,12.0,6.0,2.0
DE92,51.473684210526315,6.434210526315789,6.434210526315789,35.38815789473684,8.042763157894738,45.039473684210535,8.042763157894738,6.231578947368422,8.0,5.0,1.6142105263157895,1.6142105263157895,0.7011403508771931,0.7011403508771931,0.7011403508771931,0.7011403508771931,0.7011403508771931,0.7011403508771931,55.0,1.0,2.0,1.0,15.0,5.0,3.0,18.0,12.0,6.0,2.0
DE93,51.473684210526315,6.434210526315789,6.434210526315789,35.38815789473684,8.042763157894738,45.039473684210535,8.042763157894738,6.231578947368422,8.0,5.0,1.6142105263157895,1.6142105263157895,0.7011403508771931,0.7011403508771931,0.7011403508771931,0.7011403508771931,0.7011403508771931,0.7011403508771931,55.0,1.0,2.0,1.0,15.0,5.0,3.0,18.0,12.0,6.0,2.0
DE94,51.473684210526315,6.434210526315789,6.434210526315789,35.38815789473684,8.042763157894738,45.039473684210535,8.042763157894738,6.231578947368422,8.0,5.0,1.6142105263157895,1.6142105263157895,0.7011403508771931,0.7011403508771931,0.7011403508771931,0.7011403508771931,0.7011403508771931,0.7011403508771931,55.0,1.0,2.0,1.0,15.0,5.0,3.0,18.0,12.0,6.0,2.0
DEA1,51.473684210526315,6.434210526315789,6.434210526315789,35.38815789473684,8.042763157894738,45.039473684210535,8.042763157894738,6.231578947368422,8.0,5.0,1.6142105263157895,1.6142105263157895,0.7011403508771931,0.7011403508771931,0.7011403508771931,0.7011403508771931,0.7011403508771931,0.7011403508771931,55.0,1.0,2.0,1.0,15.0,5.0,3.0,18.0,12.0,6.0,2.0
DEA2,51.473684210526315,6.434210526315789,6.434210526315789,35.38815789473684,8.042763157894738,45.039473684210535,8.042763157894738,6.231578947368422,8.0,5.0,1.6142105263157895,1.6142105263157895,0.7011403508771931,0.7011403508771931,0.7011403508771931,0.7011403508771931,0.7011403508771931,0.7011403508771931,55.0,1.0,2.0,1.0,15.0,5.0,3.0,18.0,12.0,6.0,2.0
DEA3,51.473684210526315,6.434210526315789,6.434210526315789,35.38815789473684,8.042763157894738,45.039473684210535,8.042763157894738,6.231578947368422,8.0,5.0,1.6142105263157895,1.6142105263157895,0.7011403508771931,0.7011403508771931,0.7011403508771931,0.7011403508771931,0.7011403508771931,0.7011403508771931,55.0,1.0,2.0,1.0,15.0,5.0,3.0,18.0,12.0,6.0,2.0
DEA4,51.473684210526315,6.434210526315789,6.434210526315789,35.38815789473684,8.042763157894738,45.039473684210535,8.042763157894738,6.231578947368422,8.0,5.0,1.6142105263157895,1.6142105263157895,0.7011403508771931,0.7011403508771931,0.7011403508771931,0.7011403508771931,0.7011403508771931,0.7011403508771931,55.0,1.0,2.0,1.0,15.0,5.0,3.0,18.0,12.0,6.0,2.0
DEA5,51.473684210526315,6.434210526315789,6.434210526315789,35.38815789473684,8.042763157894738,45.039473684210535,8.042763157894738,6.231578947368422,8.0,5.0,1.6142105263157895,1.6142105263157895,0.7011403508771931,0.7011403508771931,0.7011403508771931,0.7011403508771931,0.7011403508771931,0.7011403508771931,55.0,1.0,2.0,1.0,15.0,5.0,3.0,18.0,12.0,6.0,2.0
DEB1,51.473684210526315,6.434210526315789,6.434210526315789,35.38815789473684,8.042763157894738,45.039473684210535,8.042763157894738,6.231578947368422,8.0,5.0,1.6142105263157895,1.6142105263157895,0.7011403508771931,0.7011403508771931,0.7011403508771931,0.7011403508771931,0.7011403508771931,0.7011403508771931,55.0,1.0,2.0,1.0,15.0,5.0,3.0,18.0,12.0,6.0,2.0
DEB2,51.473684210526315,6.434210526315789,6.434210526315789,35.38815789473684,8.042763157894738,45.039473684210535,8.042763157894738,6.231578947368422,8.0,5.0,1.6142105263157895,1.6142105263157895,0.7011403508771931,0.7011403508771931,0.7011403508771931,0.7011403508771931,0.7011403508771931,0.7011403508771931,55.0,1.0,2.0,1.0,15.0,5.0,3.0,18.0,12.0,6.0,2.0
DEB3,51.473684210526315,6.434210526315789,6.434210526315789,35.38815789473684,8.042763157894738,45.039473684210535,8.042763157894738,6.231578947368422,8.0,5.0,1.6142105263157895,1.6142105263157895,0.7011403508771931,0.7011403508771931,0.7011403508771931,0.7011403508771931,0.7011403508771931,0.7011403508771931,55.0,1.0,2.0,1.0,15.0,5.0,3.0,18.0,12.0,6.0,2.0
DEC0,6.207999999999999,0.7759999999999999,0.7759999999999999,4.268,0.97,5.432,0.97,0.6,8.0,5.0,1.6142105263157895,1.6142105263157895,0.7011403508771931,0.7011403508771931,0.7011403508771931,0.7011403508771931,0.7011403508771931,0.7011403508771931,55.0,1.0,2.0,1.0,15.0,5.0,3.0,18.0,12.0,6.0,2.0
DED2,51.473684210526315,6.434210526315789,6.434210526315789,35.38815789473684,8.042763157894738,45.039473684210535,8.042763157894738,6.231578947368422,8.0,5.0,1.6142105263157895,1.6142105263157895,0.7011403508771931,0.7011403508771931,0.7011403508771931,0.7011403508771931,0.7011403508771931,0.7011403508771931,55.0,1.0,2.0,1.0,15.0,5.0,3.0,18.0,12.0,6.0,2.0
DED4,51.473684210526315,6.434210526315789,6.434210526315789,35.38815789473684,8.042763157894738,45.039473684210535,8.042763157894738,6.231578947368422,8.0,5.0,1.6142105263157895,1.6142105263157895,0.7011403508771931,0.7011403508771931,0.7011403508771931,0.7011403508771931,0.7011403508771931,0.7011403508771931,55.0,1.0,2.0,1.0,15.0,5.0,3.0,18.0,12.0,6.0,2.0
DED5,51.473684210526315,6.434210526315789,6.434210526315789,35.38815789473684,8.042763157894738,45.039473684210535,8.042763157894738,6.231578947368422,8.0,5.0,1.6142105263157895,1.6142105263157895,0.7011403508771931,0.7011403508771931,0.7011403508771931,0.7011403508771931,0.7011403508771931,0.7011403508771931,55.0,1.0,2.0,1.0,15.0,5.0,3.0,18.0,12.0,6.0,2.0
DEE0,173.37599999999998,21.671999999999997,21.671999999999997,119.19599999999998,27.09,151.704,27.09,24.0,8.0,5.0,1.6142105263157895,1.6142105263157895,0.7011403508771931,0.7011403508771931,0.7011403508771931,0.7011403508771931,0.7011403508771931,0.7011403508771931,55.0,1.0,2.0,1.0,15.0,5.0,3.0,18.0,12.0,6.0,2.0
DEF0,97.92,12.24,12.24,67.32000000000001,15.3,85.68,15.3,14.5,8.0,5.0,1.6142105263157895,1.6142105263157895,0.7011403508771931,0.7011403508771931,0.7011403508771931,0.7011403508771931,0.7011403508771931,0.7011403508771931,55.0,1.0,2.0,1.0,15.0,5.0,3.0,18.0,12.0,6.0,2.0
DEG0,115.104,14.388,14.388,79.134,17.985,100.71600000000001,17.985,18.9,8.0,5.0,1.6142105263157895,1.6142105263157895,0.7011403508771931,0.7011403508771931,0.7011403508771931,0.7011403508771931,0.7011403508771931,0.7011403508771931,55.0,1.0,2.0,1.0,15.0,5.0,3.0,18.0,12.0,6.0,2.0
FR10,130.98196363636364,16.372745454545456,16.372745454545456,90.0501,20.46593181818182,114.60921818181819,20.46593181818182,14.032272727272726,8.0,5.0,6.241590909090909,6.241590909090909,7.397651515151515,7.397651515151515,7.397651515151515,7.397651515151515,7.397651515151515,7.397651515151515,55.0,1.0,2.0,1.0,15.0,5.0,3.0,18.0,12.0,6.0,2.0
FRB0,375.7664,46.9708,46.9708,258.3394,58.7135,328.79560000000004,58.7135,39.69,8.0,5.0,6.241590909090909,6.241590909090909,7.397651515151515,7.397651515151515,7.397651515151515,7.397651515151515,7.397651515151515,7.397651515151515,55.0,1.0,2.0,1.0,15.0,5.0,3.0,18.0,12.0,6.0,2.0
FRC1,229.824,28.728,28.728,158.00400000000002,35.910000000000004,201.09600000000003,35.910000000000004,28.8,8.0,5.0,6.241590909090909,6.241590909090909,7.397651515151515,7.397651515151515,7.397651515151515,7.397651515151515,7.397651515151515,7.397651515151515,55.0,1.0,2.0,1.0,15.0,5.0,3.0,18.0,12.0,6.0,2.0
FRC2,130.98196363636364,16.372745454545456,16.372745454545456,90.0501,20.46593181818182,114.60921818181819,20.46593181818182,14.032272727272726,8.0,5.0,6.241590909090909,6.241590909090909,7.397651515151515,7.397651515151515,7.397651515151515,7.397651515151515,7.397651515151515,7.397651515151515,55.0,1.0,2.0,1.0,15.0,5.0,3.0,18.0,12.0,6.0,2.0
FRD1,204.368,25.546,25.546,140.503,31.9325,178.822,31.9325,18.82,8.0,5.0,6.241590909090909,6.241590909090909,7.397651515151515,7.397651515151515,7.397651515151515,7.397651515151515,7.397651515151515,7.397651515151515,55.0,1.0,2.0,1.0,15.0,5.0,3.0,18.0,12.0,6.0,2.0
FRD2,130.98196363636364,16.372745454545456,16.372745454545456,90.0501,20.46593181818182,114.60921818181819,20.46593181818182,14.032272727272726,8.0,5.0,6.241590909090909,6.241590909090909,7.397651515151515,7.397651515151515,7.397651515151515,7.397651515151515,7.397651515151515,7.397651515151515,55.0,1.0,2.0,1.0,15.0,5.0,3.0,18.0,12.0,6.0,2.0
FRE1,336.9472,42.1184,42.1184,231.65120000000002,52.648,294.82880000000006,52.648,24.28,8.0,5.0,6.241590909090909,6.241590909090909,7.397651515151515,7.397651515151515,7.397651515151515,7.397651515151515,7.397651515151515,7.397651515151515,55.0,1.0,2.0,1.0,15.0,5.0,3.0,18.0,12.0,6.0,2.0
FRE2,130.98196363636364,16.372745454545456,16.372745454545456,90.0501,20.46593181818182,114.60921818181819,20.46593181818182,14.032272727272726,8.0,5.0,6.241590909090909,6.241590909090909,7.397651515151515,7.397651515151515,7.397651515151515,7.397651515151515,7.397651515151515,7.397651515151515,55.0,1.0,2.0,1.0,15.0,5.0,3.0,18.0,12.0,6.0,2.0
FRF1,432.3136,54.0392,54.0392,297.2156,67.549,378.2744,67.549,43.61,8.0,5.0,6.241590909090909,6.241590909090909,7.397651515151515,7.397651515151515,7.397651515151515,7.397651515151515,7.397651515151515,7.397651515151515,55.0,1.0,2.0,1.0,15.0,5.0,3.0,18.0,12.0,6.0,2.0
FRF2,130.98196363636364,16.372745454545456,16.372745454545456,90.0501,20.46593181818182,114.60921818181819,20.46593181818182,14.032272727272726,8.0,5.0,6.241590909090909,6.241590909090909,7.397651515151515,7.397651515151515,7.397651515151515,7.397651515151515,7.397651515151515,7.397651515151515,55.0,1.0,2.0,1.0,15.0,5.0,3.0,18.0,12.0,6.0,2.0
FRF3,130.98196363636364,16.372745454545456,16.372745454545456,90.0501,20.46593181818182,114.60921818181819,20.46593181818182,14.032272727272726,8.0,5.0,6.241590909090909,6.241590909090909,7.397651515151515,7.397651515151515,7.397651515151515,7.397651515151515,7.397651515151515,7.397651515151515,55.0,1.0,2.0,1.0,15.0,5.0,3.0,18.0,12.0,6.0,2.0
FRG0,217.5648,27.1956,27.1956,149.5758,33.9945,190.3692,33.9945,22.08,8.0,5.0,6.241590909090909,6.241590909090909,7.397651515151515,7.397651515151515,7.397651515151515,7.397651515151515,7.397651515151515,7.397651515151515,55.0,1.0,2.0,1.0,15.0,5.0,3.0,18.0,12.0,6.0,2.0
FRH0,188.4,23.55,23.55,129.525,29.4375,164.85000000000002,29.4375,9.68,8.0,5.0,6.241590909090909,6.241590909090909,7.397651515151515,7.397651515151515,7.397651515151515,7.397651515151515,7.397651515151515,7.397651515151515,55.0,1.0,2.0,1.0,15.0,5.0,3.0,18.0,12.0,6.0,2.0
FRI1,379.84000000000003,47.480000000000004,47.480000000000004,261.14,59.35,332.36,59.35,55.43,8.0,5.0,6.241590909090909,6.241590909090909,7.397651515151515,7.397651515151515,7.397651515151515,7.397651515151515,7.397651515151515,7.397651515151515,55.0,1.0,2.0,1.0,15.0,5.0,3.0,18.0,12.0,6.0,2.0
FRI2,130.98196363636364,16.372745454545456,16.372745454545456,90.0501,20.46593181818182,114.60921818181819,20.46593181818182,14.032272727272726,8.0,5.0,6.241590909090909,6.241590909090909,7.397651515151515,7.397651515151515,7.397651515151515,7.397651515151515,7.397651515151515,7.397651515151515,55.0,1.0,2.0,1.0,15.0,5.0,3.0,18.0,12.0,6.0,2.0
FRI3,130.98196363636364,16.372745454545456,16.372745454545456,90.0501,20.46593181818182,114.60921818181819,20.46593181818182,14.032272727272726,8.0,5.0,6.241590909090909,6.241590909090909,7.397651515151515,7.397651515151515,7.397651515151515,7.397651515151515,7.397651515151515,7.397651515151515,55.0,1.0,2.0,1.0,15.0,5.0,3.0,18.0,12.0,6.0,2.0
FRJ1,218.176,27.272,27.272,149.99599999999998,34.089999999999996,190.904,34.089999999999996,38.86,8.0,5.0,6.241590909090909,6.241590909090909,7.397651515151515,7.397651515151515,7.397651515151515,7.397651515151515,7.397651515151515,7.397651515151515,55.0,1.0,2.0,1.0,15.0,5.0,3.0,18.0,12.0,6.0,2.0
FRJ2,130.98196363636364,16.372745454545456,16.372745454545456,90.0501,20.46593181818182,114.60921818181819,20.46593181818182,14.032272727272726,8.0,5.0,6.241590909090909,6.241590909090909,7.397651515151515,7.397651515151515,7.397651515151515,7.397651515151515,7.397651515151515,7.397651515151515,55.0,1.0,2.0,1.0,15.0,5.0,3.0,18.0,12.0,6.0,2.0
FRK1,162.9856,20.3732,20.3732,112.0526,25.4665,142.6124,25.4665,8.82,8.0,5.0,6.241590909090909,6.241590909090909,7.397651515151515,7.397651515151515,7.397651515151515,7.397651515151515,7.397651515151515,7.397651515151515,55.0,1.0,2.0,1.0,15.0,5.0,3.0,18.0,12.0,6.0,2.0
FRK2,130.98196363636364,16.372745454545456,16.372745454545456,90.0501,20.46593181818182,114.60921818181819,20.46593181818182,14.032272727272726,8.0,5.0,6.241590909090909,6.241590909090909,7.397651515151515,7.397651515151515,7.397651515151515,7.397651515151515,7.397651515151515,7.397651515151515,55.0,1.0,2.0,1.0,15.0,5.0,3.0,18.0,12.0,6.0,2.0
FRL0,130.98196363636364,16.372745454545456,16.372745454545456,90.0501,20.46593181818182,114.60921818181819,20.46593181818182,14.032272727272726,8.0,5.0,6.241590909090909,6.241590909090909,7.397651515151515,7.397651515151515,7.397651515151515,7.397651515151515,7.397651515151515,7.397651515151515,55.0,1.0,2.0,1.0,15.0,5.0,3.0,18.0,12.0,6.0,2.0
FRM0,0.3744,0.0468,0.0468,0.25739999999999996,0.058499999999999996,0.3276,0.058499999999999996,0.01,8.0,5.0,6.241590909090909,6.241590909090909,7.397651515151515,7.397651515151515,7.397651515151515,7.397651515151515,7.397651515151515,7.397651515151515,55.0,1.0,2.0,1.0,15.0,5.0,3.0,18.0,12.0,6.0,2.0
ITC1,111.1584,13.8948,13.8948,76.4214,17.3685,97.26360000000001,17.3685,4.18,8.0,5.0,9.18,9.18,18.695634920634923,18.695634920634923,18.695634920634923,18.695634920634923,18.695634920634923,18.695634920634923,55.0,1.0,2.0,1.0,15.0,5.0,3.0,18.0,12.0,6.0,2.0
ITC2,45.876419047619045,5.734552380952381,5.734552380952381,31.540038095238096,7.1681904761904764,40.14186666666667,7.1681904761904764,4.251428571428572,8.0,5.0,9.18,9.18,18.695634920634923,18.695634920634923,18.695634920634923,18.695634920634923,18.695634920634923,18.695634920634923,55.0,1.0,2.0,1.0,15.0,5.0,3.0,18.0,12.0,6.0,2.0
ITC3,0.11199999999999999,0.013999999999999999,0.013999999999999999,0.077,0.017499999999999998,0.098,0.017499999999999998,0.02,8.0,5.0,9.18,9.18,18.695634920634923,18.695634920634923,18.695634920634923,18.695634920634923,18.695634920634923,18.695634920634923,55.0,1.0,2.0,1.0,15.0,5.0,3.0,18.0,12.0,6.0,2.0
ITC4,103.9008,12.9876,12.9876,71.4318,16.2345,90.9132,16.2345,5.23,8.0,5.0,9.18,9.18,18.695634920634923,18.695634920634923,18.695634920634923,18.695634920634923,18.695634920634923,18.695634920634923,55.0,1.0,2.0,1.0,15.0,5.0,3.0,18.0,12.0,6.0,2.0
ITH1,45.876419047619045,5.734552380952381,5.734552380952381,31.540038095238096,7.1681904761904764,40.14186666666667,7.1681904761904764,4.251428571428572,8.0,5.0,9.18,9.18,18.695634920634923,18.695634920634923,18.695634920634923,18.695634920634923,18.695634920634923,18.695634920634923,55.0,1.0,2.0,1.0,15.0,5.0,3.0,18.0,12.0,6.0,2.0
ITH2,45.876419047619045,5.734552380952381,5.734552380952381,31.540038095238096,7.1681904761904764,40.14186666666667,7.1681904761904764,4.251428571428572,8.0,5.0,9.18,9.18,18.695634920634923,18.695634920634923,18.695634920634923,18.695634920634923,18.695634920634923,18.695634920634923,55.0,1.0,2.0,1.0,15.0,5.0,3.0,18.0,12.0,6.0,2.0
ITH3,92.7264,11.5908,11.5908,63.749399999999994,14.4885,81.1356,14.4885,2.27,8.0,5.0,9.18,9.18,18.695634920634923,18.695634920634923,18.695634920634923,18.695634920634923,18.695634920634923,18.695634920634923,55.0,1.0,2.0,1.0,15.0,5.0,3.0,18.0,12.0,6.0,2.0
ITH4,22.112,2.764,2.764,15.201999999999998,3.455,19.348,3.455,0.47,8.0,5.0,9.18,9.18,18.695634920634923,18.695634920634923,18.695634920634923,18.695634920634923,18.695634920634923,18.695634920634923,55.0,1.0,2.0,1.0,15.0,5.0,3.0,18.0,12.0,6.0,2.0
ITH5,107.2064,13.4008,13.4008,73.70439999999999,16.751,93.8056,16.751,6.63,8.0,5.0,9.18,9.18,18.695634920634923,18.695634920634923,18.695634920634923,18.695634920634923,18.695634920634923,18.695634920634923,55.0,1.0,2.0,1.0,15.0,5.0,3.0,18.0,12.0,6.0,2.0
ITI1,42.3168,5.2896,5.2896,29.0928,6.612000000000001,37.02720000000001,6.612000000000001,12.55,8.0,5.0,9.18,9.18,18.695634920634923,18.695634920634923,18.695634920634923,18.695634920634923,18.695634920634923,18.695634920634923,55.0,1.0,2.0,1.0,15.0,5.0,3.0,18.0,12.0,6.0,2.0
ITI2,26.7392,3.3424,3.3424,18.383200000000002,4.178,23.396800000000002,4.178,17.06,8.0,5.0,9.18,9.18,18.695634920634923,18.695634920634923,18.695634920634923,18.695634920634923,18.695634920634923,18.695634920634923,55.0,1.0,2.0,1.0,15.0,5.0,3.0,18.0,12.0,6.0,2.0
ITI3,41.5968,5.1996,5.1996,28.597800000000003,6.499500000000001,36.397200000000005,6.499500000000001,3.06,8.0,5.0,9.18,9.18,18.695634920634923,18.695634920634923,18.695634920634923,18.695634920634923,18.695634920634923,18.695634920634923,55.0,1.0,2.0,1.0,15.0,5.0,3.0,18.0,12.0,6.0,2.0
ITI4,26.950400000000002,3.3688000000000002,3.3688000000000002,18.5284,4.211,23.5816,4.211,2.36,8.0,5.0,9.18,9.18,18.695634920634923,18.695634920634923,18.695634920634923,18.695634920634923,18.695634920634923,18.695634920634923,55.0,1.0,2.0,1.0,15.0,5.0,3.0,18.0,12.0,6.0,2.0
ITF1,29.0752,3.6344,3.6344,19.9892,4.543,25.440800000000003,4.543,5.38,8.0,5.0,9.18,9.18,18.695634920634923,18.695634920634923,18.695634920634923,18.695634920634923,18.695634920634923,18.695634920634923,55.0,1.0,2.0,1.0,15.0,5.0,3.0,18.0,12.0,6.0,2.0
ITF2,15.728,1.966,1.966,10.813,2.4575,13.762,2.4575,2.77,8.0,5.0,9.18,9.18,18.695634920634923,18.695634920634923,18.695634920634923,18.695634920634923,18.695634920634923,18.695634920634923,55.0,1.0,2.0,1.0,15.0,5.0,3.0,18.0,12.0,6.0,2.0
ITF3,33.6352,4.2044,4.2044,23.1242,5.2555000000000005,29.4308,5.2555000000000005,3.34,8.0,5.0,9.18,9.18,18.695634920634923,18.695634920634923,18.695634920634923,18.695634920634923,18.695634920634923,18.695634920634923,55.0,1.0,2.0,1.0,15.0,5.0,3.0,18.0,12.0,6.0,2.0
ITF4,129.84,16.23,16.23,89.265,20.2875,113.61000000000001,20.2875,9.81,8.0,5.0,9.18,9.18,18.695634920634923,18.695634920634923,18.695634920634923,18.695634920634923,18.695634920634923,18.695634920634923,55.0,1.0,2.0,1.0,15.0,5.0,3.0,18.0,12.0,6.0,2.0
ITF5,50.870400000000004,6.3588000000000005,6.3588000000000005,34.9734,7.9485,44.5116,7.9485,1.17,8.0,5.0,9.18,9.18,18.695634920634923,18.695634920634923,18.695634920634923,18.695634920634923,18.695634920634923,18.695634920634923,55.0,1.0,2.0,1.0,15.0,5.0,3.0,18.0,12.0,6.0,2.0
ITF6,19.948800000000002,2.4936000000000003,2.4936000000000003,13.7148,3.1170000000000004,17.4552,3.1170000000000004,1.76,8.0,5.0,9.18,9.18,18.695634920634923,18.695634920634923,18.695634920634923,18.695634920634923,18.695634920634923,18.695634920634923,55.0,1.0,2.0,1.0,15.0,5.0,3.0,18.0,12.0,6.0,2.0
ITG1,89.9872,11.2484,11.2484,61.8662,14.0605,78.7388,14.0605,6.54,8.0,5.0,9.18,9.18,18.695634920634923,18.695634920634923,18.695634920634923,18.695634920634923,18.695634920634923,18.695634920634923,55.0,1.0,2.0,1.0,15.0,5.0,3.0,18.0,12.0,6.0,2.0
ITG2,19.2832,2.4104,2.4104,13.2572,3.013,16.8728,3.013,4.71,8.0,5.0,9.18,9.18,18.695634920634923,18.695634920634923,18.695634920634923,18.695634920634923,18.695634920634923,18.695634920634923,55.0,1.0,2.0,1.0,15.0,5.0,3.0,18.0,12.0,6.0,2.0
ES11,10.8608,1.3576,1.3576,7.466799999999999,1.697,9.5032,1.697,1.93,8.0,5.0,9.655263157894737,9.655263157894737,41.09131578947368,41.09131578947368,41.09131578947368,41.09131578947368,41.09131578947368,41.09131578947368,55.0,1.0,2.0,1.0,15.0,5.0,3.0,18.0,12.0,6.0,2.0
ES12,0.1632,0.0204,0.0204,0.11220000000000001,0.025500000000000002,0.1428,0.025500000000000002,1.03,8.0,5.0,9.655263157894737,9.655263157894737,41.09131578947368,41.09131578947368,41.09131578947368,41.09131578947368,41.09131578947368,41.09131578947368,55.0,1.0,2.0,1.0,15.0,5.0,3.0,18.0,12.0,6.0,2.0
ES13,0.3104,0.0388,0.0388,0.2134,0.0485,0.2716,0.0485,0.0,8.0,5.0,9.655263157894737,9.655263157894737,41.09131578947368,41.09131578947368,41.09131578947368,41.09131578947368,41.09131578947368,41.09131578947368,55.0,1.0,2.0,1.0,15.0,5.0,3.0,18.0,12.0,6.0,2.0
ES21,13.4848,1.6856,1.6856,9.2708,2.107,11.7992,2.107,1.83,8.0,5.0,9.655263157894737,9.655263157894737,41.09131578947368,41.09131578947368,41.09131578947368,41.09131578947368,41.09131578947368,41.09131578947368,55.0,1.0,2.0,1.0,15.0,5.0,3.0,18.0,12.0,6.0,2.0
ES22,59.28,7.41,7.41,40.755,9.262500000000001,51.870000000000005,9.262500000000001,4.26,8.0,5.0,9.655263157894737,9.655263157894737,41.09131578947368,41.09131578947368,41.09131578947368,41.09131578947368,41.09131578947368,41.09131578947368,55.0,1.0,2.0,1.0,15.0,5.0,3.0,18.0,12.0,6.0,2.0
ES23,15.120000000000001,1.8900000000000001,1.8900000000000001,10.395,2.3625000000000003,13.23,2.3625000000000003,1.02,8.0,5.0,9.655263157894737,9.655263157894737,41.09131578947368,41.09131578947368,41.09131578947368,41.09131578947368,41.09131578947368,41.09131578947368,55.0,1.0,2.0,1.0,15.0,5.0,3.0,18.0,12.0,6.0,2.0
ES24,281.1744,35.1468,35.1468,193.3074,43.9335,246.0276,43.9335,21.85,8.0,5.0,9.655263157894737,9.655263157894737,41.09131578947368,41.09131578947368,41.09131578947368,41.09131578947368,41.09131578947368,41.09131578947368,55.0,1.0,2.0,1.0,15.0,5.0,3.0,18.0,12.0,6.0,2.0
ES30,27.84,3.48,3.48,19.14,4.3500000000000005,24.360000000000003,4.3500000000000005,7.7,8.0,5.0,9.655263157894737,9.655263157894737,41.09131578947368,41.09131578947368,41.09131578947368,41.09131578947368,41.09131578947368,41.09131578947368,55.0,1.0,2.0,1.0,15.0,5.0,3.0,18.0,12.0,6.0,2.0
ES41,618.9568,77.3696,77.3696,425.5328,96.712,541.5872,96.712,114.07,8.0,5.0,9.655263157894737,9.655263157894737,41.09131578947368,41.09131578947368,41.09131578947368,41.09131578947368,41.09131578947368,41.09131578947368,55.0,1.0,2.0,1.0,15.0,5.0,3.0,18.0,12.0,6.0,2.0
ES42,421.8944,52.7368,52.7368,290.05240000000003,65.921,369.15760000000006,65.921,135.14,8.0,5.0,9.655263157894737,9.655263157894737,41.09131578947368,41.09131578947368,41.09131578947368,41.09131578947368,41.09131578947368,41.09131578947368,55.0,1.0,2.0,1.0,15.0,5.0,3.0,18.0,12.0,6.0,2.0
ES43,71.0528,8.8816,8.8816,48.8488,11.102,62.171200000000006,11.102,10.48,8.0,5.0,9.655263157894737,9.655263157894737,41.09131578947368,41.09131578947368,41.09131578947368,41.09131578947368,41.09131578947368,41.09131578947368,55.0,1.0,2.0,1.0,15.0,5.0,3.0,18.0,12.0,6.0,2.0
ES51,108.37440000000001,13.546800000000001,13.546800000000001,74.5074,16.933500000000002,94.82760000000002,16.933500000000002,8.0,8.0,5.0,9.655263157894737,9.655263157894737,41.09131578947368,41.09131578947368,41.09131578947368,41.09131578947368,41.09131578947368,41.09131578947368,55.0,1.0,2.0,1.0,15.0,5.0,3.0,18.0,12.0,6.0,2.0
ES52,12.9408,1.6176,1.6176,8.896799999999999,2.022,11.3232,2.022,1.37,8.0,5.0,9.655263157894737,9.655263157894737,41.09131578947368,41.09131578947368,41.09131578947368,41.09131578947368,41.09131578947368,41.09131578947368,55.0,1.0,2.0,1.0,15.0,5.0,3.0,18.0,12.0,6.0,2.0
ES53,12.2336,1.5292,1.5292,8.410599999999999,1.9115,10.7044,1.9115,2.31,8.0,5.0,9.655263157894737,9.655263157894737,41.09131578947368,41.09131578947368,41.09131578947368,41.09131578947368,41.09131578947368,41.09131578947368,55.0,1.0,2.0,1.0,15.0,5.0,3.0,18.0,12.0,6.0,2.0
ES61,197.39200000000002,24.674000000000003,24.674000000000003,135.707,30.8425,172.71800000000002,30.8425,49.99,8.0,5.0,9.655263157894737,9.655263157894737,41.09131578947368,41.09131578947368,41.09131578947368,41.09131578947368,41.09131578947368,41.09131578947368,55.0,1.0,2.0,1.0,15.0,5.0,3.0,18.0,12.0,6.0,2.0
ES62,15.0272,1.8784,1.8784,10.3312,2.3480000000000003,13.148800000000001,2.3480000000000003,0.49,8.0,5.0,9.655263157894737,9.655263157894737,41.09131578947368,41.09131578947368,41.09131578947368,41.09131578947368,41.09131578947368,41.09131578947368,55.0,1.0,2.0,1.0,15.0,5.0,3.0,18.0,12.0,6.0,2.0
ES63,98.23983157894736,12.27997894736842,12.27997894736842,67.53988421052631,15.349973684210525,85.95985263157895,15.349973684210525,19.040526315789474,8.0,5.0,9.655263157894737,9.655263157894737,41.09131578947368,41.09131578947368,41.09131578947368,41.09131578947368,41.09131578947368,41.09131578947368,55.0,1.0,2.0,1.0,15.0,5.0,3.0,18.0,12.0,6.0,2.0
ES64,98.23983157894736,12.27997894736842,12.27997894736842,67.53988421052631,15.349973684210525,85.95985263157895,15.349973684210525,19.040526315789474,8.0,5.0,9.655263157894737,9.655263157894737,41.09131578947368,41.09131578947368,41.09131578947368,41.09131578947368,41.09131578947368,41.09131578947368,55.0,1.0,2.0,1.0,15.0,5.0,3.0,18.0,12.0,6.0,2.0
ES70,0.4608,0.0576,0.0576,0.31679999999999997,0.072,0.4032,0.072,0.32,8.0,5.0,9.655263157894737,9.655263157894737,41.09131578947368,41.09131578947368,41.09131578947368,41.09131578947368,41.09131578947368,41.09131578947368,55.0,1.0,2.0,1.0,15.0,5.0,3.0,18.0,12.0,6.0,2.0
PL21,62.912,7.864,7.864,43.252,9.83,55.048,9.83,6.87,8.0,5.0,3.8095238095238093,3.8095238095238093,2.5500000000000003,2.5500000000000003,2.5500000000000003,2.5500000000000003,2.5500000000000003,2.5500000000000003,55.0,1.0,2.0,1.0,15.0,5.0,3.0,18.0,12.0,6.0,2.0
PL22,60.8224,7.6028,7.6028,41.8154,9.5035,53.2196,9.5035,7.23,8.0,5.0,3.8095238095238093,3.8095238095238093,2.5500000000000003,2.5500000000000003,2.5500000000000003,2.5500000000000003,2.5500000000000003,2.5500000000000003,55.0,1.0,2.0,1.0,15.0,5.0,3.0,18.0,12.0,6.0,2.0
PL31,109.66719999999998,13.708399999999997,13.708399999999997,75.39619999999998,17.135499999999997,95.95879999999998,17.135499999999997,19.077142857142857,8.0,5.0,3.8095238095238093,3.8095238095238093,2.5500000000000003,2.5500000000000003,2.5500000000000003,2.5500000000000003,2.5500000000000003,2.5500000000000003,55.0,1.0,2.0,1.0,15.0,5.0,3.0,18.0,12.0,6.0,2.0
PL32,109.66719999999998,13.708399999999997,13.708399999999997,75.39619999999998,17.135499999999997,95.95879999999998,17.135499999999997,19.077142857142857,8.0,5.0,3.8095238095238093,3.8095238095238093,2.5500000000000003,2.5500000000000003,2.5500000000000003,2.5500000000000003,2.5500000000000003,2.5500000000000003,55.0,1.0,2.0,1.0,15.0,5.0,3.0,18.0,12.0,6.0,2.0
PL33,109.66719999999998,13.708399999999997,13.708399999999997,75.39619999999998,17.135499999999997,95.95879999999998,17.135499999999997,19.077142857142857,8.0,5.0,3.8095238095238093,3.8095238095238093,2.5500000000000003,2.5500000000000003,2.5500000000000003,2.5500000000000003,2.5500000000000003,2.5500000000000003,55.0,1.0,2.0,1.0,15.0,5.0,3.0,18.0,12.0,6.0,2.0
PL34,109.66719999999998,13.708399999999997,13.708399999999997,75.39619999999998,17.135499999999997,95.95879999999998,17.135499999999997,19.077142857142857,8.0,5.0,3.8095238095238093,3.8095238095238093,2.5500000000000003,2.5500000000000003,2.5500000000000003,2.5500000000000003,2.5500000000000003,2.5500000000000003,55.0,1.0,2.0,1.0,15.0,5.0,3.0,18.0,12.0,6.0,2.0
PL41,310.9248,38.8656,38.8656,213.7608,48.582,272.05920000000003,48.582,43.77,8.0,5.0,3.8095238095238093,3.8095238095238093,2.5500000000000003,2.5500000000000003,2.5500000000000003,2.5500000000000003,2.5500000000000003,2.5500000000000003,55.0,1.0,2.0,1.0,15.0,5.0,3.0,18.0,12.0,6.0,2.0
PL42,139.5872,17.4484,17.4484,95.9662,21.8105,122.1388,21.8105,57.32,8.0,5.0,3.8095238095238093,3.8095238095238093,2.5500000000000003,2.5500000000000003,2.5500000000000003,2.5500000000000003,2.5500000000000003,2.5500000000000003,55.0,1.0,2.0,1.0,15.0,5.0,3.0,18.0,12.0,6.0,2.0
PL43,63.843199999999996,7.9803999999999995,7.9803999999999995,43.892199999999995,9.9755,55.8628,9.9755,24.05,8.0,5.0,3.8095238095238093,3.8095238095238093,2.5500000000000003,2.5500000000000003,2.5500000000000003,2.5500000000000003,2.5500000000000003,2.5500000000000003,55.0,1.0,2.0,1.0,15.0,5.0,3.0,18.0,12.0,6.0,2.0
PL51,164.46400000000003,20.558000000000003,20.558000000000003,113.06900000000002,25.697500000000005,143.90600000000003,25.697500000000005,13.54,8.0,5.0,3.8095238095238093,3.8095238095238093,2.5500000000000003,2.5500000000000003,2.5500000000000003,2.5500000000000003,2.5500000000000003,2.5500000000000003,55.0,1.0,2.0,1.0,15.0,5.0,3.0,18.0,12.0,6.0,2.0
PL52,104.176,13.022,13.022,71.62100000000001,16.2775,91.15400000000001,16.2775,6.39,8.0,5.0,3.8095238095238093,3.8095238095238093,2.5500000000000003,2.5500000000000003,2.5500000000000003,2.5500000000000003,2.5500000000000003,2.5500000000000003,55.0,1.0,2.0,1.0,15.0,5.0,3.0,18.0,12.0,6.0,2.0
PL61,109.66719999999998,13.708399999999997,13.708399999999997,75.39619999999998,17.135499999999997,95.95879999999998,17.135499999999997,19.077142857142857,8.0,5.0,3.8095238095238093,3.8095238095238093,2.5500000000000003,2.5500000000000003,2.5500000000000003,2.5500000000000003,2.5500000000000003,2.5500000000000003,55.0,1.0,2.0,1.0,15.0,5.0,3.0,18.0,12.0,6.0,2.0
PL62,109.66719999999998,13.708399999999997,13.708399999999997,75.39619999999998,17.135499999999997,95.95879999999998,17.135499999999997,19.077142857142857,8.0,5.0,3.8095238095238093,3.8095238095238093,2.5500000000000003,2.5500000000000003,2.5500000000000003,2.5500000000000003,2.5500000000000003,2.5500000000000003,55.0,1.0,2.0,1.0,15.0,5.0,3.0,18.0,12.0,6.0,2.0
PL63,117.7216,14.7152,14.7152,80.9336,18.394000000000002,103.00640000000001,18.394000000000002,42.19,8.0,5.0,3.8095238095238093,3.8095238095238093,2.5500000000000003,2.5500000000000003,2.5500000000000003,2.5500000000000003,2.5500000000000003,2.5500000000000003,55.0,1.0,2.0,1.0,15.0,5.0,3.0,18.0,12.0,6.0,2.0
PL71,179.7216,22.4652,22.4652,123.5586,28.081500000000002,157.2564,28.081500000000002,22.24,8.0,5.0,3.8095238095238093,3.8095238095238093,2.5500000000000003,2.5500000000000003,2.5500000000000003,2.5500000000000003,2.5500000000000003,2.5500000000000003,55.0,1.0,2.0,1.0,15.0,5.0,3.0,18.0,12.0,6.0,2.0
PL72,74.58239999999999,9.322799999999999,9.322799999999999,51.2754,11.653500000000001,65.2596,11.653500000000001,14.78,8.0,5.0,3.8095238095238093,3.8095238095238093,2.5500000000000003,2.5500000000000003,2.5500000000000003,2.5500000000000003,2.5500000000000003,2.5500000000000003,55.0,1.0,2.0,1.0,15.0,5.0,3.0,18.0,12.0,6.0,2.0
PL81,229.59040000000002,28.698800000000002,28.698800000000002,157.8434,35.8735,200.89160000000004,35.8735,56.42,8.0,5.0,3.8095238095238093,3.8095238095238093,2.5500000000000003,2.5500000000000003,2.5500000000000003,2.5500000000000003,2.5500000000000003,2.5500000000000003,55.0,1.0,2.0,1.0,15.0,5.0,3.0,18.0,12.0,6.0,2.0
PL82,73.9648,9.2456,9.2456,50.8508,11.557,64.7192,11.557,12.64,8.0,5.0,3.8095238095238093,3.8095238095238093,2.5500000000000003,2.5500000000000003,2.5500000000000003,2.5500000000000003,2.5500000000000003,2.5500000000000003,55.0,1.0,2.0,1.0,15.0,5.0,3.0,18.0,12.0,6.0,2.0
PL84,132.2528,16.5316,16.5316,90.9238,20.664500000000004,115.72120000000001,20.664500000000004,12.28,8.0,5.0,3.8095238095238093,3.8095238095238093,2.5500000000000003,2.5500000000000003,2.5500000000000003,2.5500000000000003,2.5500000000000003,2.5500000000000003,55.0,1.0,2.0,1.0,15.0,5.0,3.0,18.0,12.0,6.0,2.0
PL91,109.66719999999998,13.708399999999997,13.708399999999997,75.39619999999998,17.135499999999997,95.95879999999998,17.135499999999997,19.077142857142857,8.0,5.0,3.8095238095238093,3.8095238095238093,2.5500000000000003,2.5500000000000003,2.5500000000000003,2.5500000000000003,2.5500000000000003,2.5500000000000003,55.0,1.0,2.0,1.0,15.0,5.0,3.0,18.0,12.0,6.0,2.0
PL92,109.66719999999998,13.708399999999997,13.708399999999997,75.39619999999998,17.135499999999997,95.95879999999998,17.135499999999997,19.077142857142857,8.0,5.0,3.8095238095238093,3.8095238095238093,2.5500000000000003,2.5500000000000003,2.5500000000000003,2.5500000000000003,2.5500000000000003,2.5500000000000003,55.0,1.0,2.0,1.0,15.0,5.0,3.0,18.0,12.0,6.0,2.0
NL11,11.616,1.452,1.452,7.986,1.815,10.164,1.815,0.4,8.0,5.0,3.8683333333333336,3.8683333333333336,0.2611111111111111,0.2611111111111111,0.2611111111111111,0.2611111111111111,0.2611111111111111,0.2611111111111111,55.0,1.0,2.0,1.0,15.0,5.0,3.0,18.0,12.0,6.0,2.0
NL12,2.3040000000000003,0.28800000000000003,0.28800000000000003,1.584,0.36000000000000004,2.0160000000000005,0.36000000000000004,0.1,8.0,5.0,3.8683333333333336,3.8683333333333336,0.2611111111111111,0.2611111111111111,0.2611111111111111,0.2611111111111111,0.2611111111111111,0.2611111111111111,55.0,1.0,2.0,1.0,15.0,5.0,3.0,18.0,12.0,6.0,2.0
NL13,4.32,0.54,0.54,2.97,0.675,3.7800000000000002,0.675,0.2,8.0,5.0,3.8683333333333336,3.8683333333333336,0.2611111111111111,0.2611111111111111,0.2611111111111111,0.2611111111111111,0.2611111111111111,0.2611111111111111,55.0,1.0,2.0,1.0,15.0,5.0,3.0,18.0,12.0,6.0,2.0
NL21,2.048,0.256,0.256,1.4080000000000001,0.32000000000000006,1.7920000000000003,0.32000000000000006,0.1,8.0,5.0,3.8683333333333336,3.8683333333333336,0.2611111111111111,0.2611111111111111,0.2611111111111111,0.2611111111111111,0.2611111111111111,0.2611111111111111,55.0,1.0,2.0,1.0,15.0,5.0,3.0,18.0,12.0,6.0,2.0
NL22,4.128,0.516,0.516,2.838,0.645,3.6120000000000005,0.645,0.2,8.0,5.0,3.8683333333333336,3.8683333333333336,0.2611111111111111,0.2611111111111111,0.2611111111111111,0.2611111111111111,0.2611111111111111,0.2611111111111111,55.0,1.0,2.0,1.0,15.0,5.0,3.0,18.0,12.0,6.0,2.0
NL23,4.768,0.596,0.596,3.278,0.7450000000000001,4.172000000000001,0.7450000000000001,0.2,8.0,5.0,3.8683333333333336,3.8683333333333336,0.2611111111111111,0.2611111111111111,0.2611111111111111,0.2611111111111111,0.2611111111111111,0.2611111111111111,55.0,1.0,2.0,1.0,15.0,5.0,3.0,18.0,12.0,6.0,2.0
NL31,4.944000000000001,0.6180000000000001,0.6180000000000001,3.3990000000000005,0.7725000000000001,4.3260000000000005,0.7725000000000001,0.35833333333333334,8.0,5.0,3.8683333333333336,3.8683333333333336,0.2611111111111111,0.2611111111111111,0.2611111111111111,0.2611111111111111,0.2611111111111111,0.2611111111111111,55.0,1.0,2.0,1.0,15.0,5.0,3.0,18.0,12.0,6.0,2.0
NL32,3.248,0.406,0.406,2.233,0.5075000000000001,2.8420000000000005,0.5075000000000001,0.2,8.0,5.0,3.8683333333333336,3.8683333333333336,0.2611111111111111,0.2611111111111111,0.2611111111111111,0.2611111111111111,0.2611111111111111,0.2611111111111111,55.0,1.0,2.0,1.0,15.0,5.0,3.0,18.0,12.0,6.0,2.0
NL33,4.944000000000001,0.6180000000000001,0.6180000000000001,3.3990000000000005,0.7725000000000001,4.3260000000000005,0.7725000000000001,0.35833333333333334,8.0,5.0,3.8683333333333336,3.8683333333333336,0.2611111111111111,0.2611111111111111,0.2611111111111111,0.2611111111111111,0.2611111111111111,0.2611111111111111,55.0,1.0,2.0,1.0,15.0,5.0,3.0,18.0,12.0,6.0,2.0
NL34,10.432,1.304,1.304,7.172000000000001,1.6300000000000001,9.128000000000002,1.6300000000000001,1.8,8.0,5.0,3.8683333333333336,3.8683333333333336,0.2611111111111111,0.2611111111111111,0.2611111111111111,0.2611111111111111,0.2611111111111111,0.2611111111111111,55.0,1.0,2.0,1.0,15.0,5.0,3.0,18.0,12.0,6.0,2.0
NL41,7.36,0.92,0.92,5.06,1.1500000000000001,6.44,1.1500000000000001,0.5,8.0,5.0,3.8683333333333336,3.8683333333333336,0.2611111111111111,0.2611111111111111,0.2611111111111111,0.2611111111111111,0.2611111111111111,0.2611111111111111,55.0,1.0,2.0,1.0,15.0,5.0,3.0,18.0,12.0,6.0,2.0
NL42,4.736000000000001,0.5920000000000001,0.5920000000000001,3.2560000000000002,0.7400000000000001,4.144000000000001,0.7400000000000001,0.2,8.0,5.0,3.8683333333333336,3.8683333333333336,0.2611111111111111,0.2611111111111111,0.2611111111111111,0.2611111111111111,0.2611111111111111,0.2611111111111111,55.0,1.0,2.0,1.0,15.0,5.0,3.0,18.0,12.0,6.0,2.0
BE10,0.3232,0.0404,0.0404,0.2222,0.0505,0.28280000000000005,0.0505,0.11,8.0,5.0,2.9268181818181818,2.9268181818181818,0.2772727272727273,0.2772727272727273,0.2772727272727273,0.2772727272727273,0.2772727272727273,0.2772727272727273,55.0,1.0,2.0,1.0,15.0,5.0,3.0,18.0,12.0,6.0,2.0
BE21,2.736,0.342,0.342,1.8810000000000002,0.42750000000000005,2.3940000000000006,0.42750000000000005,0.33,8.0,5.0,2.9268181818181818,2.9268181818181818,0.2772727272727273,0.2772727272727273,0.2772727272727273,0.2772727272727273,0.2772727272727273,0.2772727272727273,55.0,1.0,2.0,1.0,15.0,5.0,3.0,18.0,12.0,6.0,2.0
BE22,6.2976,0.7872,0.7872,4.3296,0.984,5.510400000000001,0.984,0.2,8.0,5.0,2.9268181818181818,2.9268181818181818,0.2772727272727273,0.2772727272727273,0.2772727272727273,0.2772727272727273,0.2772727272727273,0.2772727272727273,55.0,1.0,2.0,1.0,15.0,5.0,3.0,18.0,12.0,6.0,2.0
BE23,9.945599999999999,1.2431999999999999,1.2431999999999999,6.837599999999999,1.554,8.7024,1.554,0.57,8.0,5.0,2.9268181818181818,2.9268181818181818,0.2772727272727273,0.2772727272727273,0.2772727272727273,0.2772727272727273,0.2772727272727273,0.2772727272727273,55.0,1.0,2.0,1.0,15.0,5.0,3.0,18.0,12.0,6.0,2.0
BE24,10.540799999999999,1.3175999999999999,1.3175999999999999,7.2467999999999995,1.647,9.2232,1.647,0.14,8.0,5.0,2.9268181818181818,2.9268181818181818,0.2772727272727273,0.2772727272727273,0.2772727272727273,0.2772727272727273,0.2772727272727273,0.2772727272727273,55.0,1.0,2.0,1.0,15.0,5.0,3.0,18.0,12.0,6.0,2.0
BE25,13.504000000000001,1.6880000000000002,1.6880000000000002,9.284,2.1100000000000003,11.816000000000003,2.1100000000000003,0.63,8.0,5.0,2.9268181818181818,2.9268181818181818,0.2772727272727273,0.2772727272727273,0.2772727272727273,0.2772727272727273,0.2772727272727273,0.2772727272727273,55.0,1.0,2.0,1.0,15.0,5.0,3.0,18.0,12.0,6.0,2.0
BE31,8.4512,1.0564,1.0564,5.8102,1.3205,7.394800000000001,1.3205,0.56,8.0,5.0,2.9268181818181818,2.9268181818181818,0.2772727272727273,0.2772727272727273,0.2772727272727273,0.2772727272727273,0.2772727272727273,0.2772727272727273,55.0,1.0,2.0,1.0,15.0,5.0,3.0,18.0,12.0,6.0,2.0
BE32,22.6752,2.8344,2.8344,15.5892,3.543,19.8408,3.543,1.93,8.0,5.0,2.9268181818181818,2.9268181818181818,0.2772727272727273,0.2772727272727273,0.2772727272727273,0.2772727272727273,0.2772727272727273,0.2772727272727273,55.0,1.0,2.0,1.0,15.0,5.0,3.0,18.0,12.0,6.0,2.0
BE33,9.6384,1.2048,1.2048,6.6264,1.5060000000000002,8.4336,1.5060000000000002,1.07,8.0,5.0,2.9268181818181818,2.9268181818181818,0.2772727272727273,0.2772727272727273,0.2772727272727273,0.2772727272727273,0.2772727272727273,0.2772727272727273,55.0,1.0,2.0,1.0,15.0,5.0,3.0,18.0,12.0,6.0,2.0
BE34,3.9968000000000004,0.49960000000000004,0.49960000000000004,2.7478000000000002,0.6245,3.4972000000000003,0.6245,3.26,8.0,5.0,2.9268181818181818,2.9268181818181818,0.2772727272727273,0.2772727272727273,0.2772727272727273,0.2772727272727273,0.2772727272727273,0.2772727272727273,55.0,1.0,2.0,1.0,15.0,5.0,3.0,18.0,12.0,6.0,2.0
BE35,15.276800000000001,1.9096000000000002,1.9096000000000002,10.5028,2.387,13.367200000000002,2.387,2.5,8.0,5.0,2.9268181818181818,2.9268181818181818,0.2772727272727273,0.2772727272727273,0.2772727272727273,0.2772727272727273,0.2772727272727273,0.2772727272727273,55.0,1.0,2.0,1.0,15.0,5.0,3.0,18.0,12.0,6.0,2.0
DK01,14.975999999999999,1.8719999999999999,1.8719999999999999,10.296,2.34,13.104000000000001,2.34,1.2,8.0,5.0,1.166,1.166,0.12333333333333334,0.12333333333333334,0.12333333333333334,0.12333333333333334,0.12333333333333334,0.12333333333333334,55.0,1.0,2.0,1.0,15.0,5.0,3.0,18.0,12.0,6.0,2.0
DK02,81.05600000000001,10.132000000000001,10.132000000000001,55.726000000000006,12.665000000000001,70.924,12.665000000000001,6.3,8.0,5.0,1.166,1.166,0.12333333333333334,0.12333333333333334,0.12333333333333334,0.12333333333333334,0.12333333333333334,0.12333333333333334,55.0,1.0,2.0,1.0,15.0,5.0,3.0,18.0,12.0,6.0,2.0
DK03,120.19200000000001,15.024000000000001,15.024000000000001,82.632,18.78,105.16800000000002,18.78,13.4,8.0,5.0,1.166,1.166,0.12333333333333334,0.12333333333333334,0.12333333333333334,0.12333333333333334,0.12333333333333334,0.12333333333333334,55.0,1.0,2.0,1.0,15.0,5.0,3.0,18.0,12.0,6.0,2.0
DK04,128.96,16.12,16.12,88.66,20.150000000000002,112.84000000000002,20.150000000000002,12.2,8.0,5.0,1.166,1.166,0.12333333333333334,0.12333333333333334,0.12333333333333334,0.12333333333333334,0.12333333333333334,0.12333333333333334,55.0,1.0,2.0,1.0,15.0,5.0,3.0,18.0,12.0,6.0,2.0
DK05,73.05600000000001,9.132000000000001,9.132000000000001,50.226000000000006,11.415000000000001,63.92400000000001,11.415000000000001,5.9,8.0,5.0,1.166,1.166,0.12333333333333334,0.12333333333333334,0.12333333333333334,0.12333333333333334,0.12333333333333334,0.12333333333333334,55.0,1.0,2.0,1.0,15.0,5.0,3.0,18.0,12.0,6.0,2.0
SE11,8.847999999999999,1.1059999999999999,1.1059999999999999,6.082999999999999,1.3825,7.742,1.3825,1.57,8.0,5.0,1.001875,1.001875,0.04729166666666667,0.04729166666666667,0.04729166666666667,0.04729166666666667,0.04729166666666667,0.04729166666666667,55.0,1.0,2.0,1.0,15.0,5.0,3.0,18.0,12.0,6.0,2.0
SE12,104.0544,13.0068,13.0068,71.5374,16.2585,91.04760000000002,16.2585,20.44,8.0,5.0,1.001875,1.001875,0.04729166666666667,0.04729166666666667,0.04729166666666667,0.04729166666666667,0.04729166666666667,0.04729166666666667,55.0,1.0,2.0,1.0,15.0,5.0,3.0,18.0,12.0,6.0,2.0
SE21,26.4896,3.3112,3.3112,18.2116,4.139,23.178400000000003,4.139,4.36,8.0,5.0,1.001875,1.001875,0.04729166666666667,0.04729166666666667,0.04729166666666667,0.04729166666666667,0.04729166666666667,0.04729166666666667,55.0,1.0,2.0,1.0,15.0,5.0,3.0,18.0,12.0,6.0,2.0
SE22,64.6624,8.0828,8.0828,44.4554,10.1035,56.579600000000006,10.1035,4.91,8.0,5.0,1.001875,1.001875,0.04729166666666667,0.04729166666666667,0.04729166666666667,0.04729166666666667,0.04729166666666667,0.04729166666666667,55.0,1.0,2.0,1.0,15.0,5.0,3.0,18.0,12.0,6.0,2.0
SE23,75.5488,9.4436,9.4436,51.9398,11.8045,66.10520000000001,11.8045,12.63,8.0,5.0,1.001875,1.001875,0.04729166666666667,0.04729166666666667,0.04729166666666667,0.04729166666666667,0.04729166666666667,0.04729166666666667,55.0,1.0,2.0,1.0,15.0,5.0,3.0,18.0,12.0,6.0,2.0
SE31,20.096,2.512,2.512,13.815999999999999,3.14,17.584,3.14,2.54,8.0,5.0,1.001875,1.001875,0.04729166666666667,0.04729166666666667,0.04729166666666667,0.04729166666666667,0.04729166666666667,0.04729166666666667,55.0,1.0,2.0,1.0,15.0,5.0,3.0,18.0,12.0,6.0,2.0
SE32,1.8368000000000002,0.22960000000000003,0.22960000000000003,1.2628000000000001,0.28700000000000003,1.6072000000000002,0.28700000000000003,0.0,8.0,5.0,1.001875,1.001875,0.04729166666666667,0.04729166666666667,0.04729166666666667,0.04729166666666667,0.04729166666666667,0.04729166666666667,55.0,1.0,2.0,1.0,15.0,5.0,3.0,18.0,12.0,6.0,2.0
SE33,3.5744000000000002,0.44680000000000003,0.44680000000000003,2.4574,0.5585,3.1276,0.5585,0.0,8.0,5.0,1.001875,1.001875,0.04729166666666667,0.04729166666666667,0.04729166666666667,0.04729166666666667,0.04729166666666667,0.04729166666666667,55.0,1.0,2.0,1.0,15.0,5.0,3.0,18.0,12.0,6.0,2.0
FI19,60.943999999999996,7.617999999999999,7.617999999999999,41.899,9.522499999999999,53.326,9.522499999999999,8.112,8.0,5.0,1.1039999999999999,1.1039999999999999,0.09033333333333333,0.09033333333333333,0.09033333333333333,0.09033333333333333,0.09033333333333333,0.09033333333333333,55.0,1.0,2.0,1.0,15.0,5.0,3.0,18.0,12.0,6.0,2.0
FI1B,29.76,3.72,3.72,20.46,4.65,26.040000000000003,4.65,6.1,8.0,5.0,1.1039999999999999,1.1039999999999999,0.09033333333333333,0.09033333333333333,0.09033333333333333,0.09033333333333333,0.09033333333333333,0.09033333333333333,55.0,1.0,2.0,1.0,15.0,5.0,3.0,18.0,12.0,6.0,2.0
FI1C,109.47200000000001,13.684000000000001,13.684000000000001,75.262,17.105,95.78800000000001,17.105,19.3,8.0,5.0,1.1039999999999999,1.1039999999999999,0.09033333333333333,0.09033333333333333,0.09033333333333333,0.09033333333333333,0.09033333333333333,0.09033333333333333,55.0,1.0,2.0,1.0,15.0,5.0,3.0,18.0,12.0,6.0,2.0
FI1D,118.048,14.756,14.756,81.158,18.445,103.292,18.445,12.4,8.0,5.0,1.1039999999999999,1.1039999999999999,0.09033333333333333,0.09033333333333333,0.09033333333333333,0.09033333333333333,0.09033333333333333,0.09033333333333333,55.0,1.0,2.0,1.0,15.0,5.0,3.0,18.0,12.0,6.0,2.0
FI20,1.3119999999999998,0.16399999999999998,0.16399999999999998,0.9019999999999999,0.205,1.148,0.205,0.1,8.0,5.0,1.1039999999999999,1.1039999999999999,0.09033333333333333,0.09033333333333333,0.09033333333333333,0.09033333333333333,0.09033333333333333,0.09033333333333333,55.0,1.0,2.0,1.0,15.0,5.0,3.0,18.0,12.0,6.0,2.0
AT11,26.84266666666667,3.3553333333333337,3.3553333333333337,18.454333333333334,4.194166666666667,23.48733333333334,4.194166666666667,2.1033333333333335,8.0,5.0,1.0266666666666666,1.0266666666666666,0.9903703703703702,0.9903703703703702,0.9903703703703702,0.9903703703703702,0.9903703703703702,0.9903703703703702,55.0,1.0,2.0,1.0,15.0,5.0,3.0,18.0,12.0,6.0,2.0
AT12,125.5008,15.6876,15.6876,86.2818,19.6095,109.81320000000001,19.6095,11.89,8.0,5.0,1.0266666666666666,1.0266666666666666,0.9903703703703702,0.9903703703703702,0.9903703703703702,0.9903703703703702,0.9903703703703702,0.9903703703703702,55.0,1.0,2.0,1.0,15.0,5.0,3.0,18.0,12.0,6.0,2.0
AT13,0.6272,0.0784,0.0784,0.43119999999999997,0.098,0.5488000000000001,0.098,0.07,8.0,5.0,1.0266666666666666,1.0266666666666666,0.9903703703703702,0.9903703703703702,0.9903703703703702,0.9903703703703702,0.9903703703703702,0.9903703703703702,55.0,1.0,2.0,1.0,15.0,5.0,3.0,18.0,12.0,6.0,2.0
AT21,9.44,1.18,1.18,6.49,1.475,8.260000000000002,1.475,0.32,8.0,5.0,1.0266666666666666,1.0266666666666666,0.9903703703703702,0.9903703703703702,0.9903703703703702,0.9903703703703702,0.9903703703703702,0.9903703703703702,55.0,1.0,2.0,1.0,15.0,5.0,3.0,18.0,12.0,6.0,2.0
AT22,22.6144,2.8268,2.8268,15.5474,3.5335,19.7876,3.5335,0.48,8.0,5.0,1.0266666666666666,1.0266666666666666,0.9903703703703702,0.9903703703703702,0.9903703703703702,0.9903703703703702,0.9903703703703702,0.9903703703703702,55.0,1.0,2.0,1.0,15.0,5.0,3.0,18.0,12.0,6.0,2.0
AT31,55.8944,6.9868,6.9868,38.4274,8.7335,48.9076,8.7335,3.2,8.0,5.0,1.0266666666666666,1.0266666666666666,0.9903703703703702,0.9903703703703702,0.9903703703703702,0.9903703703703702,0.9903703703703702,0.9903703703703702,55.0,1.0,2.0,1.0,15.0,5.0,3.0,18.0,12.0,6.0,2.0
AT32,0.44799999999999995,0.055999999999999994,0.055999999999999994,0.308,0.06999999999999999,0.392,0.06999999999999999,0.02,8.0,5.0,1.0266666666666666,1.0266666666666666,0.9903703703703702,0.9903703703703702,0.9903703703703702,0.9903703703703702,0.9903703703703702,0.9903703703703702,55.0,1.0,2.0,1.0,15.0,5.0,3.0,18.0,12.0,6.0,2.0
AT33,0.2688,0.0336,0.0336,0.1848,0.042,0.23520000000000002,0.042,0.01,8.0,5.0,1.0266666666666666,1.0266666666666666,0.9903703703703702,0.9903703703703702,0.9903703703703702,0.9903703703703702,0.9903703703703702,0.9903703703703702,55.0,1.0,2.0,1.0,15.0,5.0,3.0,18.0,12.0,6.0,2.0
AT34,0.08320000000000001,0.010400000000000001,0.010400000000000001,0.0572,0.013000000000000001,0.0728,0.013000000000000001,0.0,8.0,5.0,1.0266666666666666,1.0266666666666666,0.9903703703703702,0.9903703703703702,0.9903703703703702,0.9903703703703702,0.9903703703703702,0.9903703703703702,55.0,1.0,2.0,1.0,15.0,5.0,3.0,18.0,12.0,6.0,2.0
EL30,1.1936,0.1492,0.1492,0.8206,0.1865,1.0444,0.1865,0.6,8.0,5.0,2.2415384615384615,2.2415384615384615,14.508333333333335,14.508333333333335,14.508333333333335,14.508333333333335,14.508333333333335,14.508333333333335,55.0,1.0,2.0,1.0,15.0,5.0,3.0,18.0,12.0,6.0,2.0
EL41,51.8144,6.4768,6.4768,35.6224,8.096,45.3376,8.096,23.4,8.0,5.0,2.2415384615384615,2.2415384615384615,14.508333333333335,14.508333333333335,14.508333333333335,14.508333333333335,14.508333333333335,14.508333333333335,55.0,1.0,2.0,1.0,15.0,5.0,3.0,18.0,12.0,6.0,2.0
EL42,1.9264,0.2408,0.2408,1.3244,0.301,1.6856,0.301,0.88,8.0,5.0,2.2415384615384615,2.2415384615384615,14.508333333333335,14.508333333333335,14.508333333333335,14.508333333333335,14.508333333333335,14.508333333333335,55.0,1.0,2.0,1.0,15.0,5.0,3.0,18.0,12.0,6.0,2.0
EL43,1.744,0.218,0.218,1.199,0.2725,1.5260000000000002,0.2725,7.18,8.0,5.0,2.2415384615384615,2.2415384615384615,14.508333333333335,14.508333333333335,14.508333333333335,14.508333333333335,14.508333333333335,14.508333333333335,55.0,1.0,2.0,1.0,15.0,5.0,3.0,18.0,12.0,6.0,2.0
EL51,19.03433846153846,2.3792923076923076,2.3792923076923076,13.086107692307692,2.9741153846153847,16.655046153846154,2.9741153846153847,10.445384615384615,8.0,5.0,2.2415384615384615,2.2415384615384615,14.508333333333335,14.508333333333335,14.508333333333335,14.508333333333335,14.508333333333335,14.508333333333335,55.0,1.0,2.0,1.0,15.0,5.0,3.0,18.0,12.0,6.0,2.0
EL52,19.03433846153846,2.3792923076923076,2.3792923076923076,13.086107692307692,2.9741153846153847,16.655046153846154,2.9741153846153847,10.445384615384615,8.0,5.0,2.2415384615384615,2.2415384615384615,14.508333333333335,14.508333333333335,14.508333333333335,14.508333333333335,14.508333333333335,14.508333333333335,55.0,1.0,2.0,1.0,15.0,5.0,3.0,18.0,12.0,6.0,2.0
EL53,19.03433846153846,2.3792923076923076,2.3792923076923076,13.086107692307692,2.9741153846153847,16.655046153846154,2.9741153846153847,10.445384615384615,8.0,5.0,2.2415384615384615,2.2415384615384615,14.508333333333335,14.508333333333335,14.508333333333335,14.508333333333335,14.508333333333335,14.508333333333335,55.0,1.0,2.0,1.0,15.0,5.0,3.0,18.0,12.0,6.0,2.0
EL54,19.03433846153846,2.3792923076923076,2.3792923076923076,13.086107692307692,2.9741153846153847,16.655046153846154,2.9741153846153847,10.445384615384615,8.0,5.0,2.2415384615384615,2.2415384615384615,14.508333333333335,14.508333333333335,14.508333333333335,14.508333333333335,14.508333333333335,14.508333333333335,55.0,1.0,2.0,1.0,15.0,5.0,3.0,18.0,12.0,6.0,2.0
EL61,19.03433846153846,2.3792923076923076,2.3792923076923076,13.086107692307692,2.9741153846153847,16.655046153846154,2.9741153846153847,10.445384615384615,8.0,5.0,2.2415384615384615,2.2415384615384615,14.508333333333335,14.508333333333335,14.508333333333335,14.508333333333335,14.508333333333335,14.508333333333335,55.0,1.0,2.0,1.0,15.0,5.0,3.0,18.0,12.0,6.0,2.0
EL62,19.03433846153846,2.3792923076923076,2.3792923076923076,13.086107692307692,2.9741153846153847,16.655046153846154,2.9741153846153847,10.445384615384615,8.0,5.0,2.2415384615384615,2.2415384615384615,14.508333333333335,14.508333333333335,14.508333333333335,14.508333333333335,14.508333333333335,14.508333333333335,55.0,1.0,2.0,1.0,15.0,5.0,3.0,18.0,12.0,6.0,2.0
EL63,19.03433846153846,2.3792923076923076,2.3792923076923076,13.086107692307692,2.9741153846153847,16.655046153846154,2.9741153846153847,10.445384615384615,8.0,5.0,2.2415384615384615,2.2415384615384615,14.508333333333335,14.508333333333335,14.508333333333335,14.508333333333335,14.508333333333335,14.508333333333335,55.0,1.0,2.0,1.0,15.0,5.0,3.0,18.0,12.0,6.0,2.0
EL64,19.03433846153846,2.3792923076923076,2.3792923076923076,13.086107692307692,2.9741153846153847,16.655046153846154,2.9741153846153847,10.445384615384615,8.0,5.0,2.2415384615384615,2.2415384615384615,14.508333333333335,14.508333333333335,14.508333333333335,14.508333333333335,14.508333333333335,14.508333333333335,55.0,1.0,2.0,1.0,15.0,5.0,3.0,18.0,12.0,6.0,2.0
EL65,19.03433846153846,2.3792923076923076,2.3792923076923076,13.086107692307692,2.9741153846153847,16.655046153846154,2.9741153846153847,10.445384615384615,8.0,5.0,2.2415384615384615,2.2415384615384615,14.508333333333335,14.508333333333335,14.508333333333335,14.508333333333335,14.508333333333335,14.508333333333335,55.0,1.0,2.0,1.0,15.0,5.0,3.0,18.0,12.0,6.0,2.0
PT11,10.8544,1.3568,1.3568,7.462400000000001,1.6960000000000002,9.497600000000002,1.6960000000000002,1.93,8.0,5.0,4.007857142857143,4.007857142857143,20.62761904761905,20.62761904761905,20.62761904761905,20.62761904761905,20.62761904761905,20.62761904761905,55.0,1.0,2.0,1.0,15.0,5.0,3.0,18.0,12.0,6.0,2.0
PT15,1.0208,0.1276,0.1276,0.7018,0.1595,0.8932000000000001,0.1595,0.11,8.0,5.0,4.007857142857143,4.007857142857143,20.62761904761905,20.62761904761905,20.62761904761905,20.62761904761905,20.62761904761905,20.62761904761905,55.0,1.0,2.0,1.0,15.0,5.0,3.0,18.0,12.0,6.0,2.0
PT16,9.0592,1.1324,1.1324,6.2282,1.4155,7.9268,1.4155,3.3328571428571427,8.0,5.0,4.007857142857143,4.007857142857143,20.62761904761905,20.62761904761905,20.62761904761905,20.62761904761905,20.62761904761905,20.62761904761905,55.0,1.0,2.0,1.0,15.0,5.0,3.0,18.0,12.0,6.0,2.0
PT17,9.0592,1.1324,1.1324,6.2282,1.4155,7.9268,1.4155,3.3328571428571427,8.0,5.0,4.007857142857143,4.007857142857143,20.62761904761905,20.62761904761905,20.62761904761905,20.62761904761905,20.62761904761905,20.62761904761905,55.0,1.0,2.0,1.0,15.0,5.0,3.0,18.0,12.0,6.0,2.0
PT18,9.0592,1.1324,1.1324,6.2282,1.4155,7.9268,1.4155,3.3328571428571427,8.0,5.0,4.007857142857143,4.007857142857143,20.62761904761905,20.62761904761905,20.62761904761905,20.62761904761905,20.62761904761905,20.62761904761905,55.0,1.0,2.0,1.0,15.0,5.0,3.0,18.0,12.0,6.0,2.0
PT20,0.0096,0.0012,0.0012,0.0066,0.0015,0.008400000000000001,0.0015,0.03,8.0,5.0,4.007857142857143,4.007857142857143,20.62761904761905,20.62761904761905,20.62761904761905,20.62761904761905,20.62761904761905,20.62761904761905,55.0,1.0,2.0,1.0,15.0,5.0,3.0,18.0,12.0,6.0,2.0
PT30,0.0096,0.0012,0.0012,0.0066,0.0015,0.008400000000000001,0.0015,0.0,8.0,5.0,4.007857142857143,4.007857142857143,20.62761904761905,20.62761904761905,20.62761904761905,20.62761904761905,20.62761904761905,20.62761904761905,55.0,1.0,2.0,1.0,15.0,5.0,3.0,18.0,12.0,6.0,2.0
IE04,3.5424,0.4428,0.4428,2.4354,0.5535,3.0996000000000006,0.5535,0.06,8.0,5.0,0.7200000000000001,0.7200000000000001,0.042222222222222223,0.042222222222222223,0.042222222222222223,0.042222222222222223,0.042222222222222223,0.042222222222222223,55.0,1.0,2.0,1.0,15.0,5.0,3.0,18.0,12.0,6.0,2.0
IE05,47.583999999999996,5.9479999999999995,5.9479999999999995,32.714,7.435,41.636,7.435,5.67,8.0,5.0,0.7200000000000001,0.7200000000000001,0.042222222222222223,0.042222222222222223,0.042222222222222223,0.042222222222222223,0.042222222222222223,0.042222222222222223,55.0,1.0,2.0,1.0,15.0,5.0,3.0,18.0,12.0,6.0,2.0
IE06,40.288000000000004,5.0360000000000005,5.0360000000000005,27.698,6.295000000000001,35.252,6.295000000000001,5.11,8.0,5.0,0.7200000000000001,0.7200000000000001,0.042222222222222223,0.042222222222222223,0.042222222222222223,0.042222222222222223,0.042222222222222223,0.042222222222222223,55.0,1.0,2.0,1.0,15.0,5.0,3.0,18.0,12.0,6.0,2.0
CZ01,1.7824000000000002,0.22280000000000003,0.22280000000000003,1.2254,0.2785,1.5596000000000003,0.2785,0.21,8.0,5.0,0.695,0.695,0.6335416666666667,0.6335416666666667,0.6335416666666667,0.6335416666666667,0.6335416666666667,0.6335416666666667,55.0,1.0,2.0,1.0,15.0,5.0,3.0,18.0,12.0,6.0,2.0
CZ02,86.6048,10.8256,10.8256,59.5408,13.532,75.7792,13.532,10.01,8.0,5.0,0.695,0.695,0.6335416666666667,0.6335416666666667,0.6335416666666667,0.6335416666666667,0.6335416666666667,0.6335416666666667,55.0,1.0,2.0,1.0,15.0,5.0,3.0,18.0,12.0,6.0,2.0
CZ03,79.296,9.912,9.912,54.516000000000005,12.39,69.38400000000001,12.39,7.97,8.0,5.0,0.695,0.695,0.6335416666666667,0.6335416666666667,0.6335416666666667,0.6335416666666667,0.6335416666666667,0.6335416666666667,55.0,1.0,2.0,1.0,15.0,5.0,3.0,18.0,12.0,6.0,2.0
CZ04,36.0384,4.5048,4.5048,24.776400000000002,5.631,31.533600000000003,5.631,4.02,8.0,5.0,0.695,0.695,0.6335416666666667,0.6335416666666667,0.6335416666666667,0.6335416666666667,0.6335416666666667,0.6335416666666667,55.0,1.0,2.0,1.0,15.0,5.0,3.0,18.0,12.0,6.0,2.0
CZ05,62.0992,7.7624,7.7624,42.6932,9.703000000000001,54.336800000000004,9.703000000000001,6.93,8.0,5.0,0.695,0.695,0.6335416666666667,0.6335416666666667,0.6335416666666667,0.6335416666666667,0.6335416666666667,0.6335416666666667,55.0,1.0,2.0,1.0,15.0,5.0,3.0,18.0,12.0,6.0,2.0
CZ06,107.0336,13.3792,13.3792,73.5856,16.724,93.65440000000001,16.724,12.57,8.0,5.0,0.695,0.695,0.6335416666666667,0.6335416666666667,0.6335416666666667,0.6335416666666667,0.6335416666666667,0.6335416666666667,55.0,1.0,2.0,1.0,15.0,5.0,3.0,18.0,12.0,6.0,2.0
CZ07,49.583999999999996,6.1979999999999995,6.1979999999999995,34.089,7.7475,43.386,7.7475,3.03,8.0,5.0,0.695,0.695,0.6335416666666667,0.6335416666666667,0.6335416666666667,0.6335416666666667,0.6335416666666667,0.6335416666666667,55.0,1.0,2.0,1.0,15.0,5.0,3.0,18.0,12.0,6.0,2.0
CZ08,21.088,2.636,2.636,14.498000000000001,3.2950000000000004,18.452,3.2950000000000004,0.9,8.0,5.0,0.695,0.695,0.6335416666666667,0.6335416666666667,0.6335416666666667,0.6335416666666667,0.6335416666666667,0.6335416666666667,55.0,1.0,2.0,1.0,15.0,5.0,3.0,18.0,12.0,6.0,2.0
HU11,0.2528,0.0316,0.0316,0.1738,0.03950000000000001,0.22120000000000004,0.03950000000000001,0.0,8.0,5.0,4.806875,4.806875,2.811875,2.811875,2.811875,2.811875,2.811875,2.811875,55.0,1.0,2.0,1.0,15.0,5.0,3.0,18.0,12.0,6.0,2.0
HU12,33.312,4.164,4.164,22.901999999999997,5.205,29.148,5.205,0.41,8.0,5.0,4.806875,4.806875,2.811875,2.811875,2.811875,2.811875,2.811875,2.811875,55.0,1.0,2.0,1.0,15.0,5.0,3.0,18.0,12.0,6.0,2.0
HU21,90.78399999999999,11.347999999999999,11.347999999999999,62.413999999999994,14.185,79.436,14.185,1.49,8.0,5.0,4.806875,4.806875,2.811875,2.811875,2.811875,2.811875,2.811875,2.811875,55.0,1.0,2.0,1.0,15.0,5.0,3.0,18.0,12.0,6.0,2.0
HU22,87.4464,10.9308,10.9308,60.1194,13.663499999999999,76.5156,13.663499999999999,1.55,8.0,5.0,4.806875,4.806875,2.811875,2.811875,2.811875,2.811875,2.811875,2.811875,55.0,1.0,2.0,1.0,15.0,5.0,3.0,18.0,12.0,6.0,2.0
HU23,125.6992,15.7124,15.7124,86.4182,19.640500000000003,109.98680000000002,19.640500000000003,1.81,8.0,5.0,4.806875,4.806875,2.811875,2.811875,2.811875,2.811875,2.811875,2.811875,55.0,1.0,2.0,1.0,15.0,5.0,3.0,18.0,12.0,6.0,2.0
HU31,70.0288,8.7536,8.7536,48.144800000000004,10.942,61.275200000000005,10.942,0.74,8.0,5.0,4.806875,4.806875,2.811875,2.811875,2.811875,2.811875,2.811875,2.811875,55.0,1.0,2.0,1.0,15.0,5.0,3.0,18.0,12.0,6.0,2.0
HU32,143.0336,17.8792,17.8792,98.3356,22.349000000000004,125.15440000000002,22.349000000000004,2.11,8.0,5.0,4.806875,4.806875,2.811875,2.811875,2.811875,2.811875,2.811875,2.811875,55.0,1.0,2.0,1.0,15.0,5.0,3.0,18.0,12.0,6.0,2.0
HU33,168.51520000000002,21.064400000000003,21.064400000000003,115.8542,26.3305,147.45080000000002,26.3305,3.52,8.0,5.0,4.806875,4.806875,2.811875,2.811875,2.811875,2.811875,2.811875,2.811875,55.0,1.0,2.0,1.0,15.0,5.0,3.0,18.0,12.0,6.0,2.0
RO11,156.2944,19.5368,19.5368,107.4524,24.421000000000003,136.75760000000002,24.421000000000003,2.5,8.0,5.0,6.094375,6.094375,6.239166666666667,6.239166666666667,6.239166666666667,6.239166666666667,6.239166666666667,6.239166666666667,55.0,1.0,2.0,1.0,15.0,5.0,3.0,18.0,12.0,6.0,2.0
RO12,97.12,12.14,12.14,66.77,15.175,84.98,15.175,1.07,8.0,5.0,6.094375,6.094375,6.239166666666667,6.239166666666667,6.239166666666667,6.239166666666667,6.239166666666667,6.239166666666667,55.0,1.0,2.0,1.0,15.0,5.0,3.0,18.0,12.0,6.0,2.0
RO21,243.93599999999998,30.491999999999997,30.491999999999997,167.706,38.115,213.44400000000002,38.115,9.36,8.0,5.0,6.094375,6.094375,6.239166666666667,6.239166666666667,6.239166666666667,6.239166666666667,6.239166666666667,6.239166666666667,55.0,1.0,2.0,1.0,15.0,5.0,3.0,18.0,12.0,6.0,2.0
RO22,351.7856,43.9732,43.9732,241.8526,54.966499999999996,307.8124,54.966499999999996,25.02,8.0,5.0,6.094375,6.094375,6.239166666666667,6.239166666666667,6.239166666666667,6.239166666666667,6.239166666666667,6.239166666666667,55.0,1.0,2.0,1.0,15.0,5.0,3.0,18.0,12.0,6.0,2.0
RO31,207.59720000000002,25.949650000000002,25.949650000000002,142.72307500000002,32.4370625,181.64755000000002,32.4370625,9.565,8.0,5.0,6.094375,6.094375,6.239166666666667,6.239166666666667,6.239166666666667,6.239166666666667,6.239166666666667,6.239166666666667,55.0,1.0,2.0,1.0,15.0,5.0,3.0,18.0,12.0,6.0,2.0
RO32,207.59720000000002,25.949650000000002,25.949650000000002,142.72307500000002,32.4370625,181.64755000000002,32.4370625,9.565,8.0,5.0,6.094375,6.094375,6.239166666666667,6.239166666666667,6.239166666666667,6.239166666666667,6.239166666666667,6.239166666666667,55.0,1.0,2.0,1.0,15.0,5.0,3.0,18.0,12.0,6.0,2.0
RO41,243.6064,30.4508,30.4508,167.4794,38.0635,213.15560000000002,38.0635,19.32,8.0,5.0,6.094375,6.094375,6.239166666666667,6.239166666666667,6.239166666666667,6.239166666666667,6.239166666666667,6.239166666666667,55.0,1.0,2.0,1.0,15.0,5.0,3.0,18.0,12.0,6.0,2.0
RO42,162.7776,20.3472,20.3472,111.9096,25.434,142.43040000000002,25.434,1.89,8.0,5.0,6.094375,6.094375,6.239166666666667,6.239166666666667,6.239166666666667,6.239166666666667,6.239166666666667,6.239166666666667,55.0,1.0,2.0,1.0,15.0,5.0,3.0,18.0,12.0,6.0,2.0
BG31,152.6592,19.0824,19.0824,104.9532,23.853,133.57680000000002,23.853,4.54,8.0,5.0,1.7208333333333332,1.7208333333333332,2.0552777777777775,2.0552777777777775,2.0552777777777775,2.0552777777777775,2.0552777777777775,2.0552777777777775,55.0,1.0,2.0,1.0,15.0,5.0,3.0,18.0,12.0,6.0,2.0
BG32,134.9376,16.8672,16.8672,92.7696,21.084000000000003,118.0704,21.084000000000003,1.63,8.0,5.0,1.7208333333333332,1.7208333333333332,2.0552777777777775,2.0552777777777775,2.0552777777777775,2.0552777777777775,2.0552777777777775,2.0552777777777775,55.0,1.0,2.0,1.0,15.0,5.0,3.0,18.0,12.0,6.0,2.0
BG33,141.2512,17.6564,17.6564,97.1102,22.070500000000003,123.59480000000002,22.070500000000003,3.13,8.0,5.0,1.7208333333333332,1.7208333333333332,2.0552777777777775,2.0552777777777775,2.0552777777777775,2.0552777777777775,2.0552777777777775,2.0552777777777775,55.0,1.0,2.0,1.0,15.0,5.0,3.0,18.0,12.0,6.0,2.0
BG34,97.712,12.214,12.214,67.177,15.267500000000002,85.49800000000002,15.267500000000002,4.8,8.0,5.0,1.7208333333333332,1.7208333333333332,2.0552777777777775,2.0552777777777775,2.0552777777777775,2.0552777777777775,2.0552777777777775,2.0552777777777775,55.0,1.0,2.0,1.0,15.0,5.0,3.0,18.0,12.0,6.0,2.0
BG41,101.36800000000001,12.671000000000001,12.671000000000001,69.69050000000001,15.838750000000003,88.69700000000002,15.838750000000003,2.795,8.0,5.0,1.7208333333333332,1.7208333333333332,2.0552777777777775,2.0552777777777775,2.0552777777777775,2.0552777777777775,2.0552777777777775,2.0552777777777775,55.0,1.0,2.0,1.0,15.0,5.0,3.0,18.0,12.0,6.0,2.0
BG42,101.36800000000001,12.671000000000001,12.671000000000001,69.69050000000001,15.838750000000003,88.69700000000002,15.838750000000003,2.795,8.0,5.0,1.7208333333333332,1.7208333333333332,2.0552777777777775,2.0552777777777775,2.0552777777777775,2.0552777777777775,2.0552777777777775,2.0552777777777775,55.0,1.0,2.0,1.0,15.0,5.0,3.0,18.0,12.0,6.0,2.0
SK01,12.464,1.558,1.558,8.569,1.9475000000000002,10.906000000000002,1.9475000000000002,1.41,8.0,5.0,1.01125,1.01125,0.5033333333333333,0.5033333333333333,0.5033333333333333,0.5033333333333333,0.5033333333333333,0.5033333333333333,55.0,1.0,2.0,1.0,15.0,5.0,3.0,18.0,12.0,6.0,2.0
SK02,141.84,17.73,17.73,97.515,22.1625,124.11000000000001,22.1625,9.83,8.0,5.0,1.01125,1.01125,0.5033333333333333,0.5033333333333333,0.5033333333333333,0.5033333333333333,0.5033333333333333,0.5033333333333333,55.0,1.0,2.0,1.0,15.0,5.0,3.0,18.0,12.0,6.0,2.0
SK03,26.1792,3.2724,3.2724,17.9982,4.0905000000000005,22.906800000000004,4.0905000000000005,1.81,8.0,5.0,1.01125,1.01125,0.5033333333333333,0.5033333333333333,0.5033333333333333,0.5033333333333333,0.5033333333333333,0.5033333333333333,55.0,1.0,2.0,1.0,15.0,5.0,3.0,18.0,12.0,6.0,2.0
SK04,47.193599999999996,5.8991999999999996,5.8991999999999996,32.4456,7.374,41.2944,7.374,1.86,8.0,5.0,1.01125,1.01125,0.5033333333333333,0.5033333333333333,0.5033333333333333,0.5033333333333333,0.5033333333333333,0.5033333333333333,55.0,1.0,2.0,1.0,15.0,5.0,3.0,18.0,12.0,6.0,2.0
HR03,2.6368,0.3296,0.3296,1.8128,0.41200000000000003,2.3072000000000004,0.41200000000000003,0.13,8.0,5.0,0.985,0.985,3.1320833333333336,3.1320833333333336,3.1320833333333336,3.1320833333333336,3.1320833333333336,3.1320833333333336,55.0,1.0,2.0,1.0,15.0,5.0,3.0,18.0,12.0,6.0,2.0
HR04,41.5424,5.1928,5.1928,28.560399999999998,6.491,36.3496,6.491,0.77,8.0,5.0,0.985,0.985,3.1320833333333336,3.1320833333333336,3.1320833333333336,3.1320833333333336,3.1320833333333336,3.1320833333333336,55.0,1.0,2.0,1.0,15.0,5.0,3.0,18.0,12.0,6.0,2.0
HR05,121.15200000000002,15.144000000000002,15.144000000000002,83.292,18.930000000000003,106.00800000000001,18.930000000000003,2.54,8.0,5.0,0.985,0.985,3.1320833333333336,3.1320833333333336,3.1320833333333336,3.1320833333333336,3.1320833333333336,3.1320833333333336,55.0,1.0,2.0,1.0,15.0,5.0,3.0,18.0,12.0,6.0,2.0
HR06,41.5424,5.1928,5.1928,28.560399999999998,6.491,36.3496,6.491,0.77,8.0,5.0,0.985,0.985,3.1320833333333336,3.1320833333333336,3.1320833333333336,3.1320833333333336,3.1320833333333336,3.1320833333333336,55.0,1.0,2.0,1.0,15.0,5.0,3.0,18.0,12.0,6.0,2.0
SI03,30.1344,3.7668,3.7668,20.7174,4.7085,26.367600000000003,4.7085,0.59,8.0,5.0,1.5225,1.5225,1.6866666666666665,1.6866666666666665,1.6866666666666665,1.6866666666666665,1.6866666666666665,1.6866666666666665,55.0,1.0,2.0,1.0,15.0,5.0,3.0,18.0,12.0,6.0,2.0
SI04,3.0048000000000004,0.37560000000000004,0.37560000000000004,2.0658000000000003,0.46950000000000003,2.6292000000000004,0.46950000000000003,0.14,8.0,5.0,1.5225,1.5225,1.6866666666666665,1.6866666666666665,1.6866666666666665,1.6866666666666665,1.6866666666666665,1.6866666666666665,55.0,1.0,2.0,1.0,15.0,5.0,3.0,18.0,12.0,6.0,2.0
LT01,47.5712,5.9464,5.9464,32.7052,7.433,41.6248,7.433,13.67,8.0,5.0,3.1225,3.1225,1.79,1.79,1.79,1.79,1.79,1.79,55.0,1.0,2.0,1.0,15.0,5.0,3.0,18.0,12.0,6.0,2.0
LT02,379.8592,47.4824,47.4824,261.15319999999997,59.353,332.3768,59.353,128.41,8.0,5.0,3.1225,3.1225,1.79,1.79,1.79,1.79,1.79,1.79,55.0,1.0,2.0,1.0,15.0,5.0,3.0,18.0,12.0,6.0,2.0
LV00,247.968,30.996,30.996,170.478,38.745000000000005,216.972,38.745000000000005,47.9,8.0,5.0,1.63,1.63,1.3399999999999999,1.3399999999999999,1.3399999999999999,1.3399999999999999,1.3399999999999999,1.3399999999999999,55.0,1.0,2.0,1.0,15.0,5.0,3.0,18.0,12.0,6.0,2.0
EE00,115.7824,14.4728,14.4728,79.6004,18.091,101.3096,18.091,48.83,8.0,5.0,0.725,0.725,0.4583333333333333,0.4583333333333333,0.4583333333333333,0.4583333333333333,0.4583333333333333,0.4583333333333333,55.0,1.0,2.0,1.0,15.0,5.0,3.0,18.0,12.0,6.0,2.0
LU00,8.8768,1.1096,1.1096,6.102799999999999,1.387,7.7672,1.387,0.45,8.0,5.0,0.14,0.14,0.23166666666666666,0.23166666666666666,0.23166666666666666,0.23166666666666666,0.23166666666666666,0.23166666666666666,55.0,1.0,2.0,1.0,15.0,5.0,3.0,18.0,12.0,6.0,2.0
CY00,7.9808,0.9976,0.9976,5.486800000000001,1.247,6.983200000000001,1.247,0.29,8.0,5.0,1.33,1.33,4.418333333333334,4.418333333333334,4.418333333333334,4.418333333333334,4.418333333333334,4.418333333333334,55.0,1.0,2.0,1.0,15.0,5.0,3.0,18.0,12.0,6.0,2.0
MT00,0.0,0.0,0.0,0.0,0.0,0.0,0.0,0.0,8.0,5.0,0.0,0.0,0.15833333333333333,0.15833333333333333,0.15833333333333333,0.15833333333333333,0.15833333333333333,0.15833333333333333,55.0,1.0,2.0,1.0,15.0,5.0,3.0,18.0,12.0,6.0,2.0
NO01,42.592,5.324,5.324,29.282,6.655,37.268,6.655,0.8314285714285715,8.0,5.0,3.0,6.0,0.06809523809523808,0.06809523809523808,0.06809523809523808,0.06809523809523808,0.06809523809523808,0.06809523809523808,55.0,1.0,2.0,1.0,15.0,5.0,3.0,18.0,12.0,6.0,2.0
NO02,21.8752,2.7344,2.7344,15.0392,3.418,19.140800000000002,3.418,0.8314285714285715,8.0,5.0,3.0,6.0,0.06809523809523808,0.06809523809523808,0.06809523809523808,0.06809523809523808,0.06809523809523808,0.06809523809523808,55.0,1.0,2.0,1.0,15.0,5.0,3.0,18.0,12.0,6.0,2.0
NO03,12.827885714285715,1.6034857142857144,1.6034857142857144,8.819171428571428,2.004357142857143,11.224400000000001,2.004357142857143,0.8314285714285715,8.0,5.0,3.0,6.0,0.06809523809523808,0.06809523809523808,0.06809523809523808,0.06809523809523808,0.06809523809523808,0.06809523809523808,55.0,1.0,2.0,1.0,15.0,5.0,3.0,18.0,12.0,6.0,2.0
NO04,12.827885714285715,1.6034857142857144,1.6034857142857144,8.819171428571428,2.004357142857143,11.224400000000001,2.004357142857143,0.8314285714285715,8.0,5.0,3.0,6.0,0.06809523809523808,0.06809523809523808,0.06809523809523808,0.06809523809523808,0.06809523809523808,0.06809523809523808,55.0,1.0,2.0,1.0,15.0,5.0,3.0,18.0,12.0,6.0,2.0
NO05,1.3888,0.1736,0.1736,0.9548,0.217,1.2152,0.217,0.8314285714285715,8.0,5.0,3.0,6.0,0.06809523809523808,0.06809523809523808,0.06809523809523808,0.06809523809523808,0.06809523809523808,0.06809523809523808,55.0,1.0,2.0,1.0,15.0,5.0,3.0,18.0,12.0,6.0,2.0
NO06,14.1504,1.7688,1.7688,9.7284,2.211,12.3816,2.211,0.8314285714285715,8.0,5.0,3.0,6.0,0.06809523809523808,0.06809523809523808,0.06809523809523808,0.06809523809523808,0.06809523809523808,0.06809523809523808,55.0,1.0,2.0,1.0,15.0,5.0,3.0,18.0,12.0,6.0,2.0
NO07,0.0704,0.0088,0.0088,0.0484,0.011000000000000001,0.06160000000000001,0.011000000000000001,0.8314285714285715,8.0,5.0,3.0,6.0,0.06809523809523808,0.06809523809523808,0.06809523809523808,0.06809523809523808,0.06809523809523808,0.06809523809523808,55.0,1.0,2.0,1.0,15.0,5.0,3.0,18.0,12.0,6.0,2.0
