region_full,APPL,ARAC,BARL,CER2,CERE,CITR,DWHE,FALL,FLOW,FRUI,FRUN,GRAS,GREF,INDU,KITC,MAIF,MAIZ,NECR,NURS,OATS,OCER,OCRO,OFAR,OFRU,OILS,OIND,OLIV,OLIVGR,OOIL,OVEG,PARI,POTA,PULS,RAPE,ROOF,RYEM,SOYA,SUGB,SUNF,SWHE,TABO,TAGR,TEXT,TOBA,TOMA,TWIN,UAAR,VEGE,VINY
AL000000,6.48,599.6,3.77,131.26,132.2,1.3,,178.0,5.1,20.7,88.0,478.1,225.0,7.8,20.0,19.2,56.73,,,16.5,,,205.8,14.7,0.6,5.6,41.1,48.1,,24.7,3.0,9.7,13.35,,,1.3,0.17,0.84,0.54,53.9,7.0,1.5,12.0,0.8,6.9,8.9,1165.7,42.8,10.4
AT000000,7.220000000000001,1321.71,123.62,747.46,747.46,,19.46,50.28,0.34,9.29,68.02,1256.2,236.08,185.81,1.02,85.13,218.2,1.05,1.79,26.21,64.39,0.32,150.95,6.86,177.75,5.109999999999999,,,48.06,16.77,,22.56,19.96,28.27,0.09,35.17,76.74,37.68,24.68,260.4,,,1.89,0.1,0.2,46.16,2646.96,19.41,46.16
AT100000,,834.74,80.01,489.26,517.79,,16.06,38.64,0.17,3.8,47.36,190.4,112.96,121.96,0.37,32.63,98.59,0.51,0.66,,36.1,0.26,64.71,,94.4,3.17,,,0.78,,,21.04,15.22,24.38,0.03,34.82,44.24,19.76,22.42,202.2,,,,0.1,,,1072.87,13.48,41.2
AT110000,,157.2,8.41,85.45,94.66,,3.28,8.19,0.03,0.9,13.37,13.1,17.74,37.39,0.07,2.71,21.87,0.04,0.08,,3.06,,10.19,,26.5,0.23,,,0.22,,,1.45,3.22,6.09,0.01,5.06,23.44,1.9,4.31,40.08,,,,,,,183.74,1.32,12.2
AT120000,,673.47,71.22,401.69,420.89,,12.57,30.22,0.1,2.8,33.2,176.5,95.0,84.2,0.3,29.91,76.56,0.47,0.48,,33.01,0.26,54.35,,67.5,2.92,,,0.55,,,19.53,11.94,18.26,0.03,29.53,20.53,17.78,18.09,161.12,,,,0.1,,,883.47,11.33,28.4
AT130000,,4.07,0.38,2.11,2.24,,0.2,0.23,0.04,0.1,0.8,0.8,0.22,0.38,0.01,0.04,0.16,,0.1,,0.03,,0.18,,0.4,0.02,,,0.01,,,0.07,0.06,0.03,,0.23,0.27,0.09,0.02,0.99,,,,,,,5.67,0.82,0.6
AT200000,,184.57,12.87,101.28,109.15,,0.23,4.03,0.08,10.0,17.36,377.0,50.13,24.43,0.27,18.12,62.83,0.14,0.44,,8.52,,29.92,,19.4,0.05,,,0.06,,,1.26,0.99,0.27,0.01,2.52,9.21,0.31,0.59,10.67,,,,0.1,,,579.21,1.84,5.4
AT210000,,58.93,4.99,29.77,30.09,,0.16,0.94,0.01,0.4,0.65,155.2,22.32,4.53,0.09,8.22,15.53,0.04,0.04,,3.41,,13.39,,3.8,0.02,,,0.04,,,0.49,0.48,0.05,,0.9,3.68,0.02,0.17,3.4,,,,,,,214.87,0.3,0.1
AT220000,,125.65,7.88,71.5,79.06,,0.07,3.09,0.07,9.6,16.71,221.8,27.81,19.91,0.18,9.9,47.31,0.11,0.4,,5.12,,16.53,,15.6,0.04,,,0.02,,,0.77,0.51,0.22,0.01,1.63,5.53,0.29,0.42,7.26,,,,0.1,,,364.34,1.54,5.3
AT300000,,302.4,41.92,174.34,182.16,,0.22,7.61,0.09,2.1,3.3,688.8,79.08,27.33,0.38,36.12,51.18,0.46,0.69,,16.23,0.07,36.91,,16.1,0.86,,,0.34,,,1.96,2.45,7.15,0.05,7.9,15.06,6.25,0.47,49.65,,,,,,,994.87,2.74,0.1
AT310000,,288.29,41.21,172.1,180.12,,0.19,7.58,0.04,1.7,2.77,214.0,68.64,27.24,0.32,31.44,50.98,0.44,0.57,,15.86,0.07,31.33,,16.1,0.85,,,0.34,,,1.41,2.43,7.14,0.04,7.78,15.02,6.25,0.47,49.08,,,,,,,505.38,2.08,0.1
AT320000,,4.81,0.46,1.34,1.26,,0.01,0.02,0.02,0.1,0.16,163.8,3.19,0.05,0.03,0.82,0.15,0.01,0.06,,0.21,,2.33,,0.1,,,,,,,0.11,0.01,0.01,,0.04,0.03,,,0.27,,,,,,,168.8,0.07,0.01
AT330000,,6.76,0.22,0.68,0.64,,0.02,0.01,0.02,0.2,0.25,236.4,5.1,0.03,0.02,2.64,0.04,0.01,0.05,,0.15,,2.41,,,,,,,,,0.38,0.01,,0.01,0.08,0.01,,,0.14,,,,,,,243.43,0.51,0.01
AT340000,,2.53,0.02,0.22,0.14,,0.01,0.04,0.02,0.1,0.12,74.6,2.14,0.01,0.01,1.22,0.02,0.01,0.02,,0.01,,0.85,,,,,,,,,0.06,,,0.01,0.01,,,,0.16,,,,,,,77.26,0.08,0.02
BA000000,,604.95,21.63,321.32,321.32,,,77.1,0.09,95.03,106.16,1095.16,129.18,18.92,,35.03,200.54,,0.34,10.71,12.59,0.08,94.14,,17.08,0.84,,,,29.58,,39.05,8.68,3.82,0.84,3.02,12.68,,0.58,69.91,,0.5,,1.0,4.51,3.93,1806.27,31.02,4.43
BG000000,7.3,3478.01,130.58,1966.04,1953.69,,8.7,161.57,2.01,40.42,151.02,1403.99,138.93,1011.95,14.23,31.0,573.0,1.45,1.7,13.4,21.86,,108.49,65.28,951.62,53.3,,,6.05,42.82,12.0,10.0,25.2,133.36,0.06,8.6,2.0,0.01,838.0,1195.63,,2.16,3.89,3.19,2.6,26.58,5047.25,24.61,28.74
BG010000,,809.69,22.71,495.46,338.4,,0.82,28.98,,3.9,11.58,233.19,21.88,228.08,1.0,4.88,201.88,,0.1,,0.71,,16.68,,,1.51,,,,,,0.29,5.99,8.42,1.5,0.35,1.66,,215.9,264.02,,,,0.2,,,1055.56,1.7,6.42
BG020000,,663.1,23.51,442.36,326.8,,0.13,16.04,0.59,16.01,15.23,119.83,15.68,165.55,4.12,3.92,183.07,,0.3,,0.58,,13.79,,,4.38,,,,,,0.16,3.9,17.53,0.87,0.13,1.31,,138.82,233.62,,,,0.54,,,806.94,4.26,2.71
BG030000,,748.5,26.02,449.52,389.3,,0.41,17.18,,11.86,17.6,112.37,22.57,217.85,0.81,6.7,154.38,,0.39,,1.44,,17.42,,,14.31,,,,,,0.22,4.0,15.44,,0.13,0.23,,186.04,265.74,,,,0.06,,,881.46,4.45,5.74
BG040000,,199.82,8.1,87.46,52.4,,0.05,32.62,0.3,10.89,16.72,375.6,14.79,38.36,3.26,3.57,16.97,,0.4,,2.47,,7.25,,7.8,0.8,,,0.07,,,5.15,1.26,1.05,0.1,1.22,0.03,0.1,36.03,52.83,,,,0.14,,,597.21,1.39,5.17
BG050000,,414.65,15.19,178.61,131.6,,2.21,33.2,0.72,22.09,39.92,325.13,37.76,117.96,3.42,7.07,11.65,,0.31,,6.48,,25.32,,,5.77,,,,,10.47,2.65,3.5,14.24,,1.98,0.29,,92.61,126.86,,,,1.95,,,785.27,9.62,17.29
BG060000,,642.25,35.23,312.64,288.1,,5.04,33.55,,21.3,39.42,237.87,26.26,244.16,2.76,4.31,13.58,,1.21,,3.53,,18.39,,,26.38,,,0.08,,1.35,0.82,6.55,62.45,0.88,1.66,0.72,,152.53,249.3,,,,0.3,,,920.81,4.78,14.98
BL000000,15.8,869.34,38.2,309.8,309.8,,,16.47,3.06,17.84,21.62,476.12,289.7,25.5,0.1,183.2,48.2,,3.19,3.6,10.1,4.82,106.6,1.399999999999999,8.6,1.5,,,0.3,53.68,,89.7,6.8,8.2,6.2,0.8,,55.1,,208.9,,,15.4,0.03,0.62,,1367.08,70.28,0.49
BL100000,,2.27,0.1,0.95,0.96,,,0.11,,0.01,0.02,0.71,0.39,0.17,,0.2,0.07,,,,0.01,0.01,0.16,,,0.01,,,,,,0.24,0.04,0.06,0.01,0.01,,0.15,,0.7,,,,,,,2.99,0.21,0.01
BL200000,,441.38,15.93,123.65,139.51,,,8.92,2.87,16.1,19.06,164.29,183.4,6.62,0.1,125.23,44.66,,2.71,,1.83,4.43,58.13,,0.2,0.55,,,0.01,,,53.37,0.79,0.49,3.63,0.31,,18.55,,60.24,,,,0.03,,,624.73,35.16,0.24
BL210000,,66.73,0.62,8.21,9.43,,,0.83,1.07,0.46,1.15,29.78,47.15,0.34,0.1,28.17,5.53,,0.69,,0.4,0.06,18.98,,0.1,0.2,,,,,,4.38,0.11,0.02,0.81,0.08,,0.49,,1.47,,,,,,,97.66,3.28,0.01
BL220000,,58.52,3.2,18.4,20.53,,,1.99,0.06,9.54,10.08,18.43,24.99,0.42,0.1,16.52,6.01,,0.46,,0.37,0.19,8.46,,0.1,0.06,,,0.4,,,3.71,0.07,0.01,0.28,0.1,,4.0,,8.62,,,,0.3,,,87.03,4.42,0.08
BL230000,,101.08,3.3,28.69,31.61,,,0.91,0.87,1.46,2.56,45.12,48.29,0.89,0.1,34.92,12.67,,1.07,,0.54,0.53,13.35,,0.1,0.01,,,0.01,,,12.71,0.2,0.04,1.16,0.08,,2.99,,11.98,,,,0.6,,,148.76,3.85,0.04
BL240000,,63.99,4.82,32.12,34.52,,,2.62,0.18,4.08,4.24,20.41,14.13,1.18,,9.14,9.97,,0.1,,0.14,0.11,4.989999999999999,,0.1,0.16,,,0.5,,,6.45,0.11,0.3,0.36,0.03,,4.36,,16.91,,,,0.5,,,88.64,2.37,0.06
BL250000,,151.06,4.01,36.23,43.42,,,2.57,0.7,0.57,1.02,50.55,48.84,3.79,0.1,36.48,10.48,,0.4,,0.39,3.54,12.35,,0.1,0.13,,,6.0,,,26.12,0.3,0.12,1.03,0.02,,6.71,,21.26,,,,0.03,,,202.63,21.24,0.05
BL300000,,425.69,27.94,179.74,193.11,,,7.44,0.2,1.83,2.55,311.12,101.22,21.5,0.1,56.1,7.15,,0.47,,3.24,0.38,41.23,,6.6,0.29,,,0.1,,,43.73,5.16,7.47,1.36,0.39,,38.05,,133.71,,,,0.01,,,739.36,26.92,0.24
BL310000,,56.53,2.99,24.98,27.73,,,1.27,0.08,0.17,0.39,8.56,6.57,3.06,,4.06,1.67,,0.17,,0.11,0.06,1.9,,0.2,0.06,,,0.02,,,7.45,0.45,0.78,0.1,0.04,,6.85,,19.86,,,,1.3,,,65.48,5.66,0.05
BL320000,,156.69,8.52,66.71,70.37,,,2.35,0.04,0.11,0.23,53.5,32.51,6.18,0.1,22.69,4.0,,0.05,,0.47,0.22,8.370000000000001,,0.7,0.18,,,0.05,,,20.89,0.83,1.14,0.62,0.06,,16.52,,52.3,,,,0.01,,,210.42,9.82,0.07
BL330000,,70.94,3.16,28.05,32.57,,,0.86,0.03,1.29,1.53,86.98,14.42,4.71,0.1,8.71,0.68,,0.17,,0.32,0.06,5.48,,0.8,0.01,,,0.02,,,7.88,0.66,1.03,0.24,0.04,,6.8,,23.14,,,,2.3,,,159.46,7.24,0.07
BL340000,,42.87,2.62,12.84,13.21,,,0.26,0.02,0.04,0.1,102.23,26.57,0.54,,8.37,0.16,,0.06,,1.43,,17.55,,0.5,0.01,,,0.01,,,0.27,2.0,0.5,0.15,0.2,,0.06,,5.87,,,,,,,145.21,0.17,
BL350000,,98.66,10.66,47.16,49.23,,,2.7,0.03,0.22,0.29,59.85,21.15,7.02,0.1,12.28,0.64,,0.03,,0.9,0.04,7.930000000000001,,4.5,0.03,,,0.02,,,7.23,1.22,4.02,0.26,0.06,,7.82,,32.55,,,,1.4,,,158.79,4.03,0.05
BL400000,0.11,62.32,5.31,26.26,26.26,,0.29,0.34,0.02,0.15,1.56,68.25,33.3,2.13,0.01,17.76,0.07,0.12,0.07,1.73,4.77,,15.55,-0.12,1.83,0.18,,,0.03,,,0.63,0.38,1.64,0.09,1.54,0.01,,0.14,12.55,,0.01,0.01,,,1.24,132.14,0.18,1.24
CH,4.390000000000001,400.55,27.96,146.39,146.3,,0.8,3.09,0.44,6.14,28.21,1083.34,165.25,33.52,,45.01,17.32,0.14,0.91,2.08,7.86,0.49,120.23,3.159999999999999,32.47,0.64,,,0.37,12.31,0.1,10.72,5.5,25.02,0.37,1.86,2.24,16.19,4.84,88.41,,0.01,0.22,0.41,0.18,14.7,1512.1,15.05,14.71
CS000000,39.09,2597.81,92.0,1763.58,1758.0,,,16.62,0.47,164.06,187.94,654.14,236.68,408.87,20.21,31.0,1010.0,,1.11,28.0,29.0,1.84,206.1,124.97,397.11,4.3,,,0.61,58.11000000000001,,40.71,9.79,13.5,0.33,4.89,183.0,50.07,200.0,595.0,,4.68,,5.2,10.07,16.52,3460.1,68.18,22.15
CY000000,0.62,106.5,13.5,26.41,26.41,3.04,8.5,16.33,0.1,5.45,27.44,1.55,54.62,0.07,0.07,0.1,,,0.04,0.21,0.7,0.01,54.52,4.5,0.07,0.5,10.98,11.11,0.07,2.73,,3.99,0.32,,0.11,,,,,3.5,0.18,0.69,,0.1,0.28,6.09,135.56,2.68,6.79
CZ000000,8.38,2489.78,326.74,1334.33,1334.33,,,23.96,0.29,14.47,44.02,989.61,506.8,455.01,0.46,228.49,90.93,0.15,1.67,58.63,47.71,16.64,278.31,12.18,442.31,12.35,,,62.34,10.57,,22.82,43.08,342.32,0.38,25.53,19.68,61.23,17.98,784.78,,,0.2,,0.31,16.14,3523.87,11.6,16.14
CZ010000,,9.27,1.4,5.15,6.78,,,0.09,,0.13,0.17,0.88,0.89,2.98,4.0,0.24,0.18,,,,,,,,2.8,,,,0.02,,,0.01,0.25,1.85,,0.04,0.11,0.27,0.1,3.3,,,,,,,10.34,0.01,0.02
CZ020000,,477.46,62.23,261.34,278.76,,,4.36,0.11,3.19,4.97,71.57,72.61,105.95,0.2,24.35,11.47,,0.59,,,,,,93.5,,,,0.1,,,5.54,8.33,84.83,,5.16,2.78,16.14,1.43,169.11,,,,,,,553.74,3.33,0.32
CZ030000,,443.87,56.21,235.54,246.42,,,3.35,0.05,1.56,2.58,291.31,114.68,87.12,0.3,49.76,4.62,,0.06,,,,,,83.8,,,,0.28,,,3.82,5.75,68.98,,7.36,0.68,0.01,0.38,134.65,,,,,,,738.85,0.33,
CZ040000,,189.92,23.45,108.42,114.29,,,3.48,0.02,1.89,2.42,125.37,28.35,45.99,0.1,4.73,1.57,,0.14,,,,,,36.3,,,,0.02,,,0.5,2.65,30.99,,3.71,0.5,4.05,0.82,74.02,,,,,,,318.55,1.26,0.33
CZ050000,,380.77,41.49,190.52,196.87,,,3.36,0.06,3.83,4.95,185.06,89.4,71.82,0.3,27.98,10.23,,0.36,,,,,,61.1,,,,0.4,,,1.99,5.58,54.54,,4.31,3.47,15.29,0.37,118.24,,,,,,,571.26,0.88,0.01
CZ060000,,594.06,80.89,328.42,345.36,,,5.66,0.06,3.29,22.49,107.18,129.94,108.11,0.3,37.87,42.76,,0.34,,,,,,106.5,,,,0.09,,,9.81,10.69,72.07,,8.74,1.82,4.32,7.8,178.69,,,,,,,723.13,2.16,16.36
CZ070000,,271.39,49.42,151.85,153.07,,,2.1,0.03,2.48,3.36,121.21,49.07,53.86,0.4,14.73,13.96,,0.14,,,,,,53.9,,,,0.32,,,0.68,2.8,36.14,,1.51,2.84,13.36,0.45,81.46,,,,,,,396.66,0.77,0.54
CZ080000,,123.05,16.84,63.64,68.05,,,1.56,0.02,0.75,0.88,87.02,21.81,24.9,0.2,6.33,2.44,,0.06,,,,,,27.9,,,,0.08,,,0.85,1.26,18.82,,1.11,1.94,6.25,0.03,39.11,,,,,,,211.34,0.32,
DE000000,36.12,11663.8,1539.5,6063.5,6063.5,,37.5,357.6,6.9,59.56,198.2,4730.3,3008.1,1142.9,2.7,2219.6,430.7,15.5,18.0,184.5,328.3,33.8,788.5,30.42999999999999,1086.2,30.1,,,12.8,129.86,,258.3,210.5,1000.9,3.4,631.0,34.2,390.7,38.3,2901.5,,,4.7,1.5,0.38,100.71,16595.0,135.89,100.1
DE100000,,810.3,147.8,466.8,518.8,,2.2,31.2,0.8,21.1,50.8,546.7,204.1,58.1,0.3,134.4,60.2,3.0,1.5,,20.9,0.5,69.60000000000001,,83.1,0.4,,,0.4,,,5.5,10.9,41.1,0.2,9.2,8.0,18.7,1.8,205.5,,,,0.6,,,1408.1,13.1,25.5
DE110000,,316.7,87.0,209.4,209.4,,0.2,14.9,,3.6,15.4,144.7,36.1,,0.3,25.4,,,,,,,,,32.1,,,,0.1,,,3.1,2.5,29.0,,,,14.7,0.5,85.5,,,,0.1,,,477.1,,10.5
DE120000,,143.5,30.8,96.7,96.7,,0.2,13.1,,1.4,4.4,56.6,12.4,,0.1,7.8,,,,,,,,,13.9,,,,,,,0.7,1.0,10.1,,,,4.9,0.3,36.4,,,,0.7,,,204.6,,2.1
DE130000,,146.1,25.0,99.1,99.1,,,12.0,,7.9,20.0,168.4,18.0,,0.3,9.8,,,,,,,,,11.1,,,,0.1,,,1.8,1.1,8.4,,,,0.3,1.1,25.0,,,,1.0,,,334.7,,10.9
DE140000,,231.1,58.9,149.4,149.4,,,12.6,,8.1,9.7,195.4,38.6,,0.1,25.8,,,,,,,,,26.0,,,,0.3,,,1.2,2.7,22.6,,,,0.8,0.1,59.0,,,,,,,436.3,,0.5
DE200000,,2022.7,323.3,1058.3,1165.9,,7.0,49.2,0.8,4.7,14.0,1071.0,623.5,138.1,0.1,433.9,120.0,4.4,1.5,,62.5,2.5,183.6,,192.9,2.1,,,0.4,,,42.6,22.5,87.8,0.4,36.5,18.5,63.5,5.0,478.1,,,,0.2,,,3107.7,19.6,5.9
DE210000,,441.4,68.9,232.0,232.0,,0.4,28.8,,0.8,1.6,350.9,108.2,,0.2,79.8,,,,,,,,,34.8,,,,0.1,,,17.9,3.5,30.0,,,,8.2,0.1,97.5,,,,,,,794.1,,
DE220000,,391.4,52.9,229.8,229.8,,0.1,24.0,,0.5,1.2,143.7,70.6,,0.1,54.2,,,,,,,,,20.9,,,,0.1,,,11.3,2.0,18.4,,,,21.8,0.4,93.6,,,,,,,536.4,,
DE230000,,285.4,85.3,159.9,159.9,,,16.5,,0.2,0.4,122.9,66.4,,0.1,37.4,,,,,,,,,25.3,,,,0.2,,,9.3,2.5,23.8,,,,6.0,0.1,35.7,,,,,,,408.8,,
DE240000,,217.2,77.4,132.3,132.3,,,17.6,,2.1,2.2,92.6,36.5,,0.1,19.0,,,,,,,,,29.3,,,,0.1,,,1.8,3.5,22.6,,,,1.2,0.4,27.5,,,,,,,312.0,,
DE250000,,241.3,69.9,141.8,141.8,,0.2,14.8,,0.7,1.2,98.8,48.7,,0.1,38.3,,,,,,,,,22.2,,,,0.1,,,3.5,2.6,20.7,,,,5.6,0.3,41.4,,,,0.8,,,341.4,,0.3
DE260000,,286.4,71.5,176.8,176.8,,0.7,25.0,,2.1,8.0,60.3,20.0,,0.1,15.7,,,,,,,,,42.1,,,,0.1,,,1.0,2.5,32.2,,,,21.8,3.7,77.3,,,,,,,354.8,,5.3
DE270000,,241.5,45.2,138.7,138.7,,0.1,9.2,,1.1,1.8,278.1,54.7,,0.1,43.5,,,,,,,,,18.1,,,,,,,6.7,2.1,18.2,,,,8.4,0.1,67.7,,,,,,,521.6,,
DE300000,,1.1,0.1,0.6,0.6,,,0.16,,,0.1,0.8,0.3,0.1,2.0,0.1,,,0.04,,0.1,,0.3,,0.1,,,,,,,0.1,,0.1,,0.3,,,,0.1,,,,,,,1.9,,
DE400000,,1004.3,100.8,505.4,513.7,,0.1,41.2,0.1,2.7,4.4,301.6,303.0,95.4,0.1,212.1,20.6,1.9,1.0,,32.3,3.8,90.7,,178.8,0.4,,,1.0,,,11.6,20.8,77.3,0.1,172.7,0.6,6.7,11.1,157.5,,,,0.1,,,1310.4,6.9,0.02
DE500000,,1.6,0.1,0.6,0.7,,,0.02,,,0.1,6.4,0.7,0.2,0.1,0.6,,,,,,,0.1,,0.2,,,,,,,,,0.2,,0.1,,,,0.4,,,,,,,7.9,,
DE600000,,5.5,0.7,2.4,2.4,,,0.4,0.2,1.7,2.2,6.9,1.5,0.5,0.1,0.9,,,0.5,,,,0.5,,0.8,0.1,,,0.1,,,0.1,0.1,0.7,,0.3,,0.02,,1.3,,,,,,,14.6,0.4,
DE700000,,464.4,87.3,289.3,306.7,,2.1,17.9,0.3,1.7,5.9,294.3,67.9,47.2,0.1,43.9,13.5,0.5,0.3,,19.3,0.5,23.9,,59.7,0.8,,,0.2,,,4.4,11.7,43.3,0.1,15.1,1.7,16.5,0.2,141.5,,,,,,,764.7,8.4,3.5
DE710000,,155.5,28.4,96.4,96.4,,0.2,10.1,,0.9,5.0,73.6,12.0,,0.1,7.9,,,,,,,,,11.2,,,,0.3,,,3.6,1.7,12.0,,,,11.4,0.1,49.4,,,,,,,234.2,,3.5
DE720000,,116.6,27.5,77.6,77.6,,0.1,9.3,,0.1,0.2,83.0,9.6,,0.1,6.4,,,,,,,,,16.3,,,,0.1,,,0.6,2.5,15.0,,,,1.5,0.1,33.9,,,,,,,199.9,,
DE730000,,210.3,48.3,137.1,137.1,,0.2,16.6,,0.3,0.7,118.1,15.5,,0.1,9.8,,,,,,,,,32.2,,,,0.1,,,0.9,3.7,29.2,,,,5.8,,63.7,,,,,,,329.2,,
DE800000,,1069.8,142.1,551.8,562.4,,,41.7,0.04,2.3,3.0,270.6,215.1,182.8,0.1,171.2,6.4,0.4,0.2,,15.1,3.0,43.9,,223.5,0.2,,,0.2,,,13.3,27.1,178.8,0.2,69.1,0.3,30.2,1.2,307.0,,,,,,,1343.5,3.1,3.4
DE900000,,1866.9,198.4,829.7,895.0,,0.4,46.6,0.9,12.4,19.7,684.7,634.7,84.5,0.1,543.6,69.3,1.1,4.7,,58.8,5.2,90.1,,104.3,0.6,,,0.2,,,122.2,16.4,79.3,0.7,141.0,0.8,99.3,0.3,346.2,,,,0.1,,,2571.3,21.5,
DE910000,,334.9,53.9,209.9,209.9,,,29.4,,0.2,0.6,47.9,8.5,,0.3,6.6,,,,,,,,,21.9,,,,0.2,,,11.8,1.6,21.4,,,,49.9,,135.7,,,,,,,383.8,,
DE920000,,414.1,64.7,256.4,256.4,,,34.5,,0.5,1.4,78.3,28.6,,0.4,22.9,,,,,,,,,31.9,,,,0.1,,,17.9,3.3,28.5,,,,37.8,,130.8,,,,,,,494.2,,
DE930000,,496.8,82.5,244.9,244.9,,,49.0,,9.5,12.2,301.6,92.9,,0.5,81.2,,,,,,,,,30.0,,,,0.1,,,48.1,2.9,23.4,,,,24.4,0.1,65.4,,,,0.1,,,811.0,,
DE940000,,570.4,96.0,317.2,317.2,,,32.1,,0.4,4.8,353.8,145.7,,0.5,121.7,,,,,,,,,20.4,,,,0.2,,,48.1,1.3,16.2,,,,1.4,,73.6,,,,,,,929.5,,
DEA00000,,1047.9,156.0,570.1,627.9,,0.1,25.2,2.9,3.9,12.2,411.5,267.3,45.2,1.6,214.7,79.7,1.1,3.4,,58.6,1.6,47.9,,50.2,1.0,,,0.1,,,36.7,17.5,41.1,0.4,33.6,0.7,50.7,0.03,234.0,,,,,,,1473.2,28.5,0.03
DEA10000,,163.5,15.5,72.1,72.1,,,7.9,,0.6,2.1,61.8,34.0,,0.2,26.0,,,,,,,,,2.2,,,,,,,13.4,0.9,2.9,,,,19.7,0.1,35.7,,,,,,,227.6,,
DEA20000,,182.1,22.1,95.3,95.3,,,10.1,,2.3,3.6,112.9,14.9,,0.2,10.4,,,,,,,,,3.0,,,,,,,9.1,1.0,3.3,,,,40.1,0.2,65.4,,,,,,,298.8,,
DEA30000,,332.7,68.9,222.4,222.4,,,21.2,,0.2,1.3,71.5,70.3,,0.3,61.6,,,,,,,,,6.5,,,,,,,3.7,0.7,8.1,,,,1.1,,54.0,,,,,,,405.8,,
DEA40000,,267.5,64.1,180.9,180.9,,,23.1,,0.5,1.2,72.2,25.1,,0.4,20.1,,,,,,,,,24.6,,,,0.1,,,2.5,2.1,23.7,,,,6.0,,64.9,,,,,,,341.3,,
DEA50000,,133.6,29.6,89.7,89.7,,,9.0,,0.1,4.3,114.3,12.8,,0.3,9.8,,,,,,,,,14.0,,,,,,,2.2,1.0,14.1,,,,3.0,0.1,40.9,,,,,,,252.4,,
DEB00000,,387.2,80.0,219.7,244.5,,3.0,17.5,0.3,4.8,69.7,242.1,60.8,40.2,0.1,36.8,10.3,0.4,0.7,,15.6,2.3,23.2,,36.3,0.6,,,0.1,,,7.2,5.6,37.7,0.1,9.3,0.3,16.5,0.4,95.7,,,,0.4,,,699.1,13.1,63.6
DEB10000,,149.0,48.0,100.7,100.7,,0.1,11.9,,1.2,9.5,99.7,9.8,,0.1,5.5,,,,,,,,,21.1,,,,0.1,,,1.3,1.8,20.6,,,,1.8,0.3,37.4,,,,,,,258.3,,7.6
DEB20000,,69.7,21.1,44.4,44.4,,,5.6,,0.3,8.0,103.8,12.1,,0.1,7.2,,,,,,,,,5.9,,,,0.8,,,0.3,1.0,4.3,,,,0.1,0.1,9.1,,,,0.1,,,181.6,,7.5
DEB30000,,171.9,42.9,100.6,100.6,,1.1,15.2,,4.8,54.3,40.4,7.5,,0.2,3.6,,,,,,,,,9.3,,,,0.2,,,7.2,1.4,7.5,,,,19.9,0.3,39.3,,,,1.1,,,266.7,,49.4
DEC00000,,34.2,5.0,19.5,22.1,,0.1,1.5,0.03,0.2,0.3,39.5,9.2,2.7,0.3,4.9,0.2,0.1,0.1,,1.9,,2.4,,4.2,,,,0.1,,,0.2,0.6,2.8,0.03,2.7,,,0.1,8.4,,,,,,,74.0,0.2,0.1
DED00000,,702.7,114.7,376.9,396.0,,2.5,29.4,0.2,3.7,5.1,190.6,144.2,107.9,0.1,93.4,13.5,0.4,0.4,,18.2,8.4,50.7,,121.3,0.2,,,0.3,,,6.2,10.6,102.0,0.2,32.7,1.0,14.2,2.0,181.5,,,,0.1,,,898.4,4.0,0.4
DEE00000,,986.1,119.1,546.4,562.0,,9.0,30.8,0.1,1.5,2.5,174.1,204.1,109.9,0.1,159.2,18.4,0.2,0.2,,18.3,3.8,43.1,,162.9,0.8,,,1.0,,,15.4,20.7,100.5,0.2,74.3,1.2,48.6,4.7,297.4,,,,0.1,,,1162.7,4.4,0.7
DEF00000,,655.0,81.2,281.1,287.0,,,11.8,0.2,1.0,6.3,321.3,254.4,67.8,0.2,187.1,1.4,0.3,3.4,,6.7,0.6,61.7,,103.3,0.01,,,0.1,,,6.4,12.5,67.2,0.7,28.7,0.1,9.9,,145.8,,,,0.09,,,982.8,8.0,0.6
DEG00000,,604.1,110.7,356.2,362.8,,7.8,13.1,0.1,2.0,2.3,168.4,102.5,103.3,0.1,63.1,5.7,0.3,0.1,,12.8,1.6,39.3,,109.7,1.0,,,0.1,,,1.7,12.9,98.6,0.2,10.5,0.5,11.1,1.1,202.4,,,,0.1,,,774.8,1.0,0.1
DK000000,1.68,2369.3,621.6,1359.59,1359.59,,,81.7,0.1,3.49,28.3,222.4,505.27,162.41,,173.92,6.4,,1.9,78.69,6.9,106.3,331.35,3.25,162.41,0.7,,,0.7,13.27,,51.07,32.4,162.41,3.6,108.3,,33.3,,537.7,,,0.1,,0.03,,2620.0,13.01,
EE000000,0.62,693.64,121.54,367.24,367.24,,,9.91,0.01,2.25,4.12,284.77,174.85,79.79,2.93,13.04,,,0.18,40.44,13.37,3.08,161.25,2.26,76.16,3.63,,,5.23,2.45,,3.11,49.54,78.81,0.27,11.9,,0.1,,179.99,,,0.1,,0.01,,985.46,2.71,
EL000000,47.92,1764.95,134.2,683.79,652.24,45.62,220.82,145.73,0.44,178.23,1242.85,2251.5,270.56,401.85,8.22,103.67,112.02,12.38,0.92,67.17,16.96,0.3,166.89,85.1,96.5,13.58,797.77,906.02,1.33,60.14000000000001,31.56,15.64,141.29,6.46,,8.46,1.03,1.46,87.66,92.61,107.53,15.57,267.38,12.01,15.13,65.65,5267.52,74.98,104.21
EL100000,,983.32,62.72,428.09,774.75,7.13,144.94,76.49,0.29,114.21,229.27,700.38,111.27,283.07,1.74,47.5,75.23,7.51,0.56,,15.16,0.07,63.76,,35.9,8.26,,87.42,0.02,,34.34,5.1,74.51,6.04,,7.29,0.95,1.09,94.36,78.02,,,,10.35,,,1914.71,17.44,16.26
EL110000,,304.89,11.85,93.21,152.73,0.08,33.04,24.78,0.07,7.04,29.52,138.16,30.14,140.44,0.56,14.12,26.97,3.13,0.01,,1.04,0.02,16.02,,28.3,0.56,,15.85,50.64,,2.68,2.55,9.67,1.08,,0.32,0.93,0.16,56.75,16.51,,,,6.14,,,473.12,6.1,5.97
EL120000,,483.66,35.44,241.36,299.28,0.72,86.13,29.81,0.11,93.79,144.35,142.66,39.15,126.33,0.5,10.47,35.96,5.16,0.51,,7.56,0.04,28.68,,6.6,4.77,,41.3,0.01,,31.46,0.94,48.23,4.61,,1.46,0.02,0.82,29.76,37.11,,,,3.59,,,771.17,8.91,7.22
EL130000,,171.1,15.16,86.39,133.05,0.01,25.71,20.91,0.05,10.67,17.59,152.55,28.19,15.95,0.21,14.92,8.36,4.38,0.01,,6.41,0.01,13.27,,0.3,2.73,,2.98,0.01,,,1.44,16.3,0.35,,5.3,0.01,0.11,7.82,23.89,,,,0.62,,,341.44,1.61,2.27
EL140000,,346.79,39.76,157.3,198.69,0.04,76.19,16.39,0.02,35.79,68.7,239.06,39.38,98.94,0.74,29.11,23.7,3.6,0.06,,0.77,0.16,10.27,,0.6,2.54,,25.4,0.01,,0.01,0.4,24.6,0.11,,0.43,0.01,0.53,0.9,9.71,,,,1.53,,,655.28,9.29,7.12
EL200000,,663.02,59.68,287.28,159.06,33.98,113.57,53.93,0.08,57.64,651.59,899.43,102.31,138.88,4.17,48.24,41.36,5.39,0.33,,1.38,0.2,54.07,,0.1,3.47,,501.26,0.01,,1.75,8.92,47.27,0.2,,0.5,0.04,0.65,3.35,14.3,,,,1.89,,,2218.21,36.96,56.62
EL210000,,23.67,0.27,7.14,14.4,6.32,0.06,1.0,0.06,2.71,37.82,267.01,13.79,0.35,0.48,7.99,3.94,0.05,0.02,,0.17,0.01,5.8,,0.1,0.2,,27.29,0.09,,0.21,0.18,0.32,0.01,,0.21,0.01,0.03,0.04,0.51,,,,0.4,,,328.98,0.82,0.81
EL220000,,10.32,0.07,3.06,2.14,0.73,0.09,2.02,0.01,0.13,49.89,33.74,1.54,0.02,0.68,0.35,0.01,,0.02,,0.01,,1.2,,,0.02,,44.03,,,,1.76,0.41,,,0.01,,,,0.14,,,,,,,94.64,1.53,4.99
EL230000,,89.13,2.12,46.32,43.68,9.11,0.19,7.84,0.01,2.41,129.44,222.7,28.79,2.76,1.33,15.02,9.57,0.32,0.07,,0.36,0.01,13.78,,0.1,0.17,,102.98,2.67,,0.83,3.16,6.74,,,0.01,0.03,,0.03,0.69,,,,0.07,,,442.59,6.85,14.56
EL240000,,162.11,15.25,66.7,74.28,0.15,35.25,17.78,0.02,8.09,106.25,254.72,19.79,36.9,0.5,1.13,6.68,1.79,0.05,,0.14,0.02,18.68,,0.1,0.54,,91.45,32.38,,0.89,1.25,10.99,0.09,,0.02,0.01,0.12,2.4,2.03,,,,0.29,,,523.58,8.43,6.15
EL250000,,54.68,2.48,13.9,24.56,23.95,1.84,9.9,0.01,11.22,297.31,149.2,12.8,0.26,0.92,2.64,1.4,0.01,0.15,,0.09999999999999999,0.01,10.16,,0.6,0.19,,237.41,,,0.03,2.34,4.53,,,0.03,,,0.05,1.73,,,,1.1,,,502.11,10.85,23.8
EL300000,,9.52,0.79,2.96,7.32,0.31,1.66,1.39,0.03,0.88,42.36,14.04,0.49,0.83,0.08,0.05,0.02,,0.02,,0.01,,0.44,,1.4,0.04,,33.45,0.76,,,0.05,0.57,,,,,,0.01,0.04,,,,,,,65.99,3.19,7.67
EL400000,,109.09,13.79,21.55,12.46,4.22,2.51,13.92,0.04,5.51,319.64,637.66,52.65,2.13,2.22,7.4,0.17,0.01,0.02,,0.33,0.03,45.24,,0.1,2.08,,283.88,,,,1.67,8.36,,,0.52,,,0.01,0.83,,,,,,,1068.61,8.72,23.66
EL410000,,23.36,6.1,8.9,2.17,0.9,0.74,2.91,0.01,2.19,69.29,108.81,6.64,1.88,0.38,0.99,0.05,0.01,0.02,,0.29,,5.66,,0.1,1.86,,63.61,,,,0.2,2.01,,,0.03,,,0.01,0.27,,,,,,,201.83,0.77,2.54
EL420000,,34.21,3.84,6.7,9.18,0.68,1.67,7.68,0.01,0.2,23.2,107.2,16.88,0.11,0.36,4.58,0.07,,0.03,,0.02,0.01,12.3,,0.1,0.07,,20.11,,,,0.85,0.91,,,0.08,,,0.1,0.38,,,,,,,164.97,1.07,2.13
EL430000,,51.51,3.84,5.95,1.11,2.65,0.1,3.33,0.02,3.13,227.16,421.65,29.12,0.15,1.49,1.83,0.05,,0.01,,0.03,0.02,27.29,,1.0,0.15,,200.16,,,,0.62,5.44,,,0.41,,,0.5,0.18,,,,,,,701.81,6.89,18.99
ES000000,94.13,11869.7,2527.22,6022.2,5936.03,297.97,298.31,2870.27,6.09,1102.29,5041.34,7415.86,1180.91,831.77,107.73,110.25,347.02,,21.26,514.54,280.43,50.02,1070.66,834.05,741.67,24.45,2452.57,2623.72,26.25,315.05,86.17,65.5,367.72,83.09,7.24,154.45,1.38,29.59,630.94,1814.07,171.15,14.92,57.74,7.91,59.92,915.01,24434.63,388.33,931.63
ES100000,,402.77,1.05,36.09,41.13,0.29,0.02,21.53,0.73,41.26,66.9,1197.22,309.83,0.11,26.11,80.87,16.18,,0.73,,0.03,0.02,215.68,,0.1,,,0.29,,,,16.66,2.97,0.02,6.86,4.47,,0.01,0.07,14.04,,,,0.1,,,1692.99,7.97,24.33
ES110000,,369.23,0.9,34.73,40.43,0.28,0.02,21.26,0.71,36.17,61.35,513.13,280.75,0.01,22.77,70.43,15.7,,0.51,,0.1,0.02,207.56,,0.1,,,0.29,,,,16.0,1.91,,6.63,4.43,,,,13.44,,,,,,,966.48,7.23,24.1
ES120000,,23.15,0.1,0.54,0.46,,0.1,0.35,0.03,4.84,5.16,422.96,20.05,0.01,2.98,7.09,0.48,,0.2,,,,6.12,,,,,,,,,0.53,1.06,0.12,0.24,,,,,0.07,,,,,,,454.24,0.69,0.11
ES130000,,10.4,0.15,0.81,0.25,0.01,0.1,0.27,0.02,0.24,0.39,261.13,9.04,0.09,0.36,3.35,0.01,,0.02,,0.03,,2.0,,,,,,,,,0.13,0.01,0.02,0.05,0.04,,0.01,0.07,0.53,,,,,,,272.27,0.05,0.12
ES200000,,2044.86,596.12,1152.45,1151.93,,60.69,575.69,0.04,148.75,340.89,813.66,188.78,37.82,14.63,7.44,100.54,,1.71,,51.39,7.85,143.11,,65.4,0.58,,63.74,0.01,,6.39,3.3,31.23,13.21,0.3,12.69,0.54,1.97,22.13,282.51,,,,0.01,,,3214.03,45.45,115.3
ES210000,,62.53,17.19,43.55,47.37,,0.01,3.09,0.08,2.5,17.84,114.32,6.08,3.42,4.4,1.03,0.18,,0.38,,0.24,0.06,4.9,,1.9,,,0.37,0.01,,,1.6,1.55,1.02,0.19,0.17,,1.11,2.39,20.34,,,,0.01,,,199.1,1.93,14.5
ES220000,,308.37,77.72,187.63,197.73,,0.38,52.99,0.03,7.3,34.66,75.76,32.84,10.93,2.99,4.6,16.11,,0.43,,3.28,2.17,21.54,,13.6,0.2,,8.43,0.1,,1.92,0.34,3.84,6.24,,0.03,0.05,0.2,4.38,77.2,,,,0.01,,,421.77,17.4,18.16
ES230000,,88.27,20.04,49.95,53.42,,0.03,26.74,0.01,14.73,68.42,76.98,2.45,2.94,2.5,0.06,0.39,,0.26,,1.84,0.08,2.06,,0.4,0.01,,5.72,0.1,,0.1,0.85,0.9,1.48,0.01,0.12,0.1,0.66,1.09,27.26,,,,,,,236.17,3.77,47.54
ES240000,,1585.69,481.17,871.32,853.41,,60.29,492.87,,124.23,219.97,546.6,147.4,20.53,4.74,1.75,83.86,,0.64,,46.02,5.68,114.6,,49.5,0.38,,49.23,0.01,,4.46,0.5,24.93,4.46,0.1,12.37,0.54,0.01,14.27,157.71,,,,0.02,,,2357.0,22.35,35.11
ES300000,,189.49,46.95,83.46,82.85,,0.18,71.72,0.03,3.35,37.22,127.29,4.84,2.89,0.57,0.54,4.65,,0.01,,5.44,0.09,3.25,,2.3,0.15,,25.7,0.1,,0.01,0.98,7.14,1.23,,1.48,,0.2,1.06,18.29,,,,,,,354.58,18.38,8.16
ES400000,,6551.91,1738.84,3633.71,3747.56,0.07,9.49,1534.05,0.12,248.0,1506.34,3755.82,460.84,509.52,21.04,13.31,172.39,,3.0,,136.42,28.61,411.45,,465.9,6.89,,655.57,0.03,,21.05,21.18,249.75,41.2,0.01,125.87,0.74,17.87,428.5,1105.2,,,,8.1,,,11835.1,96.25,598.2
ES410000,,3329.91,885.92,2007.36,2061.17,,1.68,527.14,0.02,12.23,103.24,1672.42,314.8,306.21,11.91,10.17,115.58,,1.26,,37.25,16.59,282.01,,158.0,1.62,,8.11,0.01,,,18.41,107.96,28.36,0.01,97.97,0.2,17.86,269.27,786.58,,,,0.04,,,5117.48,13.58,80.78
ES420000,,2561.02,792.1,1353.95,1414.97,,2.55,781.86,0.02,186.32,1005.53,386.67,42.65,183.22,4.52,2.44,15.82,,0.68,,81.08,10.91,35.94,,232.8,4.05,,380.38,0.03,,0.1,1.98,131.18,11.66,0.01,27.8,0.03,0.01,150.29,251.94,,,,0.03,,,3957.74,55.24,437.54
ES430000,,660.97,60.82,272.4,271.42,0.07,5.26,225.05,0.08,49.46,397.57,1696.73,103.39,20.09,4.61,0.7,41.0,,1.07,,18.08,1.12,93.49,,75.2,1.23,,267.08,0.06,,20.95,0.8,10.62,1.17,0.01,0.11,0.52,0.02,8.94,66.69,,,,8.02,,,2759.88,27.43,79.89
ES500000,,885.57,205.12,420.74,415.11,170.03,0.46,210.3,3.48,256.74,810.2,252.98,176.16,18.43,24.73,11.27,40.52,,11.57,,8.44,3.76,124.03,,21.5,0.96,,211.0,0.01,,36.48,4.86,14.6,12.66,0.01,1.9,0.17,0.1,3.45,101.14,,,,0.01,,,1973.48,33.25,122.3
ES510000,,578.49,169.79,335.12,336.12,8.8,0.26,66.27,1.6,97.4,279.67,197.02,136.0,16.03,7.73,11.0,40.08,,1.76,,6.59,3.76,87.96000000000001,,17.8,0.22,,108.52,0.01,,21.01,0.96,10.81,12.66,0.01,1.19,0.17,0.1,2.72,90.66,,,,0.01,,,1062.92,7.95,56.58
ES520000,,183.78,14.14,42.08,30.19,159.1,0.2,107.48,1.86,132.1,476.6,23.2,3.08,2.32,10.89,0.18,0.32,,9.56,,0.99,0.06,2.59,,3.7,0.66,,93.95,0.01,,15.45,2.41,0.99,0.04,0.81,0.7,,0.1,0.72,4.41,,,,0.01,,,694.46,23.56,63.38
ES530000,,123.3,21.19,43.54,48.8,2.13,0.01,36.54,0.02,27.24,53.93,32.76,37.08,0.08,6.11,0.08,0.13,,0.25,,0.88,0.15,33.48,,0.3,0.08,,8.52,,,0.03,1.49,2.81,0.1,0.02,0.01,0.1,,0.01,6.07,,,,,,,216.1,1.74,2.34
ES600000,,1746.25,160.85,741.31,762.41,126.25,180.06,423.55,1.28,396.04,2253.92,1231.96,52.4,275.35,16.85,1.29,8.92,,3.76,,60.63,9.7,46.49,,327.5,14.25,,1666.86,74.27,,38.15,14.4,60.83,3.17,0.01,27.78,0.01,7.78,194.84,142.34,,,,0.07,,,5248.98,159.65,57.39
ES610000,,1584.37,138.49,693.28,718.76,86.87,179.92,368.08,1.02,289.2,2053.9,1215.91,51.59,271.97,12.09,1.22,8.72,,2.69,,60.51,9.69,45.77,,327.1,10.97,,1643.97,74.2,,37.74,9.86,60.43,3.17,0.01,27.55,0.01,7.78,194.78,133.52,,,,0.07,,,4866.28,110.68,28.58
ES620000,,161.88,22.36,48.03,43.65,39.38,0.15,55.47,0.26,106.85,200.02,16.05,0.81,3.38,4.76,0.06,0.2,,1.08,,0.12,0.01,0.7200000000000001,,0.4,3.28,,22.9,0.06,,0.4,4.54,0.41,0.01,0.03,0.22,,0.1,0.06,8.82,,,,,,,382.7,48.97,28.81
ES700000,,48.84,0.1,1.48,1.71,1.34,0.01,33.45,0.44,17.55,25.88,36.94,3.26,0.43,3.81,0.41,0.58,,0.48,,0.01,0.02,1.02,,,0.22,,0.56,0.02,,,4.03,0.39,,0.07,0.09,,,,0.24,,,,0.1,,,115.47,5.28,5.95
FI000000,0.7200000000000001,2242.7,388.6,960.0,960.0,,,207.2,0.1,3.36,3.7,21.8,786.1,53.7,1.3,,0.9,0.5,1.0,334.8,4.7,12.5,786.1,2.74,38.1,15.1,,,2.3,14.39,,20.3,30.3,35.0,,18.1,,11.3,0.8,212.8,,,0.2,,0.11,,2270.0,16.73,
FI100000,,2229.3,391.0,948.0,1112.2,,,206.2,,3.4,3.4,19.3,837.8,40.0,1.3,,,3.0,,,,12.4,837.8000000000001,,62.5,15.0,,,0.6,,,20.0,34.3,24.5,,18.5,,11.0,0.2,197.4,,,,,,,2253.7,15.9,
FI130000,,179.1,29.1,98.1,89.5,,,24.1,,0.3,0.3,1.6,34.1,5.4,0.2,,,0.1,,,,1.1,34.1,,1.3,1.6,,,0.1,,,0.2,6.2,3.7,,3.2,,0.2,,39.3,,,,,,,181.2,1.9,
FI180000,,608.1,129.9,346.5,499.0,,,63.5,,0.7,0.7,4.1,119.6,13.9,0.5,,,0.3,,,,5.5,119.5,,34.6,4.9,,,0.1,,,3.0,16.5,9.0,,8.5,,6.0,0.1,100.5,,,,,,,613.3,6.4,
FI190000,,782.1,155.3,358.5,439.0,,,69.0,,0.6,0.6,4.1,270.7,14.7,0.4,,,1.1,,,,2.1,270.7,,25.1,6.0,,,0.5,,,12.1,9.6,8.2,,5.6,,4.6,0.1,49.6,,,,,,,788.5,4.2,
FI1A0000,,659.9,76.7,144.9,84.8,,,49.5,,1.7,1.7,9.6,413.4,6.1,0.3,,,1.4,,,,3.8,413.4,,1.5,2.5,,,0.1,,,4.7,2.0,3.6,,1.2,,0.2,,8.1,,,,,,,670.7,3.3,
FI200000,,13.4,1.1,3.5,4.4,,,1.0,,0.3,0.3,2.5,7.2,0.1,,,,,,,,,7.1,,0.1,,,,,,,0.7,0.1,0.1,,0.2,,0.1,,1.4,,,,,,,16.3,0.3,
FR000000,10.66,18044.45,1729.4,9265.78,9253.58,4.68,291.2,523.39,8.55,163.13,1055.71,9646.74,4880.58,2383.88,150.99,1308.04,1496.54,,15.61,231.39,488.52,74.34,3461.7,136.2,1883.4,102.99,17.33,17.62,45.79000000000001,210.29,12.19,154.0,370.87,982.8,21.65,42.9,155.96,402.06,698.85,4973.65,0.28,5.36,158.23,1.56,4.9,753.59,28897.88,271.32,759.06
FR100000,,541.18,100.77,358.42,365.27,,3.62,20.03,0.36,1.04,1.88,35.86,12.73,77.22,5.41,1.61,51.28,,0.54,,4.32,0.42,10.35,,63.4,1.1,,,1.03,,,5.47,18.72,60.71,0.05,0.44,2.8,43.42,6.2,194.29,,,,4.6,,,584.33,4.25,0.03
FR200000,,6806.79,1034.71,3960.53,3930.66,,95.26,182.26,1.09,15.5,110.87,2251.72,898.67,1128.21,40.1,382.98,239.53,,2.81,,69.35000000000001,30.77,498.9,,985.1,10.51,,,17.62,,,93.97,167.23,938.36,5.74,6.44,17.96,292.12,66.73,2449.11,,,,0.28,,,9209.48,43.83,88.14
FR210000,,1253.62,293.55,727.44,744.62,,0.48,25.17,0.12,0.37,32.49,255.06,154.16,174.53,2.05,51.9,39.6,,0.25,,7.09,6.21,87.46000000000001,,168.5,7.11,,,0.91,,,20.36,40.4,128.33,0.47,1.1,4.52,100.83,23.58,374.6,,,,0.06,,,1543.22,3.58,31.74
FR220000,,1179.29,125.85,686.87,703.68,,0.31,15.3,0.12,2.42,6.03,158.6,68.15,143.16,6.75,43.71,49.87,,0.31,,2.91,3.47,22.71,,70.8,0.27,,,0.62,,,62.59,28.37,112.38,1.34,1.21,0.25,146.81,2.68,498.5,,,,0.04,,,1350.67,23.0,2.56
FR230000,,600.64,66.2,328.06,334.42,,0.53,6.01,0.1,2.8,3.55,198.3,65.38,143.55,2.4,48.22,11.44,,0.5,,1.09,0.33,15.75,,55.1,0.29,,,0.25,,,18.65,8.03,71.16,2.33,0.11,0.12,26.52,0.53,246.23,,,,26.0,,,804.89,1.6,
FR240000,,1955.3,329.18,1211.3,1250.32,,78.19,97.35,0.39,3.31,27.13,382.47,174.07,338.49,10.26,34.4,149.2,,0.99,,42.41,19.97,133.4,,433.3,5.34,,,10.17,,,14.02,52.83,195.77,0.9,4.75,6.09,29.67,118.05,554.51,,,,0.06,,,2375.16,14.55,21.93
FR250000,,652.03,64.65,287.36,290.4,,0.46,1.09,0.24,5.98,6.78,606.57,271.91,65.43,4.3,193.28,28.17,,0.3,,5.74,1.08,76.03,,25.1,0.05,,,0.19,,,1.92,13.43,49.14,2.35,0.48,0.15,0.68,1.59,176.39,,,,115.1,,,1269.67,6.12,
FR260000,,1002.32,204.7,597.62,607.22,,1.3,29.64,0.15,1.16,37.61,769.4,167.4,152.88,14.0,39.8,49.07,,0.69,,32.7,3.27,117.2,,232.3,,,,2.54,,,0.76,45.5,66.31,0.17,2.4,25.2,2.57,52.3,283.55,,,,110.1,,,1823.34,1.68,33.67
FR300000,,650.45,45.63,346.97,362.96,,0.4,4.66,0.33,0.64,1.2,167.49,80.4,50.93,8.55,64.26,25.28,,0.43,,1.46,0.23,14.56,,9.7,0.32,,,0.1,,,65.55,3.62,25.55,1.71,0.18,0.01,62.62,0.06,270.48,,,,0.03,,,827.69,33.2,
FR400000,,1255.03,187.2,754.11,776.79,,0.05,12.33,0.34,3.67,23.74,938.93,266.68,190.58,14.31,120.82,161.03,,0.93,,18.26,0.38,144.52,,205.5,0.22,,,1.33,,,1.95,17.32,162.19,0.44,1.73,14.77,6.91,9.61,377.03,,,,0.83,,,2232.0,3.13,18.8
FR410000,,736.17,156.05,417.87,446.51,,0.05,3.91,0.13,2.06,2.64,418.7,181.45,120.25,7.48,102.3,12.8,,0.24,,10.4,0.32,73.55,,153.7,,,,0.45,,,0.55,10.14,94.93,0.46,1.73,1.94,0.46,22.07,228.16,,,,20.2,,,1164.99,0.24,0.28
FR420000,,236.34,6.04,176.27,188.42,,0.35,5.58,0.13,1.26,17.93,85.96,29.08,15.24,2.96,14.15,117.5,,0.34,,2.06,0.01,13.3,,6.0,0.1,,,0.04,,,1.17,0.23,6.67,0.1,0.31,6.29,5.72,1.06,48.69,,,,0.49,,,343.19,2.2,16.15
FR430000,,269.32,32.52,129.77,141.86,,0.25,1.77,0.07,0.34,3.08,437.52,91.62,42.72,3.87,22.0,26.46,,0.35,,5.859999999999999,0.39,67.92,,45.8,0.19,,,0.34,,,0.14,1.55,25.3,0.81,0.91,13.31,0.01,2.7,58.39,,,,0.01,,,713.79,0.29,2.3
FR500000,,4703.28,322.13,2086.54,2007.98,,96.92,69.81,2.12,13.99,134.85,966.72,1985.23,410.27,30.92,660.18,403.34,,3.13,,100.36,17.26,1160.39,,512.5,4.41,,,8.14,,,13.74,58.26,233.8,4.02,1.99,4.84,1.16,154.16,1105.98,,,,0.89,,,5835.76,55.1,117.1
FR510000,,1672.95,85.72,643.31,667.07,,19.76,12.55,0.95,8.59,44.29,546.04,829.9,133.63,11.69,264.95,169.18,,2.1,,32.15,11.09,486.36,,137.0,2.48,,,2.95,,,1.27,23.4,71.64,3.57,1.78,1.07,1.19,51.35,303.84,,,,0.1,,,2274.96,11.77,32.33
FR520000,,1545.04,107.42,577.56,576.15,,0.52,7.53,0.85,2.69,3.08,210.29,843.47,55.7,11.66,290.9,189.01,,0.4,,23.68,1.4,463.58,,37.5,0.67,,,0.4,,,12.71,8.91,52.97,2.32,0.74,0.28,0.41,0.7,237.66,,,,0.01,,,1770.07,33.75,
FR530000,,1420.66,126.46,677.89,764.76,,34.77,68.64,0.19,3.01,101.18,230.3,341.09,266.56,7.5,49.76,185.28,,0.67,,27.7,7.46,268.86,,337.9,2.7,,,5.9,,,0.81,51.36,71.42,0.6,1.31,3.68,0.1,182.1,270.1,,,,0.21,,,1759.64,4.94,96.78
FR600000,,2882.15,135.73,1252.96,1268.74,,90.52,114.76,1.53,49.43,233.52,1871.59,1001.81,407.83,18.83,112.33,447.21,,1.97,,116.66,14.12,851.96,,369.2,2.38,,,4.61,,,3.6,40.19,64.48,0.35,3.16,83.28,0.01,251.3,409.04,,,,1.32,,,5006.08,42.02,180.46
FR610000,,890.8,21.29,408.88,479.07,,1.47,63.73,1.14,33.75,176.71,510.65,239.28,122.2,5.65,27.08,287.85,,1.34,,26.35,4.96,189.61,,66.2,1.02,,,0.71,,,3.02,7.26,13.82,0.11,0.49,41.61,0.19,64.47,63.71,,,,0.31,,,1583.82,39.22,140.9
FR620000,,1461.21,95.98,596.27,701.28,,50.58,71.2,0.32,18.92,59.27,959.1,456.45,282.79,8.18,42.76,151.15,,0.46,,52.54,7.38,396.4,,295.3,0.72,,,3.89,,,0.56,34.62,33.86,0.7,1.54,62.97,0.01,180.84,206.5,,,,0.15,,,2487.76,9.0,39.13
FR630000,,339.63,12.53,86.17,88.39,,0.22,0.83,0.05,5.14,5.61,534.29,243.52,6.54,5.0,31.84,7.64,,0.17,,26.52,0.06,205.56,,7.7,0.03,,,0.11,,,0.39,0.93,2.22,0.05,1.17,0.14,,3.81,24.59,,,,0.01,,,884.54,0.24,0.1
FR700000,,1217.09,74.87,556.42,555.72,,11.04,30.24,0.72,31.52,89.51,1770.26,514.5,84.03,14.55,89.05,148.63,,2.89,,61.06,3.21,422.12,,92.5,6.61,,1.2,0.35,,,2.58,10.02,37.16,0.54,8.46,13.85,5.05,25.9,241.66,,,,0.14,,,3091.41,7.46,52.31
FR710000,,556.79,41.66,271.61,320.48,,7.73,15.58,0.55,31.36,89.28,911.1,188.94,64.81,12.45,57.31,93.23,,2.98,,24.1,1.95,129.82,,56.0,10.75,,1.51,0.3,,,2.03,3.23,21.95,0.36,3.83,13.21,0.1,18.24,92.59,,,,0.08,,,1569.61,6.46,47.99
FR720000,,569.06,29.44,225.03,235.24,,0.16,6.97,0.12,0.47,1.91,913.0,301.87,23.94,2.61,37.28,38.6,,0.22,,34.8,0.4,259.5,,36.5,0.13,,,0.99,,,0.7,8.15,6.17,0.65,4.1,0.84,4.64,15.72,104.22,,,,0.04,,,1486.58,0.48,1.1
FR800000,,463.18,23.24,192.47,184.1,1.65,103.16,43.56,1.88,59.99,410.26,1233.25,131.71,59.0,7.12,1.48,8.16,,2.25,,11.34,4.12,121.06,,49.0,16.98,,16.18,0.27,,15.07,1.64,11.31,6.51,0.01,2.49,2.55,,32.59,20.9,,,,1071.9,,,2113.81,18.31,325.9
FR810000,,231.98,13.52,87.41,107.26,,34.64,24.1,0.34,19.93,257.09,518.89,74.12,28.7,3.38,0.75,4.55,,0.85,,7.6,1.58,67.78999999999999,,33.4,1.15,,3.99,0.23,,2.5,0.61,6.57,2.7,0.01,2.86,1.7,,22.65,14.91,,,,403.3,,,1011.34,8.0,230.08
FR820000,,190.74,12.81,60.47,75.52,0.07,15.76,20.8,1.5,31.12,136.32,470.14,54.44,35.02,3.06,0.42,3.32,,1.41,,4.48,2.38,50.55,,15.5,25.48,,10.06,0.02,,11.55,1.06,3.4,0.98,0.01,0.4,0.57,,7.72,8.95,,,,498.4,,,800.27,11.24,92.23
FR830000,,11.92,0.33,1.28,1.32,1.68,0.02,1.42,0.04,7.3,17.67,262.95,8.05,0.63,0.45,0.13,0.51,,0.01,,0.18,,7.220000000000001,,0.1,0.61,,2.05,,,,0.02,0.01,0.1,,,0.1,,0.02,0.09,,,,170.1,,,292.99,0.45,6.64
HR000000,5.69,888.93,56.5,517.0,517.0,2.1,0.7,28.87,0.19,30.58,78.82,536.68,103.3,170.0,1.78,28.0,285.0,,0.58,17.1,10.4,0.28,75.3,19.67,159.7,7.0,20.1,20.28,4.7,9.81,,9.2,2.0,30.0,1.0,0.5,85.0,10.0,40.0,146.8,,0.27,,3.3,0.39,21.19,1506.21,8.75,21.45
HU000000,31.3,4101.77,265.91,2358.06,2355.34,,29.5,115.06,0.99,78.24,160.46,732.54,385.48,1005.94,3.11,63.93,1058.84,2.24,9.16,20.98,93.33,7.1,321.55,51.53999999999999,995.55,5.09,,,25.83,89.91999999999999,2.72,8.77,11.86,256.86,0.41,25.69,62.19,12.13,650.66,861.1,,1.48,0.11,3.07,1.92,57.29,4997.88,84.1,59.63
HU100000,,220.72,11.81,119.1,162.81,,2.28,9.94,0.12,8.13,10.46,47.19,30.88,50.79,0.19,4.52,47.96,0.12,0.57,,8.49,,22.1,,56.5,0.14,,,0.02,,0.01,1.48,0.73,15.9,0.02,3.59,0.22,0.42,33.79,42.58,,,,0.01,,,278.57,4.11,1.77
HU200000,,1575.44,116.94,961.25,1167.25,,8.57,30.64,0.32,18.27,46.98,187.64,131.02,373.71,1.05,28.1,420.02,1.34,6.3,,24.64,,86.11,,285.4,1.08,,,0.19,,,1.57,4.58,154.26,0.18,5.79,41.34,9.52,166.55,374.52,,,,0.01,,,1811.1,9.49,22.41
HU210000,,465.28,30.66,290.6,336.83,,3.06,7.27,0.13,5.12,13.3,80.11,47.18,97.34,0.27,9.81,133.65,0.42,0.44,,7.82,,31.36,,96.4,0.05,,,0.11,,,0.64,1.92,35.95,0.05,2.02,2.26,2.9,56.42,109.38,,,,,,,558.96,3.28,7.73
HU220000,,471.74,46.29,275.25,322.28,,3.35,9.37,0.17,6.5,13.69,52.26,42.73,119.07,0.35,11.18,90.7,0.28,4.01,,7.26,,24.39,,70.5,0.19,,,0.09,,,0.55,1.25,64.23,0.11,2.82,18.44,2.61,30.67,121.47,,,,,,,538.04,1.93,3.18
HU230000,,638.42,39.99,395.4,508.15,,2.17,14.0,0.03,6.66,19.99,55.27,41.12,157.3,0.43,7.11,195.67,0.64,1.85,,9.57,,30.34,,118.5,0.84,,,0.08,,,0.37,1.42,54.07,0.03,0.95,20.65,4.0,79.47,143.68,,,,0.01,,,714.11,4.28,11.49
HU300000,,2305.61,132.63,1257.3,1484.24,,16.16,74.48,0.55,61.56,103.02,497.7,230.7,593.22,1.88,29.43,513.03,0.89,2.29,,63.5,,179.38,,439.7,2.75,,,0.65,,2.99,7.22,6.86,139.86,0.31,17.0,17.11,2.98,412.23,492.51,,,,3.23,,,2908.21,72.38,39.17
HU310000,,437.36,20.95,215.37,247.4,,0.8,20.77,0.06,13.21,30.99,120.47,55.2,123.94,0.42,5.26,55.25,0.3,0.55,,9.31,,46.09,,106.6,0.42,,,0.07,,,0.42,1.15,38.87,0.09,1.15,4.23,0.03,75.3,124.14,,,,0.06,,,589.24,3.57,17.22
HU320000,,899.89,40.21,488.46,595.36,,5.03,24.78,0.16,34.86,36.64,189.75,85.12,234.45,0.92,12.6,236.23,0.34,0.8,,24.09,,63.95,,160.5,0.41,,,0.21,,1.52,2.27,2.95,34.57,0.09,5.0,2.16,1.08,189.66,168.99,,,,2.79,,,1127.19,37.65,0.98
HU330000,,968.36,71.48,553.46,641.47,,10.33,28.93,0.34,13.49,35.39,187.49,90.38,234.83,0.53,11.56,221.54,0.26,0.94,,30.12,,69.34,,172.6,1.92,,,0.37,,1.47,4.53,2.77,66.42,0.13,10.85,10.72,1.87,147.26,199.38,,,,0.38,,,1191.78,31.16,20.97
IR000000,0.71,442.9,181.1,270.26,270.26,,,3.45,0.21,0.76,1.87,4066.65,93.49,11.91,3.0,14.17,,0.5,0.27,27.81,0.03,0.2,79.31,0.06000000000000005,11.21,0.05,,,0.09,3.71,,8.58,9.78,11.1,10.8,0.3,,31.0,0.02,61.35,,,0.15,,0.01,,4511.42,4.63,
IR010000,,27.92,6.39,8.48,62.49,,,0.09,0.01,0.04,0.2,1459.15,10.23,0.12,,0.21,,0.01,0.01,,0.46,0.02,9.31,,0.6,,,,,,,0.97,0.05,0.04,0.61,,,0.2,,0.78,,,,,,,1487.26,0.13,
IR020000,,224.78,107.17,135.78,243.4,,,1.52,0.16,0.42,0.71,1846.38,58.88,3.89,,9.56,,0.46,0.22,,0.64,0.13,47.85,,2.0,,,,,,,2.98,6.46,3.4,6.83,,,1.5,,15.73,,,,,,,2071.87,1.15,
IT000000,122.28,6908.71,240.48,2927.93,2709.11,145.1,1228.5,339.93,6.7,418.71,2447.31,3739.41,2368.82,438.05,26.71,383.29,588.6,,23.7,104.77,88.61,35.8,1985.52,284.0600000000001,420.65,2.56,1056.7,1145.52,0.32,317.53,218.82,46.7,104.22,17.88,0.45,3.49,285.46,30.14,116.99,454.66,33.54,46.95,1.13,13.71,95.45,652.45,13122.14,418.36,703.9
IT100000,,1403.9,39.43,667.58,573.61,0.07,10.96,30.71,1.58,46.56,137.58,533.58,583.19,71.38,1.5,212.34,274.16,,5.47,,14.35,0.91,367.36,,107.5,0.52,,18.88,,,213.59,2.95,11.94,5.66,0.03,0.27,53.8,1.86,11.17,112.08,,,,0.12,,,2076.56,27.87,66.02
IT110000,,562.96,18.29,342.86,287.84,,2.02,18.01,0.33,40.8,84.71,231.23,159.45,22.71,0.44,19.8,137.42,,1.77,,7.81,0.91,136.17,,50.6,0.08,,0.11,,,115.72,1.08,5.49,2.26,0.03,0.02,13.09,0.44,7.19,60.04,,,,0.04,,,879.33,7.74,41.96
IT120000,,0.17,0.02,0.03,0.03,,,,,0.32,0.69,58.8,0.1,,0.06,0.1,0.01,,0.01,,,,,,,,,,,,,0.14,4.7,,,0.01,,,,0.01,,,,,,,59.72,0.03,0.37
IT130000,,3.41,0.09,0.36,0.47,0.07,0.04,0.22,1.97,0.38,18.59,36.88,0.98,0.04,0.71,0.02,0.11,,,,,0.01,0.96,,,0.04,,16.45,,,,1.06,0.02,,,,,,,0.16,,,,,,,58.88,0.95,1.7
IT200000,,837.37,21.05,324.34,285.32,,8.94,12.7,1.25,5.06,33.59,206.68,422.76,48.62,1.0,192.53,136.63,,3.7,,6.54,,230.23,,56.8,0.4,,2.33,,,97.86,0.67,6.43,3.4,0.01,0.24,40.71,1.41,3.98,51.87,,,,0.06,,,1078.63,19.18,22.0
IT300000,,1555.1,50.21,656.21,783.78,,62.58,36.63,0.51,99.83,303.13,547.83,478.78,235.42,2.98,101.27,256.18,,8.87,,39.13,22.67,377.44,,175.2,0.45,,9.48,,,9.16,9.88,10.61,8.0,0.27,0.83,200.69,24.8,22.28,234.97,,,,3.76,,,2409.04,77.67,184.66
IT310000,,2.83,0.01,0.42,0.34,,0.01,0.04,0.01,10.89,21.25,110.7,1.59,0.01,0.2,1.08,0.32,,0.06,,0.01,0.01,0.51,,,,,0.39,,,,0.34,0.01,,,0.01,,,,0.06,,,,,,,134.98,0.26,9.91
IT320000,,585.79,19.04,280.7,336.04,,10.18,12.93,0.32,18.59,120.98,90.82,96.62,148.88,1.5,42.73,153.69,,4.36,,8.67,7.23,53.89,,89.1,0.4,,5.15,0.04,,3.17,3.74,2.9,3.23,0.27,0.14,136.08,9.08,5.36,85.12,,,,3.67,,,799.09,23.12,92.88
IT330000,,124.61,8.22,59.24,110.57,,0.09,5.12,0.01,2.21,31.38,35.56,23.1,35.29,0.08,7.03,40.02,,2.52,,1.84,0.03,16.07,,42.4,,,0.23,,,0.02,0.25,0.79,2.65,3.19,0.02,28.73,0.38,3.86,8.78,,,,0.02,,,191.63,0.38,26.36
IT400000,,838.27,22.87,315.62,336.62,,52.31,18.5,0.15,50.25,106.26,102.51,354.74,51.25,1.0,48.9,62.14,,1.9,,28.61,15.4,305.77,,43.7,0.05,,3.71,,,5.96,5.25,6.93,2.13,0.03,0.6,35.89,15.33,13.06,140.97,,,,0.07,,,1048.04,53.61,50.2
IT500000,,1278.75,74.37,454.93,547.1,0.59,220.83,93.58,1.08,49.7,360.99,530.6,519.43,92.64,6.85,33.09,40.48,,6.63,,9.879999999999999,5.74,485.6,,162.3,0.15,,198.14,,,0.36,3.45,54.14,2.44,0.05,0.49,1.52,0.61,81.42,77.41,,,,6.41,,,2177.19,47.76,104.24
IT510000,,425.1,21.09,141.44,162.49,0.01,56.23,63.56,0.93,8.4,151.72,86.01,164.74,25.1,3.05,3.32,11.54,,5.28,,6.46,0.54,160.67,,64.5,0.06,,82.26,,,0.36,0.89,20.47,1.37,0.01,0.15,0.88,0.01,20.72,26.96,,,,1.51,,,665.87,7.26,55.44
IT520000,,225.69,20.0,86.5,116.84,,24.7,18.08,0.04,0.42,39.28,79.2,76.65,19.51,1.02,3.45,10.5,,0.7,,1.01,1.08,73.19999999999999,,46.5,,,25.4,,,,0.4,16.66,0.43,,0.12,0.02,0.01,14.4,24.2,,,,4.66,,,345.19,1.76,12.11
IT530000,,309.89,16.99,142.22,169.29,,100.1,10.09,0.09,1.64,27.84,62.42,85.2,44.13,1.91,2.86,5.28,,0.62,,1.99,4.09,82.34,,35.0,0.01,,9.45,,,,0.14,14.27,0.43,0.01,0.06,0.51,0.61,43.11,13.84,,,,0.03,,,402.06,9.05,15.61
IT600000,,318.07,16.29,84.77,98.48,0.58,39.8,1.85,0.01,39.24,142.15,302.97,192.84,3.91,0.88,23.46,13.16,,0.03,,0.42,0.03,169.39,,16.3,0.08,,81.02,,,0.03,2.01,2.74,0.21,0.03,0.22,0.1,0.01,3.19,12.41,,,,0.24,,,764.07,29.69,21.07
IT710000,,179.7,20.37,89.83,90.0,0.01,34.24,12.2,0.06,4.35,76.2,233.26,43.83,4.17,2.75,0.7,7.67,,0.15,,0.82,0.65,43.12,,7.1,0.01,,41.63,,,0.01,4.6,5.34,0.01,,0.19,0.09,0.03,4.06,22.66,,,,0.03,,,491.9,18.87,29.92
IT720000,,106.12,1.65,71.83,71.13,0.01,61.9,0.6,0.03,1.53,21.34,82.1,20.99,1.7,0.25,1.3,2.9,,0.02,,0.46,2.9,19.69,,11.8,,,14.34,,,,0.25,2.71,0.1,0.09,0.02,0.1,0.02,1.68,3.4,,,,0.01,,,209.81,5.13,5.45
IT800000,,280.35,12.76,107.41,109.95,2.91,54.16,13.82,1.11,73.64,178.51,115.48,97.86,3.59,6.72,17.61,13.54,,0.5,,0.08,0.89,80.21,,0.7,0.21,,75.17,,,,8.65,3.4,0.01,0.17,0.08,0.01,0.01,0.17,16.8,,,,3.21,,,581.06,41.64,24.95
IT900000,,1802.67,82.32,905.71,910.3,56.81,633.46,159.02,2.29,148.96,1116.97,936.95,464.59,13.3,14.04,24.26,29.93,,2.26,,2.05,6.47,440.28,,43.6,1.28,,723.3,,,0.58,21.3,24.35,0.74,0.06,1.98,0.13,0.08,7.9,75.15,,,,3.21,,,3870.62,183.83,183.76
IT910000,,842.13,22.35,413.28,413.82,9.37,344.3,71.93,0.86,46.15,551.47,218.26,232.66,3.17,2.22,1.99,0.84,,1.36,,0.1,1.88,230.68,,21.0,1.07,,382.44,,,0.1,2.58,10.0,0.19,0.06,0.01,0.01,0.03,1.9,15.0,,,,0.04,,,1614.08,86.09,111.84
IT920000,,269.96,17.19,158.97,160.25,5.66,115.16,58.47,0.12,9.04,43.15,135.59,39.59,0.59,1.04,0.69,0.82,,0.16,,0.12,0.43,38.91,,2.1,,,25.99,,,,0.11,1.17,0.54,0.35,0.29,,0.4,0.05,6.95,,,,0.2,,,448.7,11.06,2.47
IT930000,,124.41,8.0,64.4,65.15,38.86,23.7,2.0,0.24,14.25,246.29,152.27,29.65,0.09,2.1,1.97,4.16,,0.24,,0.48,0.15,27.68,,0.9,,,183.74,,,0.57,5.12,1.72,0.01,0.03,1.4,0.04,0.3,0.05,10.34,,,,,,,525.06,21.03,9.15
ITA00000,,582.98,4.82,283.5,300.26,84.61,264.53,69.8,1.02,69.46,454.5,466.01,215.74,0.02,2.09,0.57,0.2,,0.01,,0.5,,215.17,,4.4,0.02,,156.92,,,0.1,8.97,6.48,0.01,0.08,0.02,,,0.02,0.39,,,,0.1,,,1503.49,67.25,138.04
ITB00000,,285.31,12.28,43.8,58.37,3.02,18.07,20.0,0.22,4.19,74.15,724.43,200.93,0.04,1.35,7.54,1.9,,0.48,,0.06,0.01,193.39,,14.1,0.04,,38.8,,,3.54,0.79,5.54,0.01,0.08,,0.3,0.2,0.03,0.8,,,,,,,1085.24,13.99,27.18
KO000000,3.65,188.4,2.0,124.2,124.2,,,8.2,0.02,9.2,13.6,217.9,40.3,0.4,1.1,7.4,39.4,,0.1,2.0,0.14,0.02,32.9,2.97,0.8,0.32,,,0.02,7.600000000000001,,3.7,3.0,,,0.4,,3.7,0.1,80.3,,0.9,,0.02,0.5,2.5,421.0,9.1,3.4
LT000000,11.26,2247.33,148.1,1372.9,1372.9,,,62.21,0.1,23.34,31.09,657.09,291.47,302.83,7.27,28.4,19.9,0.03,0.57,102.6,127.5,7.34,261.55,14.28,296.37,4.17,,,0.8,11.42,,17.0,154.8,314.4,0.23,26.1,1.6,15.8,,948.7,,,2.25,,0.7,,2942.78,13.02,
LV000000,3.5,1333.5,75.5,774.0,774.0,,,55.8,0.1,7.2,9.2,626.3,298.9,150.0,,23.0,,0.1,0.3,96.0,27.5,4.5,276.1,4.5,148.6,1.3,,,0.1,11.2,,7.0,42.4,147.1,0.1,34.4,,0.3,,538.4,,,0.1,,0.1,,1969.0,4.2,
MK000000,11.9,424.86,47.68,165.83,162.68,,,141.15,0.09,44.9,41.86,803.81,35.46,21.19,,3.96,35.15,,1.0,3.1,2.59,0.38,31.5,33.0,5.37,0.37,,,0.14,28.68,3.16,12.56,12.48,0.23,0.45,3.78,0.02,0.24,5.13,70.37,,3.76,1.0,15.45,5.52,20.22,1270.53,36.73,23.98
MO000000,0.36,7.06,0.33,2.3,2.3,0.19,,0.11,,0.96,5.55,243.3,1.68,0.03,2.04,,0.61,,0.07,0.23,0.13,,1.4,1.52,,,0.13,0.15,,1.06,,1.71,0.09,,,0.15,,,,0.74,0.02,0.21,,0.03,0.07,2.63,257.95,1.32,2.83
MT000000,,7.77,,,,,,0.72,0.07,,0.94,,5.25,,2.0,,,,0.01,,,,5.25,,,,,,,,,0.57,,,,,,,,,,0.05,,,,0.39,10.7,1.17,0.45
NL000000,16.2,1004.83,30.0,172.27,172.27,,,8.86,34.45,18.9,37.21,772.41,408.48,7.78,3.9,186.0,17.0,,17.19,1.57,1.0,10.51,213.83,3.600000000000001,3.92,0.69,,,1.06,87.97,,160.0,4.14,2.0,2.4,2.0,0.48,81.0,1.0,119.0,,,4.17,,1.87,0.17,1814.45,98.05,0.17
NL100000,,266.08,19.54,54.42,63.0,,,1.45,3.42,0.24,0.89,267.17,95.5,2.82,0.4,42.08,1.14,,0.65,,0.17,1.15,53.43,,1.4,0.15,,,,,,65.21,0.52,0.78,0.62,0.52,0.03,28.65,0.16,32.33,,,,,,,534.14,9.66,0.01
NL110000,,106.97,10.02,35.24,40.0,,,0.7,0.42,0.05,0.25,54.14,21.75,1.98,0.1,8.03,0.24,,0.2,,0.02,0.63,13.72,,1.2,0.03,,,,,,27.12,0.36,0.63,0.14,0.12,0.03,13.51,,24.33,,,,,,,161.36,4.11,0.01
NL120000,,60.04,1.64,6.56,8.0,,,0.28,0.63,0.04,0.11,164.3,37.01,0.08,0.1,16.85,0.07,,0.07,,0.01,0.36,20.17,,0.1,,,,,,,9.17,0.07,0.04,0.22,0.02,0.02,2.81,0.01,4.74,,,,,,,224.44,2.46,0.01
NL130000,,99.07,7.88,12.62,15.0,,,0.47,2.36,0.15,0.53,48.73,36.74,0.76,0.1,17.2,0.83,,0.38,,0.14,0.16,19.55,,0.1,0.12,,,,,,28.92,0.1,0.11,0.25,0.39,0.01,12.33,0.15,3.26,,,,,,,148.34,3.09,
NL200000,,251.89,6.56,31.21,33.0,,,1.38,5.85,7.1,11.4,247.73,139.46,1.23,0.6,73.58,4.49,,4.24,,0.66,0.71,65.88,,1.5,0.23,,,0.1,,,32.46,0.24,0.57,0.83,0.6,0.12,13.65,0.09,18.0,,,,,,,511.02,23.47,0.06
NL210000,,80.25,1.66,5.51,5.0,,,0.27,0.75,0.09,1.05,114.59,61.7,0.19,0.2,34.16,1.55,,0.93,,0.32,0.15,27.54,,0.1,0.06,,,,,,7.93,0.05,0.07,0.27,0.37,,2.15,,1.49,,,,,,,195.89,1.08,0.02
NL220000,,89.39,2.54,11.38,12.0,,,0.71,0.94,5.87,8.77,127.56,63.59,0.66,0.3,36.03,2.92,,2.86,,0.33,0.36,27.56,,0.1,0.05,,,0.1,,,6.07,0.11,0.45,0.49,0.23,0.08,2.76,0.08,4.97,,,,,,,225.72,1.55,0.04
NL230000,,82.24,2.36,14.32,16.0,,,0.4,4.16,1.13,1.58,5.59,14.17,0.39,0.2,3.4,0.03,,0.45,,0.01,0.21,10.77,,1.4,0.13,,,0.1,,,18.46,0.08,0.04,0.07,0.01,0.04,8.74,,11.55,,,,,,,89.41,20.85,0.01
NL300000,,246.05,5.78,50.35,61.0,,,2.75,22.41,8.28,10.0,178.07,63.45,3.21,2.5,21.55,0.91,,1.69,,0.1,6.85,41.90000000000001,,5.1,0.07,,,1.8,,,37.81,2.97,0.17,0.38,0.31,0.1,21.57,0.23,42.75,,,,,,,434.12,32.0,0.02
NL310000,,12.73,0.09,0.68,1.0,,,0.16,0.05,2.24,2.44,55.05,11.31,0.01,0.3,6.44,0.04,,0.2,,0.09,0.04,4.869999999999999,,,0.01,,,,,,0.09,0.02,0.01,0.08,0.16,,0.07,,0.24,,,,,,,70.21,0.15,
NL320000,,76.1,1.54,8.8,11.0,,,1.35,15.2,0.79,1.06,50.27,25.08,0.31,1.0,4.68,0.01,,0.27,,0.01,0.88,20.4,,0.3,0.03,,,0.1,,,9.5,0.12,0.07,0.11,0.12,0.02,4.86,0.13,6.9,,,,,,,127.43,9.38,0.01
NL330000,,56.15,0.98,11.79,15.0,,,0.64,6.17,0.54,1.6,59.2,10.85,0.28,1.1,4.95,0.01,,1.06,,0.03,0.82,5.899999999999999,,0.2,0.03,,,0.1,,,9.96,0.34,0.04,0.08,0.02,0.02,4.75,0.04,10.69,,,,,,,116.95,10.17,
NL340000,,101.08,3.16,29.09,35.0,,,0.6,0.99,4.72,4.9,13.56,16.2,2.61,0.1,5.47,0.87,,0.16,,0.01,5.1,10.74,,4.5,0.01,,,1.7,,,18.26,2.51,0.06,0.11,0.01,0.06,11.88,0.05,24.92,,,,,,,119.53,12.3,0.02
NL400000,,240.81,6.5,36.29,35.0,,,3.28,2.78,4.23,14.93,79.44,110.08,1.17,0.4,57.44,12.88,,10.61,,0.24,1.8,52.63,,0.6,0.24,,,0.2,,,29.02,0.41,0.16,0.59,0.35,0.23,17.59,0.13,15.83,,,,,,,335.18,34.08,0.08
NL410000,,170.83,2.88,21.66,20.0,,,1.97,1.36,1.69,10.07,57.41,86.81,0.96,0.3,45.23,8.43,,8.36,,0.15,1.69,41.58000000000001,,0.6,0.17,,,0.1,,,21.51,0.35,0.06,0.44,0.17,0.16,10.37,0.11,9.81,,,,,,,238.32,21.53,0.03
NL420000,,69.98,3.63,14.63,15.0,,,1.3,1.42,2.54,4.85,22.03,23.27,0.21,0.1,12.21,4.45,,2.26,,0.09,0.11,11.05,,0.1,0.07,,,0.1,,,7.51,0.05,0.11,0.15,0.18,0.07,7.22,0.01,6.02,,,,,,,96.87,12.55,0.06
NO000000,1.61,804.31,139.22,280.22,280.22,,,0.52,0.2,3.14,3.35,178.3,490.08,3.43,1.7,,,,0.21,67.62,0.26,4.2,490.08,1.49,2.31,,,,3.5,9.760000000000002,,11.51,4.23,2.97,,6.53,,,,67.67,,,,,0.04,,985.96,9.48,
NO011000,,71.7,16.88,55.31,,,,0.1,,0.04,,3.24,0.64,,,,,,,,,,,,,,,,,,,,,0.81,,2.96,,,,18.14,,,,,,,75.0,,
NO020000,,176.91,42.6,67.9,,,,0.13,,0.15,,24.01,4.32,,,,,,,,,,,,,,,,,,,,0.2,0.1,,0.4,,,,9.8,,,,,,,201.11,,
NO030000,,172.76,26.8,102.85,,,,0.21,,1.29,,13.54,1.95,,,,,,,,,,,,,,,,,,,,,2.4,,5.33,,,,50.38,,,,,,,187.66,,
NO040000,,76.11,1.92,2.78,,,,0.03,,0.21,,53.35,0.54,,,,,,,,,,,,,,,,,,,,,,,0.01,,,,0.18,,,,,,,129.73,,
NO050000,,84.24,0.95,1.05,,,,0.06,,1.3,,49.0,0.28,,,,,,,,,,,,,,,,,,,,,,,,,,,,,,,,,,134.55,,
NO060000,,145.06,39.6,44.6,,,,0.06,,0.05,,19.39,2.59,,,,,,,,,,,,,,,,,,,,,0.02,,0.04,,,,1.0,,,,,,,164.5,,
NO070000,,72.82,0.1,0.2,,,,0.04,,0.01,,15.74,0.97,,,,,,,,,,,,,,,,,,,,,,,,,,,0.01,,,,,,,88.58,,
PL000000,156.8,10921.22,721.15,7463.1,7463.1,,,179.34,4.7,302.0,350.24,3189.56,1072.42,1164.31,22.35,619.99,1011.52,36.4,24.08,1078.78,1397.94,80.91,397.67,188.52,1039.3,76.17999999999999,,,3.27,238.28,,235.83,315.05,993.58,2.98,863.19,9.21,250.27,14.42,2390.52,,,2.63,9.8,8.7,,14483.37,183.5,0.9
PL100000,,1115.07,76.21,823.94,1730.5,,,24.14,,76.48,82.3,245.69,84.95,67.78,2.48,55.37,60.4,1.3,,,204.83,,26.24,,18.2,,,,0.07,,,36.21,29.62,45.38,1.08,137.61,0.17,7.84,0.62,199.37,,,,0.5,,,1445.54,53.4,0.1
PL110000,,778.56,42.75,584.94,665.4,,,12.77,,37.62,41.21,141.51,65.83,41.2,1.11,47.05,50.26,,,,150.96,,17.49,,7.3,,,,0.01,,,25.91,17.09,26.82,0.58,121.03,0.06,5.47,0.56,108.41,,,,0.01,,,962.39,18.0,
PL120000,,1152.61,47.07,855.66,1065.1,,,19.49,,88.3,96.99,428.84,146.74,47.01,2.57,114.85,68.25,1.3,,,186.45,,27.61,,10.9,,,,0.1,,,33.82,20.19,41.34,0.72,154.79,0.44,17.84,0.01,164.17,,,,0.04,,,1681.02,35.4,0.1
PL200000,,580.11,46.82,421.39,485.2,,,18.93,,11.25,15.0,314.01,30.94,51.52,3.41,17.95,60.17,,,,58.32,,15.85,,14.7,,,,0.03,,,21.73,12.44,37.81,1.01,32.28,1.96,2.78,0.38,169.44,,,,0.52,,,912.52,18.7,0.1
PL210000,,295.51,23.46,212.36,258.4,,,6.89,,9.78,12.18,223.82,12.68,23.22,2.76,5.67,32.76,,,,17.82,,7.959999999999999,,2.7,,,,0.02,,,16.69,6.59,13.32,0.9,7.67,1.64,1.34,0.21,101.58,,,,0.51,,,534.27,15.6,
PL220000,,284.61,23.36,209.03,226.8,,,12.04,,1.47,2.82,90.18,18.25,28.3,0.65,12.28,27.41,,,,40.5,,7.89,,12.0,,,,0.01,,,5.04,5.86,24.49,0.11,24.61,0.32,1.44,0.17,67.86,,,,0.01,,,378.26,3.1,
PL300000,,2041.35,93.47,1365.59,2056.8,,,35.98,,78.16,88.31,817.39,250.37,220.34,9.29,160.81,125.69,0.1,,,237.51,,106.67,,41.1,,,,0.45,,,31.05,56.91,172.89,1.48,129.06,2.24,39.31,1.41,470.89,,,,8.19,,,2956.33,42.4,0.4
PL310000,,1072.59,61.78,733.06,946.0,,,14.33,,66.92,72.63,204.03,45.9,157.95,4.61,30.76,41.11,,,,135.79,,15.88,,27.4,,,,0.35,,,11.67,40.99,128.49,0.98,51.43,0.83,35.73,0.34,323.19,,,,6.75,,,1353.87,20.9,
PL320000,,318.05,17.33,229.06,298.1,,,15.68,,7.82,11.38,211.59,11.24,38.33,3.76,3.52,44.17,,,,20.35,,8.29,,8.2,,,,0.09,,,13.64,6.38,26.15,0.49,10.21,1.37,3.52,0.97,99.55,,,,1.0,,,544.77,3.4,0.3
PL330000,,336.51,33.46,239.0,277.9,,,11.37,,38.87,41.09,104.18,19.12,26.58,1.37,8.32,10.14,,,,53.87,,8.76,,4.4,,,,0.06,,,10.31,12.54,18.57,0.5,16.58,0.11,2.37,0.06,90.96,,,,0.5,,,483.15,15.7,0.1
PL340000,,650.71,14.36,403.48,534.8,,,5.98,,3.41,4.3,401.77,193.23,24.06,0.91,126.53,40.41,,,,81.37,,82.49,,1.1,,,,0.02,,,5.74,9.57,18.25,0.01,67.42,0.04,0.06,0.1,48.15,,,,0.44,,,1057.68,2.4,
PL400000,,2475.42,186.99,1677.51,1878.3,,,34.8,,18.75,29.08,529.5,209.62,244.89,1.91,158.77,251.02,1.7,,,355.97,,56.23,,209.5,,,,2.22,,,45.98,91.53,204.24,1.69,286.52,0.85,73.27,2.5,430.59,,,,0.02,,,3035.92,24.6,0.1
PL410000,,1494.98,117.34,1044.89,1125.4,,,10.95,,13.12,16.45,237.72,159.9,108.43,1.01,133.88,189.58,0.6,,,229.38,,27.75,,79.4,,,,0.37,,,30.99,27.9,91.03,1.39,177.28,0.36,55.45,1.19,229.96,,,,0.02,,,1750.15,19.6,
PL420000,,682.18,45.9,430.53,509.2,,,15.17,,4.03,9.39,177.87,36.01,99.83,0.51,17.82,35.86,0.9,,,75.46,,22.64,,100.0,,,,0.32,,,12.22,40.5,85.91,0.24,74.34,0.31,15.35,0.29,151.1,,,,,,,869.95,3.1,
PL430000,,298.27,23.74,202.09,243.7,,,8.68,,1.59,3.24,113.91,13.71,36.63,0.39,7.07,25.58,0.1,,,51.13,,5.84,,30.1,,,,1.54,,,2.77,23.13,27.3,0.06,34.91,0.18,2.47,1.02,49.53,,,,0.01,,,415.81,1.9,0.1
PL500000,,1215.21,122.59,851.92,899.1,,,10.01,,4.0,6.21,180.11,37.31,221.0,1.4,25.74,159.98,0.3,,,79.83,,9.82,,138.6,,,,0.33,,,20.35,18.25,204.55,0.54,38.29,1.45,35.48,1.62,406.14,,,,0.02,,,1402.93,14.1,0.1
PL510000,,746.56,63.66,516.93,548.0,,,8.15,,3.39,5.03,136.92,20.0,138.0,1.0,12.27,98.54,,,,46.63,,5.65,,85.2,,,,0.23,,,14.47,12.45,127.04,0.34,24.21,0.86,20.26,1.27,254.21,,,,0.02,,,889.5,11.8,
PL520000,,468.65,58.93,334.99,351.1,,,1.86,,0.61,1.18,43.19,17.3,83.0,0.4,13.46,61.44,0.3,,,33.2,,4.17,,53.4,,,,0.1,,,5.88,5.8,77.51,0.2,14.08,0.59,15.22,0.35,151.93,,,,0.07,,,513.43,2.3,
PL600000,,2197.07,114.29,1374.29,1532.9,,,27.3,,10.37,15.7,583.93,234.7,287.3,1.71,128.66,182.62,0.7,,,235.63,,111.34,,152.8,,,,1.21,,,44.83,82.79,259.22,1.21,157.8,0.27,67.48,0.35,526.51,,,,0.4,,,2798.41,38.4,
PL610000,,936.52,60.54,606.76,643.0,,,4.59,,5.31,7.1,97.49,87.04,102.48,0.67,64.54,131.06,0.1,,,93.7,,27.52,,58.4,,,,0.13,,,19.77,14.93,90.01,0.83,65.89,0.23,53.09,0.3,214.95,,,,0.32,,,1041.78,27.6,
PL620000,,648.53,25.84,382.86,454.6,,,14.81,,2.63,3.92,351.33,104.38,95.73,0.55,40.88,31.25,0.6,,,81.37,,61.02,,53.2,,,,0.77,,,5.74,32.74,86.93,0.09,35.72,0.03,4.29,0.03,151.02,,,,0.02,,,1004.34,3.0,
PL630000,,612.01,27.91,384.68,435.3,,,7.9,,2.43,4.69,135.11,43.28,89.09,0.49,23.24,20.31,0.1,,,60.57,,22.8,,41.2,,,,0.31,,,19.32,35.12,82.27,0.28,56.19,0.01,10.1,0.02,160.55,,,,0.06,,,752.29,7.8,
PT000000,28.52,972.91,17.0,212.55,183.65,21.48,4.75,224.4,2.0,274.42,866.63,2113.29,493.78,9.08,16.15,71.23,73.45,,0.73,35.0,14.68,0.62,422.56,158.87,5.73,3.36,374.76,379.44,1.55,26.21,28.9,17.08,25.71,,3.82,13.5,,0.11,5.73,25.27,4.68,2.24,0.1,0.04,17.71,173.43,3968.97,60.05,175.67
PT100000,,940.54,19.02,215.76,273.76,21.05,3.62,224.37,1.83,272.28,861.82,2022.79,460.48,9.54,15.72,57.52,72.94,,0.73,,14.94,0.62,194.35,,50.1,0.01,,379.44,,,25.94,16.2,18.95,,3.5,14.35,,1.3,6.36,26.51,,,,0.07,,,3840.87,46.61,173.52
PT110000,,157.6,0.13,36.54,52.9,1.22,,44.11,0.37,89.3,254.78,248.56,98.75,0.16,7.39,34.38,21.27,,0.08,,0.44,0.05,22.35,,0.1,0.01,,82.77,,,,6.09,1.86,,1.61,8.82,,,0.1,3.22,,,,0.1,,,668.33,4.32,81.41
PT150000,,16.21,0.55,2.62,1.72,16.01,0.15,6.03,0.28,19.8,60.36,28.4,5.73,0.15,0.46,0.04,0.11,,0.01,,0.08,0.01,3.6,,0.2,,,9.43,,,0.2,0.32,0.1,,0.01,0.01,,0.09,0.06,0.61,,,,,,,105.42,0.99,1.51
PT160000,,199.64,1.19,44.94,51.54,1.24,0.21,40.34,0.17,43.74,172.97,264.19,103.97,0.32,6.35,17.51,24.38,,0.54,,0.8,0.2,55.13,,1.3,,,78.99,,,6.46,5.77,2.71,,0.59,5.33,,0.11,0.16,2.4,,,,0.07,,,643.15,14.7,48.31
PT170000,,30.96,0.39,8.38,4.56,0.38,0.04,5.1,0.31,5.02,14.21,33.87,10.4,0.17,0.23,1.51,1.86,,0.01,,0.12,0.01,3.5,,0.5,,,0.72,,,5.45,1.47,0.15,,0.03,0.02,,0.14,0.03,0.43,,,,,,,79.26,5.56,8.07
PT180000,,536.12,16.77,123.29,163.05,2.21,3.22,128.79,0.71,114.42,359.51,1447.79,241.63,8.73,1.3,4.08,25.32,,0.09,,13.5,0.34,109.77,,48.3,,,207.54,,,13.83,2.55,14.13,,1.27,0.19,,1.05,6.17,19.86,,,,0.08,,,2344.72,21.04,34.23
PT200000,,30.5,,0.04,0.24,0.3,,0.1,0.12,0.62,2.42,89.97,33.29,0.01,0.3,13.74,0.04,,0.02,,,0.01,14.77,,,,,,,,,0.47,0.03,,0.04,,,0.11,,,,,,0.04,,,123.2,0.89,1.42
PT300000,,1.87,0.01,0.03,0.08,0.13,,0.03,0.05,1.53,2.38,0.52,0.06,0.18,0.13,0.02,0.01,,0.01,,,0.01,0.04,,,,,,,,,0.86,0.01,,0.02,,,,,0.02,,,,,,,4.91,1.1,0.73
RO000000,57.87,8915.43,462.79,5380.82,5375.35,,7.47,222.05,0.28,136.73,314.91,4260.03,892.78,1864.79,100.36,47.57,2572.56,2.84,0.21,93.38,85.28,3.69,845.21,77.73,1854.38,5.97,,,5.64,121.52,5.47,162.01,100.77,445.32,9.45,10.15,149.04,21.77,1254.38,2143.71,,6.16,0.9,0.71,22.84,169.42,13590.72,140.44,175.59
RO010000,,1322.0,28.48,733.82,677.0,,0.03,3.92,,11.94,43.06,634.63,213.23,,21.17,7.4,466.55,,,,,,,,92.6,,,,0.03,,,58.1,8.77,34.29,,4.5,37.06,10.97,201.78,209.42,,,,0.03,,,2016.88,,29.94
RO020000,,1721.0,152.3,1122.68,1113.1,,1.2,4.64,,14.37,96.25,264.07,100.83,,14.89,1.9,493.11,,,,,,,,407.1,,,,0.48,,7.1,10.4,41.06,83.21,,0.16,27.91,0.29,315.54,455.87,,,,0.02,,,2082.37,,68.66
RO030000,,1875.4,113.29,1301.23,1265.4,,0.01,11.07,,40.15,72.89,351.2,104.53,,18.23,3.7,552.4,,,,,,,,407.3,,,,0.23,,3.9,22.1,27.23,106.35,,0.64,32.48,0.03,251.72,604.44,,,,0.37,,,2311.99,,26.43
RO040000,,1341.07,53.04,948.76,820.6,,0.47,16.77,,26.29,64.05,399.18,53.33,,14.95,0.4,365.36,,,,,,,,148.1,,,,0.46,,2.2,18.9,22.79,26.68,,2.85,5.67,0.05,230.87,494.72,,,,0.34,,,1810.43,,31.2
RO050000,,1001.8,31.07,580.39,587.9,,1.84,96.24,,11.54,26.8,555.18,85.78,,12.31,3.5,292.71,,,,,,,,110.1,,,,0.77,,0.1,31.0,2.81,63.66,,0.17,35.93,0.21,90.13,229.57,,,,0.01,,,1589.42,,6.51
RO060000,,889.24,35.71,500.35,428.7,,0.56,41.61,,24.52,32.69,953.53,156.8,,13.68,3.7,270.84,,,,,,,,58.4,,,,0.28,,0.1,53.6,3.31,31.23,,0.96,22.42,1.36,77.33,156.4,,,,0.01,,,1886.45,,7.43
RO070000,,701.22,28.18,388.25,329.7,,0.18,46.94,,7.48,13.14,1101.64,168.41,,10.48,11.4,226.91,,,,,,,,4.9,,,,0.06,,,60.4,1.28,9.75,,1.93,12.97,9.93,16.99,108.84,,,,0.11,,,1824.68,,5.49
RO080000,,63.7,3.67,35.77,31.7,,0.05,0.86,,0.44,2.04,0.62,4.86,,3.61,0.6,12.22,,,,,,,,15.8,,,,0.02,,,0.8,0.59,7.72,,0.05,0.17,0.01,9.96,18.17,,,,,,,68.5,,0.86
SE000000,1.68,2538.55,270.4,983.44,983.44,,,141.65,0.18,2.16,3.48,463.52,1152.76,100.45,,19.4,1.54,0.6,0.52,177.29,29.72,21.75,1133.04,0.79,109.73,,,,3.71,18.66,,23.75,42.3,105.93,,25.32,,28.7,0.1,479.17,,,0.1,,0.04,0.08,3005.54,16.78,0.08
SE010000,,78.34,7.32,28.83,31.8,,,8.7,0.02,0.05,0.06,11.01,35.72,2.42,,0.07,0.06,0.02,0.01,,0.35,0.49,34.88,,4.3,,,,0.28,,,0.08,1.68,2.21,,0.11,,0.02,,16.29,,,,,,,89.41,0.06,
SE020000,,682.81,83.74,339.19,354.5,,,50.16,0.02,0.11,0.23,92.18,234.06,28.93,,1.18,0.06,0.03,0.06,,9.83,6.32,231.53,,32.9,,,,1.76,,,2.32,18.64,27.17,,5.66,,0.04,,182.29,,,,,,,775.22,0.6,0.01
SE040000,,463.59,75.15,216.44,220.2,,,13.22,0.08,1.6,2.22,66.22,123.14,44.03,,6.35,1.41,0.01,0.23,,5.19,7.89,115.91,,20.1,,,,0.32,,,13.21,4.55,43.9,,13.03,,29.02,,106.96,,,,,,,532.03,9.3,0.06
SE060000,,229.24,23.86,64.11,60.3,,,14.56,0.01,0.08,0.09,24.32,142.01,1.71,,0.15,0.01,0.13,0.01,,0.55,0.69,138.75,,1.4,,,,0.02,,,1.15,2.28,1.71,,1.02,,,,14.12,,,,,,,253.64,0.18,
SE070000,,85.9,4.6,5.52,6.0,,,3.65,,0.08,0.09,15.24,74.64,0.11,,,,0.04,0.01,,0.07,0.06,71.36999999999999,,,,,,,,,0.29,0.01,0.11,,0.01,,,,0.47,,,,,,,101.22,0.05,
SE080000,,99.28,8.82,10.25,13.4,,,9.3,0.01,0.13,0.13,11.13,77.17,0.16,,,,0.31,0.01,,0.01,0.07,72.87,,,,,,,,,0.54,0.01,0.16,,,,,,0.15,,,,,,,110.54,0.07,
SE090000,,335.3,31.58,84.22,89.8,,,8.49,0.01,0.18,0.27,162.45,225.0,7.07,,8.46,0.24,0.04,0.06,,6.17,0.54,208.33,,4.3,,,,0.09,,,2.43,4.13,7.05,,2.11,,0.1,,34.54,,,,,,,498.02,1.51,0.02
SE0A0000,,564.1,57.59,244.78,248.3,,,33.57,0.03,0.17,0.39,80.97,241.02,16.0,,3.54,0.02,0.02,0.16,,5.78,5.69,233.76,,12.9,,,,0.38,,,4.06,10.95,15.87,,8.21,,0.73,,94.32,,,,,,,645.46,3.87,0.02
SI000000,2.66,176.08,21.85,101.28,101.28,,,1.19,0.09,4.2,28.52,279.3,65.96,11.39,2.0,27.16,41.66,,0.22,0.81,5.32,0.18,35.37,7.43,9.76,1.63,1.42,1.42,4.44,4.42,,2.73,0.98,2.81,1.22,0.64,1.89,0.13,0.42,26.76,,0.02,,,0.26,15.27,483.89,7.26,15.29
SK000000,1.99,1346.05,117.63,720.28,720.28,,49.34,43.77,0.01,4.83,17.7,519.17,204.22,299.67,27.08,66.54,202.97,,0.29,16.92,14.94,0.12,138.06,3.42,292.5,6.95,,,18.57,8.9,,5.16,13.73,136.36,0.05,10.77,63.99,22.0,73.58,307.72,,0.28,0.07,0.01,0.22,7.45,1910.04,6.78,7.73
SK010000,,68.38,4.76,39.96,41.26,,3.48,2.63,0.06,0.55,2.29,8.39,8.76,12.01,1.64,2.12,13.09,,0.01,,0.46,0.04,6.64,,12.0,0.02,,,0.15,,,0.99,0.63,6.68,0.01,2.02,1.05,1.55,2.57,15.34,,,,,,,80.71,1.03,1.72
SK020000,,749.91,86.07,467.05,481.4,,25.86,13.63,0.07,3.33,11.19,65.38,68.52,150.66,13.58,28.36,141.48,,0.21,,3.17,0.04,40.16,,139.0,1.18,,,0.08,,,2.73,7.37,92.79,0.09,5.78,8.79,18.92,38.26,199.52,,,,0.01,,,840.09,4.35,7.63
SK030000,,204.34,15.19,85.16,93.99,,2.6,10.63,0.02,1.04,1.9,237.71,65.03,31.06,5.98,21.06,8.71,,0.01,,3.94,0.04,43.95,,31.0,1.48,,,0.16,,,1.29,1.59,15.34,0.01,2.79,9.43,0.26,3.15,48.08,,,,0.2,,,449.93,1.88,0.85
SK040000,,323.42,24.85,155.15,162.38,,2.02,16.88,0.01,0.85,2.33,207.68,62.91,77.67,5.88,16.04,28.19,,0.08,,3.8,0.04,46.86,,48.0,3.09,,,0.27,,,1.99,1.1,31.75,0.04,1.87,31.8,0.35,9.57,90.2,,,,0.1,,,539.31,0.27,1.36
TR100000,,71.0,7.0,44.0,40.0,,,1.0,,3.0,3.0,26.0,4.0,19.0,,1.0,,,,,,,3.0,,,,,,,,0.3,,,3.0,,,,0.02,16.0,37.0,,,,,,,100.0,3.0,0.1
TR200000,,1448.0,61.0,816.0,713.0,1.0,,30.0,,41.0,174.0,416.0,197.0,374.0,,71.0,8.0,,,,6.0,,113.0,,,1.0,,120.0,1.0,,82.0,0.4,8.0,26.0,,9.0,,2.0,344.0,638.0,,,,1.0,,,2038.0,60.0,11.0
TR210000,,915.0,24.0,537.0,437.0,,,1.0,,10.0,19.0,217.0,45.0,334.0,,22.0,2.0,,,,4.0,,22.0,,,,,4.0,,,54.0,0.2,1.0,23.0,,1.0,,2.0,311.0,450.0,,,,,,,1151.0,10.0,5.0
TR220000,,533.0,37.0,279.0,276.0,1.0,,29.0,,31.0,155.0,199.0,152.0,40.0,,49.0,6.0,,,,2.0,,91.0,,,1.0,,116.0,1.0,,28.0,0.2,8.0,3.0,,9.0,,1.0,33.0,188.0,,,,1.0,,,887.0,50.0,6.0
TR300000,,1930.0,311.0,1026.0,1120.0,20.0,195.0,181.0,2.0,186.0,844.0,804.0,393.0,224.0,,151.0,50.0,,,,14.0,,230.0,,,30.0,,468.0,83.0,,,31.0,41.0,,1.0,11.0,,25.0,29.0,430.0,,,,48.0,,,3578.0,133.0,136.0
TR310000,,175.0,12.0,46.0,63.0,5.0,1.0,2.0,2.0,36.0,151.0,110.0,85.0,33.0,,55.0,9.0,,,,0.3,,26.0,,,,,97.0,22.0,,,13.0,1.0,,,1.0,,,3.0,24.0,,,,2.0,,,436.0,36.0,12.0
TR320000,,509.0,56.0,204.0,254.0,15.0,29.0,38.0,,88.0,430.0,116.0,175.0,113.0,,64.0,18.0,,,,5.0,,104.0,,,8.0,,263.0,57.0,,,1.0,6.0,,,1.0,,4.0,15.0,91.0,,,,21.0,,,1055.0,39.0,37.0
TR330000,,1246.0,243.0,776.0,802.0,,166.0,141.0,,62.0,263.0,578.0,133.0,78.0,,32.0,23.0,,,,9.0,,100.0,,,22.0,,108.0,3.0,,,17.0,35.0,,1.0,10.0,,21.0,11.0,315.0,,,,25.0,,,2087.0,58.0,87.0
TR400000,,1102.0,159.0,590.0,594.0,,1.0,209.0,2.0,223.0,284.0,569.0,163.0,42.0,,61.0,67.0,,,,2.0,,99.0,,,3.0,,50.0,,,2.0,9.0,10.0,1.0,,2.0,,32.0,38.0,341.0,,,,,,,1955.0,72.0,9.0
TR410000,,828.0,131.0,438.0,414.0,,1.0,184.0,,58.0,110.0,443.0,84.0,36.0,,27.0,33.0,,,,2.0,,54.0,,,3.0,,46.0,,,2.0,4.0,10.0,1.0,,2.0,,31.0,32.0,257.0,,,,,,,1381.0,59.0,4.0
TR420000,,274.0,28.0,152.0,180.0,,1.0,25.0,2.0,165.0,174.0,126.0,79.0,6.0,,34.0,34.0,,,,1.0,,45.0,,,,,4.0,,,0.2,5.0,1.0,,,,,1.0,6.0,84.0,,,,,,,574.0,13.0,5.0
TR500000,,3231.0,749.0,2005.0,1743.0,,279.0,604.0,,63.0,106.0,1416.0,140.0,106.0,,54.0,135.0,,,,5.0,,86.0,,,7.0,,2.0,,,0.1,18.0,177.0,5.0,,15.0,,112.0,87.0,787.0,,,,,,,4753.0,89.0,17.0
TR510000,,1124.0,292.0,676.0,656.0,,32.0,276.0,,11.0,27.0,462.0,26.0,13.0,,7.0,3.0,,,,2.0,,19.0,,,,,,,,0.1,1.0,78.0,1.0,,1.0,,13.0,8.0,329.0,,,,,,,1613.0,42.0,4.0
TR520000,,2107.0,457.0,1329.0,1087.0,,247.0,328.0,,52.0,79.0,954.0,114.0,93.0,,47.0,132.0,,,,3.0,,67.0,,,7.0,,2.0,,,,17.0,99.0,4.0,,14.0,,99.0,79.0,458.0,,,,,,,3140.0,47.0,13.0
TR600000,,1684.0,178.0,1019.0,777.0,137.0,124.0,154.0,1.0,174.0,545.0,659.0,132.0,243.0,,48.0,153.0,,,,5.0,,83.0,,,9.0,,157.0,103.0,,1.0,11.0,49.0,,,4.0,33.0,14.0,77.0,547.0,,,,1.0,,,2888.0,171.0,52.0
TR610000,,573.0,113.0,313.0,339.0,16.0,62.0,87.0,1.0,80.0,139.0,203.0,73.0,22.0,,23.0,6.0,,,,4.0,,49.0,,,9.0,,19.0,6.0,,,1.0,21.0,,,3.0,,8.0,1.0,118.0,,,,,,,915.0,63.0,11.0
TR620000,,582.0,17.0,342.0,438.0,92.0,6.0,34.0,,52.0,229.0,148.0,24.0,149.0,,9.0,78.0,,,,0.02,,15.0,,,,,55.0,50.0,,1.0,6.0,15.0,,,1.0,29.0,1.0,63.0,239.0,,,,,,,959.0,68.0,22.0
TR630000,,529.0,48.0,364.0,351.0,29.0,56.0,33.0,,42.0,177.0,308.0,35.0,72.0,,16.0,69.0,,,,1.0,,19.0,,,,,83.0,47.0,,,4.0,13.0,,,,4.0,6.0,13.0,190.0,,,,1.0,,,1014.0,40.0,19.0
TR700000,,3501.0,700.0,1871.0,1889.0,,168.0,908.0,,53.0,93.0,2578.0,186.0,45.0,,34.0,12.0,,,,15.0,,152.0,,,,,,,,1.0,52.0,266.0,,,44.0,,88.0,41.0,904.0,,,,,,,6172.0,89.0,38.0
TR710000,,1546.0,382.0,822.0,873.0,,18.0,369.0,,39.0,66.0,760.0,73.0,24.0,,22.0,11.0,,,,1.0,,51.0,,,,,,,,1.0,32.0,152.0,,,31.0,,29.0,21.0,367.0,,,,,,,2372.0,47.0,27.0
TR720000,,1955.0,318.0,1049.0,1016.0,,150.0,539.0,,14.0,27.0,1818.0,113.0,21.0,,12.0,1.0,,,,14.0,,101.0,,,,,,,,,20.0,114.0,,,13.0,,59.0,20.0,537.0,,,,,,,3800.0,42.0,11.0
TR800000,,1802.0,196.0,1010.0,1022.0,,63.0,333.0,,193.0,205.0,782.0,208.0,95.0,,51.0,31.0,,,,29.0,,157.0,,,4.0,,0.2,,,37.0,7.0,61.0,0.2,,2.0,2.0,31.0,82.0,646.0,,,,6.0,,,2789.0,78.0,12.0
TR810000,,90.0,4.0,44.0,68.0,,1.0,16.0,,36.0,36.0,33.0,24.0,1.0,,7.0,6.0,,,,2.0,,17.0,,,,,,,,,0.2,1.0,,,,12.0,,1.0,30.0,,,,,,,159.0,6.0,0.2
TR820000,,414.0,44.0,217.0,221.0,,25.0,112.0,,16.0,17.0,344.0,61.0,2.0,,8.0,3.0,,,,3.0,,53.0,,,,,0.1,,,9.0,1.0,8.0,,,1.0,,5.0,1.0,131.0,,,,,,,775.0,13.0,1.0
TR830000,,1298.0,148.0,749.0,733.0,,37.0,205.0,,141.0,152.0,405.0,123.0,95.0,,36.0,22.0,,,,24.0,,87.0,,,4.0,,,,,28.0,6.0,52.0,0.2,,1.0,2.0,26.0,82.0,485.0,,,,6.0,,,1855.0,59.0,11.0
TR900000,,167.0,16.0,64.0,87.0,,1.0,56.0,,426.0,510.0,758.0,25.0,1.0,,2.0,15.0,,,,1.0,,23.0,,,,,0.4,,,,9.0,3.0,,,1.0,,0.2,,30.0,,,,,,,1435.0,9.0,0.8
TRA00000,,1270.0,186.0,502.0,576.0,,1.0,273.0,,13.0,14.0,3233.0,456.0,6.0,,13.0,3.0,,,,4.0,,443.0,,,,,,,,,5.0,8.0,,,16.0,,13.0,6.0,292.0,,,,,,,4517.0,9.0,1.0
TRA10000,,564.0,66.0,235.0,259.0,,1.0,132.0,,5.0,6.0,2009.0,170.0,3.0,,5.0,0.2,,,,3.0,,165.0,,,,,,,,,5.0,6.0,,,11.0,,8.0,3.0,154.0,,,,,,,2579.0,5.0,1.0
TRA20000,,706.0,120.0,267.0,317.0,,,141.0,,8.0,8.0,1224.0,286.0,3.0,,8.0,3.0,,,,1.0,,278.0,,,,,,,,,0.5,2.0,,,5.0,,5.0,3.0,138.0,,,,,,,1938.0,4.0,
TRB00000,,1103.0,172.0,490.0,496.0,,12.0,245.0,,131.0,149.0,2364.0,293.0,5.0,,8.0,1.0,,,,,,285.0,,,,,,,,,5.0,25.0,,,1.0,,17.0,2.0,304.0,,,,1.0,,,3616.0,25.0,17.0
TRB10000,,415.0,92.0,210.0,229.0,,12.0,128.0,,114.0,130.0,1073.0,46.0,2.0,,5.0,,,,,,,41.0,,,,,,,,,0.4,11.0,,,,,6.0,1.0,106.0,,,,1.0,,,1618.0,14.0,15.0
TRB20000,,688.0,80.0,280.0,267.0,,,117.0,,17.0,19.0,1291.0,247.0,3.0,,3.0,1.0,,,,,,244.0,,,,,,,,,5.0,14.0,,,1.0,,11.0,1.0,198.0,,,,1.0,,,1998.0,11.0,2.0
TRC00000,,2279.0,365.0,1707.0,1768.0,,414.0,179.0,,400.0,615.0,1012.0,69.0,222.0,,32.0,216.0,,,,1.0,,37.0,,,,,88.0,302.0,,2.0,1.0,259.0,,,,1.0,5.0,7.0,710.0,,,,17.0,,,3906.0,62.0,108.0
TRC10000,,360.0,86.0,249.0,297.0,,34.0,6.0,,194.0,325.0,191.0,19.0,27.0,,15.0,7.0,,,,,,4.0,,,,,78.0,24.0,,,0.2,46.0,,,,,2.0,1.0,122.0,,,,16.0,,,876.0,23.0,42.0
TRC20000,,1415.0,194.0,1036.0,1003.0,,267.0,156.0,,156.0,187.0,496.0,38.0,177.0,,16.0,165.0,,,,1.0,,22.0,,,,,7.0,247.0,,2.0,0.1,153.0,,,,1.0,3.0,6.0,408.0,,,,,,,2098.0,24.0,18.0
TRC30000,,504.0,85.0,422.0,468.0,,113.0,17.0,,50.0,103.0,325.0,12.0,18.0,,1.0,44.0,,,,,,11.0,,,,,3.0,31.0,,,1.0,60.0,,,,1.0,,,180.0,,,,1.0,,,932.0,15.0,48.0
TUR,235.0,19588.0,3100.0,11144.0,11019.0,158.0,1256.0,3173.0,5.0,1907.0,3542.0,14617.0,2266.0,1382.0,,526.0,691.0,,,114.0,87.0,,1740.0,2522.0,896.0,54.3,654.0,887.0,96.0,639.0,125.0,147.0,907.0,35.0,1.0,105.0,36.0,339.0,729.0,5666.0,233.0,214.0,358.0,74.0,174.0,58.0,37747.0,840.0,401.0
UK000000,17.5,6092.0,1414.3,3093.38,3093.38,,1.0,224.0,7.0,24.9,36.0,11400.0,1464.6,558.3,16.0,223.0,9.02,8.3,5.0,181.52,13.51,11.0,1236.3,11.5,423.16,3.0,,,35.3,117.8,,142.2,240.9,387.86,55.8,30.26,1.0,112.0,1.0,1415.13,,,0.6,,0.17,2.55,17529.0,118.87,2.55
UKC00000,,202.0,40.28,122.99,116.0,,,9.0,,,0.2,429.0,34.09,24.0,,0.2,,,,,,,,,,,,,0.1,,,1.5,5.44,23.0,3.0,,,0.11,,70.52,,,,,,,630.0,1.0,
UKD00000,,207.0,36.74,80.38,90.0,,,5.0,,,1.0,853.0,96.45,6.0,,9.5,,,,,1.0,,,,,,,,0.1,,,7.33,2.36,4.79,3.0,,,0.8,,36.05,,,,,,,1060.0,5.0,
UKE00000,,603.0,122.81,375.32,354.0,,,20.0,,,1.0,575.0,70.53,69.0,,2.7,,,,,1.0,,,,,,,,1.0,,,19.33,15.62,65.82,6.0,1.0,,9.71,,238.14,,,,,,,1179.0,16.0,
UKF00000,,845.0,126.11,481.01,419.0,,,31.0,2.0,1.0,1.0,292.0,95.93,129.0,,8.0,,,1.0,,1.0,,,,,,,,2.0,,,17.15,34.4,125.33,3.0,1.0,,24.54,,330.43,,,,,,,1138.0,25.0,
UKG00000,,502.0,59.28,252.63,233.0,,,15.0,,8.0,8.0,389.0,132.75,53.0,,15.0,,,1.0,,1.0,,,,,,,,1.0,,,15.24,14.7,48.9,6.0,,,3.04,,166.88,,,,,,,900.0,9.0,
UKH00000,,1142.0,199.32,689.24,612.0,,,53.0,1.0,3.0,4.0,190.0,87.17,116.0,,6.5,,,1.0,,2.0,,,,,,,,3.0,,,36.93,59.45,107.26,3.0,4.0,,66.92,,456.89,,,,,,,1336.0,28.0,0.1
UKI00000,,6.0,1.0,2.93,3.0,,,1.0,,,0.1,6.0,1.07,1.0,,0.1,,,,,,,,,,,,,0.1,,,0.07,0.23,1.0,,,,,,2.0,,,,,,,11.0,,
UKJ00000,,629.0,117.32,364.45,329.0,,,34.0,,12.0,14.0,419.0,115.18,71.0,,18.0,,,1.0,,1.0,,,,,,,,4.0,,,3.71,29.15,68.73,3.0,1.0,,0.66,,217.17,,,,9.0,,,1063.0,6.0,2.0
UKK00000,,744.0,129.99,325.79,335.0,,,23.0,4.0,4.0,4.0,992.0,298.85,52.0,,47.5,,,1.0,,4.0,,,,,,,,3.0,,,8.02,13.67,48.24,8.0,1.0,,2.02,,160.75,,,,,,,1740.0,7.0,0.1
UKL00000,,255.0,19.8,49.0,41.0,,,2.0,,1.0,1.0,1561.0,179.71,5.0,,7.3,0.2,,,,,,,,,,,,0.5,,,2.52,0.6,5.0,13.0,1.0,,0.1,,23.36,,,,,,,1817.0,1.0,
UKM00000,,766.0,290.89,437.26,460.0,,,31.0,1.0,1.0,1.0,4855.0,197.81,32.0,,,,,1.0,,1.0,,,,,,,,0.6,,,28.49,2.32,31.86,7.0,6.4,,,,107.48,,,,,,,5622.0,20.0,
UKN00000,,192.0,19.69,29.86,36.0,,,1.0,,1.0,2.0,840.0,155.06,1.0,,2.2,0.2,,,,,,,,,,,,,,,3.78,,0.77,1.0,,,,,8.11,,,,,,,1033.0,1.0,
