region_full,APPL,BARL,CER2,CERE,CITR,DWHE,FRUI,GREF,INDU,MAIF,MAIZ,NECR,OATS,OCER,OFAR,OILS,OIND,OLIV,OLIVGR,OOIL,PARI,POTA,PULS,RAPE,ROOF,RYEM,SOYA,SUGB,SUNF,SWHE,TABO,TAGR,TEXT,TOBA,TOMA,TWIN,VEGE,VINY
AL000000,136.95,12.65,684.0,666.1,49.2,,260.7,7170.59,4.4,554.85,399.13,,34.9,,6392.8,1.6,14.41,108.5,132.0,,0.01,254.89,22.95,,,3.24,0.44,26.95,1.26,233.4,23.5,17.9,12.0,1.44,313.1,100.9,1302.2,118.8
AT000000,255.41,738.24,5261.0,5261.0,,87.75,367.99,5333.9,406.98,4000.7,2394.82,13.55,96.65,329.25,1333.19,437.83,0.5,,,43.64,,770.28,45.02,85.92,5.08,163.38,233.1,3034.77,75.17,1450.91,,,8.92,0.4,59.77,319.79,658.46,319.79
AT100000,,461.34,3149.39,3211.94,,76.78,215.5,2313.31,286.54,1588.79,1001.67,5.47,,215.26,449.97,250.4,0.03,,,1.06,,781.68,33.54,72.33,4.36,174.16,124.96,1472.3,53.52,1146.55,,,,0.1,,,,355.2
AT110000,,43.44,518.04,559.79,,13.69,48.1,265.59,80.85,132.86,206.6,0.32,,17.43,53.82,65.1,,,,0.22,,56.87,5.84,14.97,0.61,21.59,64.4,122.72,10.06,206.8,,,,0.1,,,,104.1
AT120000,,415.91,2619.6,2640.82,,62.29,131.6,2045.76,204.87,1455.79,793.47,5.14,,197.65,395.09,184.0,0.03,,,0.82,,722.69,27.6,57.29,3.74,151.47,59.86,1340.65,43.41,934.17,,,,0.1,,,,248.7
AT130000,,2.0,11.74,11.33,,0.81,35.8,1.97,0.81,0.14,1.61,,,0.17,1.06,1.3,,,,0.01,,2.12,0.11,0.07,0.01,1.11,0.7,8.94,0.05,5.58,,,,,,,,2.3
AT200000,,91.46,1049.84,1054.39,,1.34,318.7,1187.59,29.74,911.15,805.04,1.78,,54.39,227.06,26.4,0.18,,,0.07,,39.31,2.72,1.03,1.86,15.24,28.81,20.74,1.43,68.2,,,,0.1,,,,18.6
AT210000,,33.49,276.75,263.03,,0.93,36.5,539.85,11.33,414.89,191.67,0.43,,19.38,108.63,8.6,,,,0.05,,15.15,1.41,0.11,0.08,5.12,10.55,1.46,0.4,20.98,,,,,,,,
AT220000,,57.97,773.09,791.37,,0.41,282.2,647.74,18.41,496.26,613.37,1.35,,35.01,118.42,17.8,0.18,,,0.02,,24.16,1.31,0.92,1.78,10.13,18.26,19.28,1.03,47.23,,,,0.1,,,,18.6
AT300000,,317.12,1468.8,1443.95,,1.21,150.5,2225.72,90.71,1776.8,605.22,6.64,,100.86,299.77,43.7,0.28,,,0.47,,64.91,6.54,26.92,4.56,43.14,48.73,598.64,1.23,368.32,,,,,,,,0.1
AT310000,,313.52,1456.3,1433.26,,1.03,112.1,1944.7,90.38,1543.61,603.21,6.4,,98.74000000000001,255.56,43.7,0.28,,,0.47,,47.62,6.49,26.89,3.83,42.6,48.64,598.64,1.22,365.52,,,,,,,,
AT320000,,2.45,7.99,7.06,,0.08,9.0,59.3,0.19,39.89,1.37,0.08,,1.17,18.28,0.1,,,,,,3.18,0.04,0.03,0.21,0.15,0.07,,0.01,1.64,,,,,,,,
AT330000,,1.04,3.54,2.98,,0.1,16.0,151.71,0.07,131.05,0.41,0.08,,0.87,19.43,,,,,,,12.23,0.01,0.01,0.5,0.37,0.02,0.12,0.01,0.63,,,,,,,,
AT340000,,0.11,0.98,0.65,,0.04,13.4,70.0,0.07,62.25,0.23,0.08,,0.08,6.5,,,,,,,1.88,0.01,,0.02,0.02,,,,0.52,,,,,,,,
BA000000,151.43,88.74,1944.18,1944.18,0.09,,357.57,1155.46,13.87,781.12,1426.36,,33.95,62.41999999999999,374.34,48.7,3.42,,0.28,,,441.28,13.29,10.14,9.91,10.91,37.2,,1.36,321.8,0.99,13.14,,1.55,49.64,31.55,335.08,44.7
BG000000,58.3,698.76,8599.06,8532.49,,34.52,194.93,1615.45,2631.24,650.0,3300.0,2.28,30.43,81.36,444.48,2022.97,107.58,,,4.3,70.0,180.0,42.56,376.36,0.97,20.82,3.4,0.54,1997.0,7125.23,,12.79,4.15,5.44,76.6,146.31,459.12,159.1
BG010000,,124.36,2817.77,514.8,,5.03,,261.7,,88.35,1228.96,,,2.19,73.88,,1.57,,,,,5.48,14.35,19.69,,0.96,2.64,,525.71,1379.4,,,,0.35,,,,
BG020000,,122.57,2282.12,690.3,,0.35,,208.97,,96.79,1004.71,,,2.39,79.69,,6.22,,,,,2.87,5.78,47.74,,0.35,1.39,,329.5,1096.46,,,,1.04,,,,
BG030000,,92.5,1338.13,852.3,,0.76,,271.41,,139.8,525.66,,,4.52,142.54,,47.06,,,,,3.65,4.38,33.87,,0.31,0.12,,362.11,680.99,,,,0.09,,,,
BG040000,,27.96,322.02,122.5,,0.14,66.5,183.48,,68.03,88.34,,,6.2,40.47,3.9,1.32,,,0.1,,117.46,2.77,1.7,,1.64,0.08,1.2,81.79,180.38,,,,0.28,,,,49.3
BG050000,,58.59,788.36,315.4,,9.76,,467.67,,158.08,67.9,,,16.21,125.32,,14.16,,,,64.2,52.87,6.11,39.01,,3.31,0.43,,167.46,541.64,,,,3.14,,,,
BG060000,,123.1,1050.67,676.1,,18.26,,222.23,,90.72,53.64,,,11.66,76.03,,37.25,,,,7.22,15.08,9.17,134.84,,3.58,1.04,,253.73,802.71,,,,0.55,,,,
BL000000,583.87,287.6,2501.4,2501.4,,,572.74,8576.6,131.0,8150.6,515.5,,15.9,49.59999999999999,580.0,29.68,0.2,,,7.4,,3858.8,25.59,27.6,419.45,3.3,,4748.0,,1629.5,,,81.66,0.2,315.0,,2231.1,0.8
BL100000,,0.76,8.12,8.91,,,,,0.7,8.23,0.81,,,0.09,,0.1,,,,0.1,,10.16,0.16,0.25,0.35,0.05,,12.96,,6.22,,,,,,,,
BL200000,,122.43,1140.6,1445.54,,,,,60.4,4907.53,453.23,,,12.11,,0.6,0.2,,,5.8,,2218.51,3.22,1.83,280.25,1.26,,1569.73,,548.53,,,,0.1,,,,
BL210000,,3.62,67.15,101.3,,,,,0.3,1128.56,50.2,,,2.08,,0.1,,,,0.3,,190.3,0.44,0.05,46.25,0.37,,38.69,,10.52,,,,,,,,
BL220000,,23.91,157.89,211.38,,,,,0.8,579.14,52.19,,,1.7,,0.1,,,,0.1,,165.15,0.24,0.04,21.99,0.31,,344.15,,79.41,,,,,,,,
BL230000,,25.16,270.21,339.83,,,,,15.4,1383.23,129.94,,,4.1,,0.2,,,,1.4,,518.0,0.69,0.18,84.49,0.39,,252.81,,109.97,,,,0.1,,,,
BL240000,,37.77,296.06,356.0,,,,,1.4,373.03,102.21,,,1.04,,0.2,,,,0.1,,278.31,0.42,1.23,34.86,0.12,,386.92,,153.63,,,,,,,,
BL250000,,31.97,349.29,437.03,,,,,42.4,1443.59,118.68,,,3.2,,0.1,0.2,,,4.3,,1066.75,1.43,0.33,92.67,0.08,,547.16,,195.01,,,,0.1,,,,
BL300000,,204.0,1506.52,1718.54,,,,,69.9,2232.73,65.44,,,20.56,,24.2,,,,1.5,,1700.24,22.22,27.61,86.17,1.22,,3201.27,,1180.69,,,,0.1,,,,
BL310000,,24.51,227.37,261.68,,,,,8.0,158.14,15.54,,,0.69,,0.6,,,,0.2,,296.98,1.92,3.11,3.23,0.18,,576.62,,184.78,,,,,,,,
BL320000,,65.87,583.63,639.36,,,,,13.4,927.08,37.65,,,3.61,,2.8,,,,0.7,,777.92,4.48,4.13,34.4,0.22,,1428.45,,469.65,,,,0.1,,,,
BL330000,,24.16,256.24,308.83,,,,,14.1,361.67,5.91,,,2.12,,2.7,,,,0.2,,346.85,2.45,4.23,19.73,0.14,,584.57,,221.12,,,,,,,,
BL340000,,13.97,70.55,81.6,,,,,1.8,327.79,0.96,,,7.88,,1.4,,,,0.1,,7.7,9.17,1.62,11.9,0.5,,4.95,,36.45,,,,0.1,,,,
BL350000,,75.5,368.74,427.07,,,,,32.8,458.05,5.38,,,6.26,,16.8,,,,0.4,,270.79,4.2,14.53,16.91,0.19,,606.68,,268.69,,,,0.1,,,,
BL400000,1.1,30.37,147.13,147.13,,1.41,1.88,416.87,17.08,256.63,0.52,1.17,7.78,25.69,160.24,5.29,0.01,,,0.06,,16.2,1.11,4.91,1.16,7.04,0.03,0.6,0.29,74.33,,0.06,0.01,,0.05,12.88,3.72,12.95
CH,165.09,183.41,925.27,924.83,,3.17,186.73,2263.24,81.7,663.61,171.38,0.01,9.26,44.28,1443.55,99.14,0.68,,,0.59,0.44,372.9,16.66,80.7,27.16,10.31,5.37,1010.49,12.48,503.02,,1.42,2.51,0.94,42.7,104.28,417.46,104.28
CS000000,478.42,396.0,10868.0,10868.0,,,1185.54,1679.04,1096.01,650.74,7377.0,,81.0,115.0,1028.3,1237.97,,,,0.99,,714.35,14.92,39.4,8.59,14.2,576.45,2683.86,621.13,2885.0,,26.25,,7.81,160.46,119.58,1156.08,145.83
CY000000,3.4,25.0,51.15,51.15,62.94,18.0,17.21,,0.17,6.0,,,0.23,1.12,202.0,0.26,2.0,17.1,21.69,0.26,,88.53,0.52,,2.1,,,,,6.8,2.72,4.0,,0.35,16.2,19.5,78.23,23.57
CZ000000,119.76,1758.79,8126.66,8126.66,,,141.25,5295.06,1673.96,8806.88,770.17,1.31,185.2,198.3,2283.67,1347.48,9.66,,,2.63,,671.58,91.87,1027.27,14.69,127.05,48.96,3995.98,47.07,4942.41,,,0.28,,9.64,90.38,254.56,90.38
CZ010000,,7.88,31.37,45.95,,,,,,10.3,1.86,,,,,7.4,,,,0.03,,0.4,0.26,6.2,,0.21,0.27,17.08,0.19,20.57,,,,,,,,0.1
CZ020000,,343.54,1578.91,1791.75,,,,,,950.3,111.18,,,,,221.0,,,,0.33,,165.9,9.35,284.71,,27.98,6.41,995.57,3.2,1039.13,,,,,,,,0.6
CZ030000,,316.41,1380.31,1443.68,,,,,,1849.6,39.53,,,,,212.1,,,,0.21,,124.3,7.54,241.71,,41.14,1.51,0.75,1.09,838.82,,,,,,,,
CZ040000,,127.8,640.1,735.61,,,,,,190.1,15.13,,,,,74.0,,,,0.24,,17.5,4.81,102.94,,19.6,1.14,248.67,1.79,453.29,,,,,,,,1.5
CZ050000,,227.14,1146.33,1247.44,,,,,,1093.4,96.39,,,,,132.6,,,,0.51,,72.4,11.16,183.42,,23.88,8.03,946.31,0.81,725.85,,,,,,,,
CZ060000,,436.94,2044.76,2089.75,,,,,,1405.7,401.44,,,,,262.5,,,,0.23,,320.8,15.45,243.05,,47.25,4.27,250.54,21.08,1087.74,,,,,,,,60.4
CZ070000,,266.96,934.77,1010.37,,,,,,588.8,136.7,,,,,111.3,,,,0.79,,25.2,3.84,120.31,,8.05,6.73,829.87,1.07,501.42,,,,,,,,4.4
CZ080000,,89.51,370.12,414.75,,,,,,244.6,23.26,,,,,51.9,,,,0.09,,26.0,1.4,62.98,,5.51,4.66,383.21,0.06,235.59,,,,,,,,
DE000000,1018.12,10458.1,43301.2,43301.2,,207.0,1199.72,39892.5,,100706.1,4028.5,,799.9,1922.2,3990.9,3694.6,46.9,,,22.4,,10636.7,608.1,3515.3,,3344.2,104.0,28618.1,95.0,21411.4,,,10.14,11.4,102.12,1149.54,4040.16,1235.0
DE100000,,904.3,3435.8,4168.0,,14.6,,,,6036.2,573.2,,,147.8,670.2,,,,,,,187.3,15.0,172.5,,46.8,17.9,1294.5,4.3,1647.4,,,,,,,,
DE110000,,440.4,1143.6,1143.6,,0.9,,,,1025.4,,,,,,,,,,,,80.7,,78.1,,,,715.6,1.1,505.1,,,,,,,,
DE120000,,143.3,523.2,523.2,,1.0,,,,306.6,,,,,,,,,,,,18.8,,26.1,,,,216.0,0.7,199.8,,,,,,,,
DE130000,,117.5,584.8,584.8,,0.1,,,,432.9,,,,,,,,,,,,47.8,,21.5,,,,15.5,0.1,136.4,,,,,,,,
DE140000,,320.4,888.8,888.8,,0.2,,,,1140.4,,,,,,,,,,,,36.2,,59.4,,,,41.7,0.2,375.9,,,,,,,,
DE200000,,1973.0,7964.4,9233.2,,42.4,,,,21641.5,1315.5,,,390.7,2347.5,,,,,,,1911.4,48.6,326.7,,200.9,57.1,5308.1,11.3,3901.1,,,,,,,,
DE210000,,348.7,1368.7,1368.7,,1.6,,,,3759.8,,,,,,,,,,,,546.1,,77.0,,,,504.3,0.3,596.5,,,,,,,,
DE220000,,265.8,1419.5,1419.5,,0.1,,,,2476.1,,,,,,,,,,,,358.1,,47.6,,,,1315.7,0.1,566.3,,,,,,,,
DE230000,,381.5,777.0,777.0,,0.1,,,,1557.4,,,,,,,,,,,,269.7,,55.3,,,,360.9,0.1,207.9,,,,,,,,
DE240000,,337.3,595.4,595.4,,,,,,758.9,,,,,,,,,,,,49.6,,48.0,,,,52.7,0.7,139.4,,,,,,,,
DE250000,,281.3,608.2,608.2,,1.1,,,,1485.0,,,,,,,,,,,,80.1,,43.3,,,,261.3,0.5,205.2,,,,,,,,
DE260000,,323.2,877.8,877.8,,3.1,,,,577.2,,,,,,,,,,,,27.2,,74.8,,,,962.9,8.4,424.0,,,,,,,,
DE270000,,236.4,825.8,825.8,,0.3,,,,2098.3,,,,,,,,,,,,245.6,,46.8,,,,521.8,0.2,413.8,,,,,,,,
DE300000,,0.1,4.5,,,,,,,1.1,,,,,,,,,,,,0.4,,,,,,,,0.2,,,,,,,,
DE400000,,569.1,2729.3,3276.7,,0.3,,,,5917.3,126.3,,,139.2,686.9000000000001,,,,,4.7,,394.7,37.8,254.1,,827.8,0.9,425.7,20.2,1017.7,,,,,,,,
DE500000,,1.4,6.3,,,,,,,17.8,,,,,,,,,,,,0.3,,0.4,,,,0.5,,3.4,,,,,,,,
DE600000,,4.7,16.7,,,,,,,12.4,,,,,,,,,,,,0.7,,1.9,,,,0.6,,7.9,,,,,,,,
DE700000,,507.4,2003.3,2317.6,,3.7,,,,1959.3,120.7,,,131.5,158.4,,,,,,,155.6,12.0,168.5,,87.0,3.7,1233.6,0.1,1097.5,,,,,,,,
DE710000,,142.6,593.6,593.6,,0.8,,,,354.7,,,,,,,,,,,,125.6,,38.6,,,,573.2,0.5,343.3,,,,,,,,
DE720000,,137.8,457.8,457.8,,0.4,,,,315.7,,,,,,,,,,,,16.6,,39.6,,,,89.0,0.1,231.8,,,,,,,,
DE730000,,260.9,856.1,856.1,,0.6,,,,442.4,,,,,,,,,,,,30.0,,83.2,,,,333.6,,453.5,,,,,,,,
DE800000,,1031.0,4052.1,4714.0,,,,,,6710.4,44.2,,,69.2,263.8,,,,,,,482.8,14.5,693.6,,383.6,0.3,2300.9,0.8,2480.9,,,,,,,,
DE900000,,1313.3,5968.3,7453.5,,,,,,24940.3,632.6,,,352.9,816.3,,,,,,,5531.9,22.5,276.5,,847.8,2.0,7861.9,0.8,2748.5,,,,,,,,
DE910000,,314.3,1398.3,1398.3,,,,,,296.7,,,,,,,,,,,,491.9,,66.7,,,,2911.4,,967.4,,,,,,,,
DE920000,,365.5,1715.3,1715.3,,,,,,887.2,,,,,,,,,,,,679.1,,93.0,,,,2280.7,,996.1,,,,,,,,
DE930000,,420.7,1416.4,1416.4,,,,,,3264.9,,,,,,,,,,,,1835.9,,68.6,,,,1358.1,,452.0,,,,,,,,
DE940000,,530.3,2054.9,2054.9,,,,,,4676.6,,,,,,,,,,,,1580.9,,50.1,,,,77.0,,556.6,,,,,,,,
DEA00000,,1087.8,4536.9,5584.0,,0.2,,,,9634.7,836.6,,,367.0,280.4,,,,,,,1694.9,14.4,158.3,,195.2,2.1,4031.4,0.1,2014.6,,,,,,,,
DEA10000,,99.2,538.2,538.2,,,,,,1217.1,,,,,,,,,,,,580.3,,9.3,,,,1167.7,0.1,289.9,,,,,,,,
DEA20000,,153.1,743.5,743.5,,,,,,485.5,,,,,,,,,,,,416.0,,10.8,,,,2288.8,0.1,538.8,,,,,,,,
DEA30000,,413.4,1613.9,1613.9,,,,,,2837.9,,,,,,,,,,,,143.2,,23.3,,,,56.9,,416.0,,,,,,,,
DEA40000,,393.9,1229.6,1229.6,,,,,,783.6,,,,,,,,,,,,97.6,,74.4,,,,371.0,,509.0,,,,,,,,
DEA50000,,190.2,662.7,662.7,,,,,,451.4,,,,,,,,,,,,92.1,,41.1,,,,205.2,,337.2,,,,,,,,
DEB00000,,472.5,1484.3,1647.8,,15.4,,,,1342.2,84.1,,,100.7,163.4,,,,,,,233.5,6.5,147.9,,58.0,,970.6,1.62,729.7,,,,,,,,
DEB10000,,235.9,548.8,548.8,,0.5,,,,235.4,,,,,,,,,,,,33.0,,57.8,,,,86.4,0.7,238.7,,,,,,,,
DEB20000,,106.0,234.0,234.0,,0.1,,,,302.7,,,,,,,,,,,,7.8,,11.0,,,,3.3,0.1,57.7,,,,,,,,
DEB30000,,196.6,513.1,513.1,,5.5,,,,137.5,,,,,,,,,,,,211.6,,18.5,,,,916.7,1.0,220.2,,,,,,,,
DEC00000,,22.7,99.8,130.9,,0.1,,,,163.7,1.1,,,11.5,10.2,,,,,,,4.1,0.5,8.2,,12.2,,0.4,0.1,53.1,,,,,,,,
DED00000,,767.1,2642.1,3194.4,,13.2,,,,2971.7,103.7,,,104.4,463.1,,,,,0.8,,212.0,22.3,363.5,,198.3,2.2,913.7,3.2,1393.6,,,,,,,,
DEE00000,,727.8,3445.4,4533.2,,39.8,,,,5183.4,123.4,,,94.5,408.4,,,,,,,573.5,50.0,342.0,,374.3,2.5,2756.8,10.1,2055.9,,,,,,,,
DEF00000,,699.9,2409.5,2831.0,,,,,,8578.6,13.6,,,47.9,839.2,,,,,,,276.1,,272.3,,205.2,,802.8,0.1,1333.9,,,,,,,,
DEG00000,,686.5,2466.4,2895.6,,44.6,,,,2342.8,44.3,,,77.6,420.8,,,,,,,56.5,32.8,342.9,,72.3,1.2,717.8,3.0,1512.4,,,,,,,,
DK000000,47.21,3509.2,8759.61,8759.61,,,52.0,21378.08,708.9,6609.02,42.4,,373.11,50.3,14769.06,651.22,1.3,,,1.3,,2200.03,117.6,651.22,248.17,687.1,,2377.41,,4097.5,,,0.1,,11.76,,282.75,
EE000000,1.26,386.46,1273.28,1273.28,,,2.58,2152.0,162.6,457.01,,,81.17,34.97,51.88,206.51,,,,3.55,,60.03,120.47,221.17,3.67,41.92,,0.5,,728.77,,,0.1,,0.51,,54.17,
EL000000,1131.93,331.6,2681.75,2450.65,1171.14,576.63,1979.2,2282.75,1132.81,2115.53,1125.86,29.63,75.56,43.8,167.22,1259.59,29.6,949.58,1337.12,1018.24,231.1,422.88,164.08,13.46,,16.19,1.88,65.75,226.01,281.02,336.01,273.06,335.53,19.83,800.59,442.83,2535.13,815.79
EL100000,,202.9,2029.2,3511.49,,398.73,1381.2,1282.13,1065.42,1114.2,808.93,20.91,,41.75,167.94,49.5,23.13,,237.0,0.08,280.02,193.43,96.36,11.65,,15.25,1.73,52.13,236.48,260.58,,,,15.86,,,,240.2
EL110000,,41.26,529.4,838.9,,119.78,9.7,497.85,230.88,458.24,287.27,9.2,,2.97,39.6,44.1,1.08,,26.5,0.01,21.01,113.83,11.56,2.79,,0.75,1.67,4.2,136.56,54.89,,,,8.62,,,,71.8
EL120000,,101.34,1096.24,1198.56,,207.52,1126.2,486.16,251.08,358.61,379.68,11.36,,18.74,127.55,4.4,17.34,,90.8,0.06,257.48,28.54,64.94,8.01,,3.22,0.05,43.94,78.08,116.38,,,,6.49,,,,74.6
EL130000,,59.64,356.42,503.33,,71.29,77.9,283.37,2.15,282.71,102.44,11.71,,19.77,0.67,0.3,4.29,,,0.01,0.01,46.23,19.49,0.83,,11.1,0.01,4.0,21.65,87.65,,,,0.75,,,,15.0
EL140000,,139.56,678.63,970.7,,278.36,167.3,745.12,581.3,717.83,218.79,4.1,,1.26,27.29,0.6,3.99,,119.6,0.02,0.02,9.22,39.12,0.24,,0.98,0.02,35.4,3.02,27.24,,,,3.86,,,,79.1
EL200000,,188.39,1050.61,855.29,,388.2,1361.4,975.07,165.5,934.66,367.95,9.0,,3.33,40.4,0.2,6.17,,1373.9,0.02,10.73,225.74,74.81,0.43,,1.15,0.11,36.85,8.22,39.82,,,,5.01,,,,494.9
EL210000,,0.65,47.14,106.08,,0.14,291.4,14.75,0.63,14.64,39.54,0.09,,0.27,0.11,0.2,0.41,,98.7,0.3,1.54,4.83,0.37,0.01,,0.18,0.01,0.7,0.18,1.67,,,,1.4,,,,6.0
EL220000,,0.15,4.49,5.55,,0.37,21.8,0.7,,0.53,0.02,,,0.04,0.17,,0.22,,157.1,,,23.68,0.27,,,0.03,,,,0.38,,,,,,,,28.1
EL230000,,1.77,112.41,363.89,,0.36,223.5,167.56,13.04,157.71,90.57,0.01,,0.8700000000000001,9.85,0.1,0.39,,286.1,0.01,3.21,90.57,9.86,,,0.03,0.08,,0.01,2.16,,,,0.27,,,,162.0
EL240000,,42.94,220.97,320.61,,104.81,16.1,57.63,151.84,54.64,46.85,4.89,,0.61,2.98,0.3,1.2,,234.3,0.01,7.4,35.32,17.43,0.2,,0.03,0.01,1.45,5.17,6.01,,,,0.89,,,,93.3
EL250000,,3.97,34.12,59.16,,4.3,808.6,4.05,,3.94,11.72,0.07,,0.5900000000000001,0.11,2.2,0.37,,597.6,,0.13,66.95,8.12,,,0.08,0.1,,0.03,4.02,,,,2.8,,,,205.5
EL300000,,1.38,11.36,13.39,,4.12,16.8,0.49,4.64,0.49,0.16,,,0.01,0.38,0.9,0.22,,49.5,3.49,,1.22,0.83,0.02,,,,0.01,0.01,0.03,,,,,,,,78.2
EL400000,,6.01,17.55,20.35,,2.68,194.0,33.96,,4.69,1.01,0.03,,2.58,29.28,0.1,1.44,,758.7,0.1,,30.26,6.74,,,1.19,,0.01,0.03,0.99,,,,,,,,160.8
EL410000,,0.28,2.92,3.61,,0.69,15.8,11.51,,1.05,0.04,,,1.12,10.46,0.1,0.29,,48.2,0.1,,3.59,0.25,,,0.06,,,0.03,0.17,,,,,,,,18.7
EL420000,,5.12,8.85,13.73,,1.66,17.1,16.18,,2.33,0.5,0.03,,0.07,13.85,0.1,0.23,,26.7,,,15.63,1.47,,,0.15,,,,0.46,,,,,,,,23.5
EL430000,,0.61,5.78,3.01,,0.34,161.2,6.27,,1.32,0.46,,,1.39,4.96,,0.92,,683.8,,,11.03,5.02,,,0.97,,0.01,0.01,0.36,,,,,,,,118.6
ES000000,1615.47,8963.75,24607.91,23978.89,6696.4,742.83,4481.06,25697.65,1240.13,4074.43,4265.74,,1212.05,828.0899999999999,21623.22,1135.61,81.80000000000001,7750.67,8137.81,120.99,629.03,2106.45,448.56,216.55,137.28,413.85,4.77,2683.11,793.3,7552.58,387.13,287.55,51.34,25.44,4114.42,6529.22,15099.81,6817.77
ES100000,,1.72,151.73,218.96,,0.05,182.6,6828.94,0.02,2460.09,97.32,,,0.07,4105.68,,,,,,,298.3,4.47,0.02,172.77,14.7,,0.27,0.1,37.36,,,,0.3,,,,208.6
ES110000,,1.38,148.61,217.57,,0.05,129.4,5793.09,,1978.18,96.07,,,0.42,3792.6,,,,,,,283.67,3.91,,165.58,14.63,,1.4,,36.03,,,,0.3,,,,208.3
ES120000,,0.1,1.37,0.91,,0.1,49.9,737.87,,297.65,1.24,,,,248.7,,,,,,,9.81,0.54,3.66,6.42,,,,,0.13,,,,,,,,0.2
ES130000,,0.34,1.74,0.48,,0.12,3.3,297.98,0.02,184.25,0.02,,,0.07,64.39,,,,,,,4.83,0.01,0.02,0.77,0.07,,0.27,0.1,1.2,,,,,,,,0.1
ES200000,,2328.61,5383.69,4382.11,,177.56,842.5,5831.97,60.87,334.94,1237.62,,,113.89,4633.88,114.1,6.08,,55.2,0.01,37.32,118.94,44.25,38.08,10.23,28.02,1.56,193.2,33.71,1316.53,,,,0.01,,,,533.2
ES210000,,114.77,289.41,221.93,,0.02,14.2,214.91,4.86,46.44,0.62,,,1.01,164.74,4.4,,,0.3,0.01,,53.66,2.8,3.07,4.71,0.79,,119.12,3.14,142.36,,,,0.02,,,,61.7
ES220000,,334.38,1009.54,971.28,,1.32,21.3,1094.75,29.69,179.69,183.38,,,10.61,681.72,18.6,0.86,,7.0,0.1,12.99,10.72,7.17,17.56,,0.1,0.01,14.21,7.72,417.13,,,,0.01,,,,99.1
ES230000,,105.69,269.43,232.51,,0.17,78.8,78.26,3.24,2.92,4.79,,,8.98,61.90000000000001,0.9,0.01,,2.8,0.1,0.1,40.04,1.45,5.58,0.33,0.45,0.1,59.42,2.59,148.13,,,,,,,,218.3
ES240000,,1773.77,3815.31,2956.4,,176.07,728.2,4444.05,23.08,105.89,1048.83,,,93.28999999999999,3725.52,90.2,5.22,,45.2,0.01,24.32,14.51,32.83,11.87,5.19,26.68,1.55,0.45,20.25,608.91,,,,0.05,,,,154.1
ES300000,,129.55,263.57,223.64,,0.51,5.0,231.75,1.22,27.81,56.95,,,12.75,188.46,3.4,0.51,,24.0,0.2,0.01,38.21,9.05,2.6,,2.47,,0.6,1.11,51.27,,,,,,,,88.1
ES400000,,7177.19,15988.66,11121.39,,32.88,330.8,8769.66,605.02,823.72,2228.74,,,436.85,7438.48,371.0,29.27,,628.0,0.03,152.17,923.76,388.25,122.49,4.04,360.81,2.62,1663.54,504.4,4692.14,,,,24.24,,,,3281.3
ES410000,,4112.42,9907.18,6654.97,,7.94,79.1,5806.08,337.68,633.58,1483.41,,,139.71,4822.92,143.0,4.17,,14.4,1.27,,830.08,187.47,87.92,4.04,305.7,0.67,1662.59,358.27,3561.61,,,,0.13,,,,198.6
ES420000,,2885.09,4811.97,3351.07,,9.57,67.9,1625.09,197.86,124.99,199.14,,,248.38,1400.96,139.1,21.54,,285.9,0.03,0.57,60.75,189.32,32.39,0.18,54.97,0.08,0.95,133.32,919.22,,,,0.11,,,,2673.9
ES430000,,179.68,1269.51,1115.35,,15.37,183.8,1338.5,69.49,65.15,546.19,,,48.78,1214.6,89.0,3.56,,327.7,0.05,151.6,32.93,11.46,2.18,0.36,0.14,1.87,0.93,12.81,211.31,,,,24.0,,,,408.8
ES500000,,854.22,2125.45,1465.82,,1.79,5581.3,3844.19,29.06,555.03,479.61,,,34.88,2311.08,32.8,9.89,,302.4,0.01,251.0,134.06,27.97,27.42,11.63,4.77,0.33,2.1,6.41,456.09,,,,0.01,,,,968.2
ES510000,,786.21,1885.54,1376.83,,1.13,1309.3,3660.96,27.12,548.43,475.71,,,31.58,2172.58,29.6,0.82,,195.9,0.01,136.06,22.28,24.63,27.42,0.23,3.58,0.33,2.1,5.65,432.47,,,,0.01,,,,459.9
ES520000,,39.78,190.97,28.89,,0.66,4168.8,72.81,0.99,2.82,3.21,,,2.4,64.76,3.2,8.65,,106.0,0.04,114.85,61.32,1.29,0.03,11.4,1.19,0.1,0.2,0.75,13.14,,,,0.01,,,,503.4
ES530000,,28.23,48.94,60.1,,0.01,103.2,110.43,0.94,3.78,0.69,,,0.9,73.75,0.5,0.43,,0.5,0.01,0.09,50.47,2.06,0.1,0.9,0.01,0.2,,0.01,10.49,,,,,,,,4.9
ES600000,,464.37,2474.48,2288.61,,574.67,2417.8,870.41,541.23,45.1,112.68,,,178.83,785.93,189.1,23.48,,2450.3,12.14,307.34,460.41,80.94,4.42,26.74,93.19,0.01,576.1,337.37,479.61,,,,0.28,,,,503.6
ES610000,,391.76,2334.69,2260.89,,574.34,1362.4,837.01,537.99,42.55,110.61,,,178.47,755.4300000000001,188.8,14.02,,2433.3,10.69,305.41,307.84,80.3,4.42,26.65,92.92,0.01,576.1,337.29,452.83,,,,0.28,,,,318.9
ES620000,,72.61,139.79,27.72,,0.33,1055.4,33.41,3.24,2.54,2.07,,,0.36,30.5,0.3,9.46,,17.1,1.46,1.93,152.57,0.64,0.11,0.09,0.27,,0.4,0.08,26.78,,,,,,,,184.7
ES700000,,0.12,1.99,2.59,,0.01,407.6,19.08,2.7,4.15,1.19,,,0.01,6.21,,4.83,,,,,78.15,0.3,,6.27,0.08,,1.5,,0.23,,,,0.1,,,,24.7
FI000000,7.399999999999999,1023.4,2597.7,2597.7,,,10.26,8595.4,63.2,,,13.5,819.1,8.0,8595.4,41.8,14.2,,,0.4,,554.2,56.0,41.4,,64.0,,420.7,0.1,683.1,,,0.8,,38.2,,311.01,
FI100000,,1377.5,3357.3,3862.6,,,1.0,10455.4,60.1,,,13.5,,,10455.4,88.4,7.9,,,0.4,,604.1,77.2,31.1,,66.5,,421.5,0.1,672.0,,,,,,,,
FI130000,,100.8,348.3,248.2,,,,346.0,2.7,,,0.4,,,346.0,1.8,0.8,,,0.1,,4.5,13.1,4.6,,10.7,,8.9,,139.3,,,,,,,,
FI180000,,434.6,1222.9,1951.3,,,1.0,1462.5,38.0,,,1.2,,,1462.5,45.9,2.4,,,0.1,,73.4,33.8,12.0,,31.2,,224.3,0.1,335.2,,,,,,,,
FI190000,,564.4,1277.5,1641.9,,,,3369.6,20.5,,,8.8,,,3369.6,38.9,3.5,,,0.2,,378.1,25.6,9.6,,21.5,,181.1,0.1,168.9,,,,,,,,
FI1A0000,,277.6,508.7,269.4,,,,5277.3,1.6,,,3.4,,,5277.3,1.8,1.1,,,1.0,,148.1,4.7,4.9,,3.1,,7.2,,28.5,,,,,,,,
FI200000,,4.4,13.8,17.0,,,1.5,73.2,0.4,,,,,,73.2,0.2,,,,,,20.4,0.1,0.1,,1.0,,0.3,,5.4,,,,,,,,
FR000000,141.97,11447.8,67079.47,67017.46,73.14,1589.23,2637.15,37271.88,10625.81,18157.83,14846.96,,1000.21,2487.84,21298.95,5818.08,0.7,29.76,30.24,89.7,62.01,8691.9,861.01,3297.3,804.81,189.31,428.13,34066.5,2002.96,35456.13,0.49,46.66,848.15,3.53,647.74,5836.64,5566.64,5884.23
FR100000,,583.52,2474.66,3023.16,,25.05,,115.41,290.58,16.01,351.06,,,24.84,103.9,231.6,4.5,,,1.85,,241.65,57.2,204.9,2.79,2.39,7.83,1708.58,17.69,1469.62,,,,0.22,,,,
FR200000,,5556.21,20549.06,29336.38,,221.01,,8100.08,3602.09,4497.7,1746.63,,,260.89,3523.07,3107.7,,,,28.76,,3817.76,393.6,2844.6,169.54,24.73,44.11,25451.64,134.76,12504.68,,,,0.56,,,,
FR210000,,1715.65,5198.87,5542.08,,2.52,,1234.95,669.95,488.82,260.09,,,37.41999999999999,662.17,595.9,0.06,,,1.41,,935.01,110.7,373.66,10.28,4.32,6.24,6220.75,55.94,3131.21,,,,0.12,,,,
FR220000,,837.73,5569.87,6248.49,,1.87,,744.77,612.1,634.95,354.46,,,17.81,171.12,251.9,0.11,,,1.35,,2497.27,97.13,367.16,82.08,7.68,0.76,9108.88,8.75,4301.51,,,,0.06,,,,
FR230000,,417.65,2492.29,2844.11,,2.57,,719.51,579.0,678.02,84.49,,,5.21,96.63999999999999,191.2,0.03,,,0.54,,706.87,22.15,213.48,222.9,0.48,0.25,2062.09,1.17,1970.97,,,,,,,,
FR240000,,1634.45,7018.07,8798.67,,496.2,,1221.43,1017.69,274.98,1246.71,,,174.73,960.22,1267.4,3.26,,,20.2,,662.98,110.24,601.89,8.43,24.09,14.11,1279.92,257.44,3293.69,,,,0.16,,,,
FR250000,,377.53,1937.84,2166.14,,2.02,,3066.36,211.92,2714.89,217.91,,,31.41,500.85,81.3,0.58,,,0.42,,66.48,39.77,140.62,68.75,2.11,0.33,46.25,3.5,1253.94,,,,0.1,,,,
FR260000,,842.02,2995.19,3736.89,,5.33,,826.08,511.43,287.73,296.82,,,133.55,479.4,720.0,0.02,,,4.86,,24.22,63.7,178.62,,8.44,38.12,68.47,109.21,1620.47,,,,0.1,,,,
FR300000,,348.14,3070.7,3208.58,,2.44,,1077.94,313.76,996.03,214.88,,,10.21,91.87,31.5,0.03,,,0.19,,2758.86,13.57,94.52,35.82,1.14,0.04,5134.84,0.15,2471.6,,,,0.03,,,,
FR400000,,967.2,4349.7,5477.97,,0.18,,2172.07,423.32,1179.38,1534.22,,,70.82,979.34,668.6,0.58,,,1.79,,65.76,37.99,453.3,16.05,6.35,38.06,535.1,19.16,1741.14,,,,2.4,,,,
FR410000,,803.8,2587.82,2877.75,,0.25,,1193.98,282.4,957.06,65.64,,,63.24,398.37,521.5,,,,0.83,,16.35,27.18,265.03,3.53,7.76,1.99,26.67,49.13,1611.42,,,,0.1,,,,
FR420000,,41.56,1687.17,1706.84,,2.1,,306.53,19.38,183.53,1235.58,,,14.69,78.97999999999999,19.7,0.09,,,0.09,,40.73,0.71,24.78,2.13,1.73,19.71,447.13,2.64,386.86,,,,0.99,,,,
FR430000,,176.36,804.96,893.39,,1.42,,677.98,121.53,205.42,157.95,,,28.52,339.48,127.4,,,,0.67,,3.6,3.7,83.26,10.4,3.84,23.0,93.12,6.63,412.64,,,,0.01,,,,
FR500000,,1931.27,12788.08,14010.02,,456.21,,16297.64,1038.56,7330.31,2973.84,,,479.37,8480.470000000001,1361.7,,,,12.74,,411.03,174.75,766.8,166.63,8.67,10.42,83.08,322.68,6709.99,,,,2.32,,,,
FR510000,,399.83,3779.86,4585.92,,101.87,,6405.79,294.05,3073.87,1289.57,,,150.42,3065.38,338.3,0.53,,,4.82,,39.17,54.72,194.09,33.24,7.13,2.4,66.14,124.31,1688.74,,,,0.26,,,,
FR520000,,659.19,4197.27,4218.28,,2.41,,7383.18,149.31,3732.38,1711.46,,,138.03,3255.49,106.1,3.72,,,1.03,,449.1,30.53,145.34,114.79,2.8,0.71,25.75,1.4,1609.68,,,,0.01,,,,
FR530000,,630.22,3892.95,5205.82,,195.79,,2695.77,595.21,544.78,1364.34,,,117.27,1952.8,917.2,0.61,,,11.21,,17.89,126.67,213.05,18.6,5.14,8.42,5.05,376.0,1459.05,,,,0.5,,,,
FR600000,,682.97,8053.9,7679.54,,509.09,,6787.83,784.54,1004.6,3978.94,,,491.8,5588.98,862.9,,,,7.67,,97.88,98.91,195.34,8.05,11.48,196.97,15.74,571.97,2225.47,,,,3.33,,,,
FR610000,,83.66,2947.06,3257.93,,6.59,,2070.27,189.89,331.16,2398.1,,,120.73,1365.86,162.0,0.3,,,1.26,,95.59,13.78,29.54,2.29,1.91,104.0,6.63,124.59,303.64,,,,0.8,,,,
FR620000,,373.65,3035.88,3982.22,,236.13,,2388.47,583.46,352.1,1216.69,,,230.19,2324.01,684.5,0.07,,,5.76,55.83,15.73,53.36,76.76,19.2,5.64,137.61,0.7,335.16,900.81,,,,0.26,,,,
FR630000,,51.59,357.35,439.4,,0.89,,1551.55,11.18,268.91,33.74,,,118.4,1261.48,16.3,0.02,,,0.24,,9.92,2.0,6.11,5.76,3.57,0.28,0.5,7.92,105.26,,,,0.01,,,,
FR700000,,406.06,3532.95,3668.93,,59.84,,3685.31,187.99,952.44,1302.13,,,299.94,2716.87,249.3,,,,0.59,,63.53,18.09,128.8,19.43,36.89,45.3,385.94,63.68,1389.38,,,,0.45,,,,
FR710000,,186.72,1665.22,2133.25,,41.17,,1368.76,115.12,478.5,745.37,,,117.1,687.9100000000001,151.0,1.8,,,0.52,,37.89,6.81,65.16,14.5,14.81,34.32,6.2,40.51,534.08,,,,0.23,,,,
FR720000,,124.81,1193.52,1535.68,,0.8,,1430.82,72.87,297.07,280.36,,,168.99,1543.18,98.3,0.02,,,1.77,,23.05,9.84,11.49,4.94,17.81,1.9,231.52,37.6,557.7,,,,0.11,,,,
FR800000,,102.51,854.5,837.2,,438.17,,679.16,90.94,11.78,59.73,,,53.46,613.8399999999999,110.2,,,,0.49,80.27,44.27,24.22,17.96,0.48,8.44,5.97,,67.94,93.06,,,,0.01,,,,
FR810000,,53.19,352.01,495.89,,138.91,,272.37,67.55,5.72,20.49,,,30.77,301.74,74.6,2.22,,,0.38,14.63,13.87,11.15,5.89,0.08,9.29,3.24,,33.85,63.21,,,,0.01,,,,
FR820000,,52.03,250.43,331.54,,55.21,,435.46,23.39,3.25,24.48,,,17.26,395.16,35.4,0.78,,,0.04,62.57,33.17,5.71,1.78,0.41,1.24,1.42,,13.5,31.01,,,,,,,,
FR830000,,1.14,8.73,9.78,,0.05,,50.88,0.04,1.25,6.08,,,0.7100000000000001,46.69,0.2,0.03,,,,,0.43,0.02,0.1,,0.01,0.1,,0.03,0.3,,,,,,,,
HR000000,69.5,306.2,3554.3,3554.3,40.02,3.3,101.57,1423.0,316.25,980.0,2166.0,,58.8,44.5,443.0,451.2,4.5,23.0,33.23,3.2,,161.0,3.4,73.0,6.0,2.1,255.0,638.0,120.0,973.4,,2.48,,6.6,32.0,121.08,202.81,123.55
HU000000,579.4,1698.95,15615.55,15603.81,,159.95,569.33,3888.53,2069.33,1773.73,6437.94,52.58,76.97,389.15,1796.66,2759.38,20.78,,,1.53,9.43,220.46,27.25,702.0,5.52,81.8,162.19,657.76,1693.02,5156.13,,7.66,0.13,5.09,161.48,422.58,1430.3,435.05
HU100000,,56.53,702.24,684.68,,7.94,128.4,252.62,121.54,126.23,393.35,1.15,,28.65,82.64,73.9,0.64,,,0.03,0.04,44.07,1.36,38.44,0.39,11.33,0.33,24.66,90.95,197.39,,,,0.02,,,,37.3
HU200000,,689.94,6755.02,5985.98,,38.6,181.9,1530.3,857.33,933.07,3643.56,38.27,,115.4,383.61,500.7,2.36,,,0.21,,42.96,10.8,446.99,6.29,21.55,116.41,581.58,486.58,2210.67,,,,0.02,,,,206.6
HU210000,,172.23,1867.6,1670.37,,12.58,50.2,522.18,228.92,330.89,1039.29,23.16,,31.12,125.66,169.6,0.19,,,0.12,,16.85,4.06,88.48,1.38,7.38,6.3,172.04,149.57,592.44,,,,0.01,,,,66.9
HU220000,,255.67,1818.9,1544.79,,14.44,83.5,606.37,246.85,372.29,784.54,2.06,,31.6,121.67,116.0,0.6,,,0.13,,15.32,3.01,199.21,3.34,10.41,50.75,157.13,88.03,711.09,,,,,,,,56.2
HU230000,,262.04,3068.53,2770.82,,11.58,48.2,401.74,381.56,229.89,1819.74,13.05,,52.67,136.29,215.1,1.57,,,0.09,,10.79,3.74,159.29,1.58,3.77,59.37,252.41,248.98,907.13,,,,0.02,,,,83.5
HU300000,,737.48,8158.29,6930.61,,74.15,512.0,2105.61,1178.91,1032.58,4377.44,13.17,,269.28,817.8100000000001,656.7,17.79,,,0.93,11.74,183.06,15.09,391.47,7.14,51.6,49.02,174.22,1120.43,2592.73,,,,5.09,,,,326.4
HU310000,,113.89,1292.84,1071.58,,3.35,94.2,329.18,241.76,148.04,475.02,8.6,,44.67,143.95,117.0,2.22,,,0.07,,9.26,2.18,109.51,0.89,4.53,10.04,1.38,199.21,643.92,,,,0.09,,,,138.4
HU320000,,228.58,3361.81,2835.4,,22.72,305.8,895.84,458.76,474.69,2080.59,2.45,,102.45,321.94,230.4,2.35,,,0.27,6.31,56.06,6.31,99.11,3.68,15.96,5.42,60.37,523.76,889.73,,,,4.57,,,,24.0
HU330000,,395.01,3503.65,3023.63,,48.08,112.0,880.58,478.4,409.85,1821.83,2.12,,122.16,351.9,309.3,13.22,,,0.58,5.43,117.74,6.6,182.85,2.56,31.12,33.56,112.47,397.46,1059.09,,,,0.43,,,,164.0
IR000000,19.83,1520.21,2357.86,2357.86,,,19.89,,34.15,701.14,,6.89,235.98,,28.2,45.1,0.1,,,,,317.57,53.28,50.85,,,,1380.0,,601.68,,,,,3.79,,158.7,
IR010000,,45.91,61.78,509.7,,,,,8.84,81.94,,1.22,,,9.51,0.9,,,,,,33.06,0.2,0.04,,,,,,6.4,,,,,,,,
IR020000,,828.75,1075.06,2088.11,,,,,47.76,458.29,,13.72,,,16.01,4.2,,,,,,104.96,32.21,14.55,,,,,,148.1,,,,,,,,
IT000000,3289.45,1038.48,16710.07,14747.55,2940.06,4065.01,5588.49,56509.8,1227.21,20630.54,6060.23,,237.27,458.03,35879.27,1222.32,55.92,2126.16,2207.15,0.64,1513.06,1362.13,203.14,54.54,7.18,11.38,886.57,1831.09,280.58,2877.16,81.0,1039.84,5.89,37.83,5796.31,7153.98,13307.52,8222.36
IT100000,,221.26,5788.08,5328.71,,51.76,,23635.35,329.56,12467.57,3379.59,,,85.94,11060.02,347.3,15.71,,18.0,0.02,1429.93,65.44,35.83,18.02,,1.01,205.01,117.48,35.75,608.18,,,,0.29,,,,708.1
IT110000,,96.73,2923.35,2510.54,,8.25,,2912.3,53.58,958.79,1679.66,,,44.06,1845.76,141.5,1.02,,,,779.48,33.87,11.82,5.59,,0.05,42.66,20.73,21.25,309.3,,,,0.13,,,,467.5
IT120000,,0.01,0.12,0.18,,0.06,,,,0.1,0.05,,,,,,,,,,,2.9,,,,0.04,,,,0.02,,,,,,,,4.2
IT130000,,0.18,1.13,1.25,,0.14,,12.67,113.69,0.65,0.5,,,0.02,12.03,,0.89,,14.0,,,10.94,0.12,5.71,,,106.97,,1.01,0.44,,,,,,,,23.9
IT200000,,124.34,2863.49,2816.74,,43.51,,20710.38,162.29,11508.14,1699.38,,,41.89,9202.24,205.8,13.81,,4.0,0.02,650.45,17.73,23.9,12.44,185.0,0.92,162.35,96.75,14.5,298.42,,,,0.16,,,,212.4
IT300000,,286.86,5307.16,6633.08,,362.73,,18844.46,670.48,5449.68,2831.34,,,287.8,13392.49,619.4,10.71,,14.7,0.02,52.39,450.91,34.52,23.92,,3.36,756.02,1694.07,71.01,1471.07,,,,12.24,,,,2499.6
IT310000,,0.03,1.9,0.96,,0.03,,70.49,,64.5,1.5,,,0.04,5.99,,0.01,,,,,6.8,0.01,,,0.02,,,,0.25,,,,,,,,
IT320000,,118.25,2536.64,3501.3,,58.37,,3072.94,1.19,2305.3,1733.85,,,55.74,767.6400000000001,353.8,8.53,,8.5,0.02,17.82,181.44,14.37,11.47,185.0,0.72,497.79,630.8,18.14,549.43,,,,11.85,,,,1240.8
IT330000,,34.19,560.73,740.01,,0.32,,340.76,535.6,177.01,475.45,,,13.53,163.74,126.5,0.05,,0.3,,0.06,7.1,2.42,4.98,,0.05,96.72,24.78,13.75,36.51,,,,0.02,,,,159.5
IT400000,,134.18,2207.1,2390.03,,304.01,,15190.65,133.69,2801.89,620.51,,,218.49,12386.48,139.1,2.12,,5.2,,34.5,245.21,17.73,7.47,75.0,2.32,161.52,1038.49,39.12,884.73,,,,0.37,,,,936.3
IT500000,,300.0,1933.53,2351.48,,833.33,,8799.12,206.13,1346.0,337.44,,,35.41,7437.47,315.3,2.05,,433.4,0.62,1.07,78.85,95.35,5.25,10.0,1.37,4.01,19.54,175.64,331.33,,,,14.35,,,,1278.9
IT510000,,59.91,529.38,616.41,,203.38,,3472.97,50.3,155.3,90.73,,,20.85,3302.01,107.3,1.02,,113.8,0.62,1.07,15.52,38.37,3.15,,0.37,2.05,0.22,48.21,101.84,,,,2.39,,,,383.9
IT520000,,98.65,439.73,690.34,,109.04,,1035.8,53.27,89.4,87.0,,,4.08,946.4,103.0,,,83.8,,,5.0,27.98,0.92,16.0,0.45,0.06,0.25,26.51,116.62,,,,11.42,,,,144.2
IT530000,,76.73,625.5,680.87,,423.52,,954.58,94.41,109.08,38.96,,,8.53,845.5,79.9,0.16,,27.6,,0.1,2.6,25.6,0.88,49.0,0.1,1.73,19.32,94.83,65.92,,,,0.1,,,,228.7
IT600000,,64.71,338.92,363.87,,97.39,,3335.78,8.15,992.22,120.76,,,1.95,2343.56,25.0,0.87,,208.1,,1.6,55.73,3.4,0.31,50.0,0.55,0.17,15.3,6.1,46.95,,,,0.54,,,,522.1
IT710000,,70.02,364.55,368.0,,127.23,,603.42,9.03,33.79,64.06,,,3.56,569.63,12.9,0.08,,130.7,,0.01,172.19,15.83,0.01,,0.58,0.28,0.47,8.35,91.51,,,,0.01,,,,576.3
IT720000,,6.53,259.78,193.88,,222.08,,275.17,7.65,58.5,12.7,,,1.68,216.67,22.2,,,35.2,,,3.67,5.79,0.2,,0.03,0.1,0.43,3.01,12.56,,,,0.04,,,,54.3
IT800000,,48.29,424.18,350.09,,182.63,,3385.88,20.56,903.02,100.68,,,0.26,2481.91,1.4,4.27,,243.5,,,259.19,6.61,0.01,50.0,0.21,0.02,3.6,0.41,63.3,,,,11.24,,,,307.5
IT900000,,241.02,2774.36,2744.79,,1872.0,,6100.12,21.01,1169.78,204.36,,,8.629999999999999,4929.39,62.7,26.98,,2926.4,0.01,2.61,628.56,48.7,0.94,,5.71,0.4,1.36,15.55,255.35,,,,11.25,,,,3376.1
IT910000,,53.76,1115.93,1186.65,,950.08,,905.85,2.99,81.79,4.97,,,0.38,824.0699999999999,21.1,22.58,,1599.5,0.01,0.01,58.78,14.51,0.35,,0.02,0.25,0.46,3.58,39.38,,,,4.2,,,,2239.8
IT920000,,41.09,426.85,463.31,,324.82,,454.59,43.0,18.61,3.85,,,0.64,435.98,4.1,,,74.4,,,1.98,1.69,0.57,,0.59,0.1,6.96,0.06,18.67,,,,0.1,,,,91.2
IT930000,,21.34,183.08,182.85,,65.17,,475.21,43.0,74.08,18.11,,,2.11,401.13,1.0,0.05,,843.1,,2.61,132.75,4.27,0.01,3.0,4.31,0.12,17.5,0.14,29.93,,,,0.1,,,,107.0
ITA00000,,12.99,773.26,809.4,,719.1,,1282.86,0.01,9.33,1.31,,,2.3,1273.53,3.4,0.1,,290.7,,0.29,185.77,10.88,0.01,,0.03,,,0.12,0.99,,,,0.1,,,,1350.7
ITB00000,,28.5,133.69,129.63,,46.29,,3275.67,45.0,211.16,17.06,,,0.16,3064.5,8.6,0.31,,66.4,,26.78,25.13,7.81,0.01,,0.03,0.1,75.9,0.04,1.73,,,,,,,,148.5
KO000000,39.2,5.2,459.4,459.4,,,65.6,278.3,1.2,122.8,163.9,,4.0,0.4,155.5,1.2,0.39,,,0.01,,73.8,7.0,,,1.0,,,0.15,285.0,,4.5,,0.02,16.4,14.8,179.4,19.3
LT000000,41.0,544.6,5984.7,5984.7,,,65.34,5746.0,510.3,624.8,119.4,0.23,255.1,296.6,4895.0,978.48,7.25,,,1.0,,272.0,339.4,1006.8,4.72,73.1,1.6,790.0,,4695.9,,,2.42,,11.8,,212.39,
LV000000,7.1,188.5,3497.1,2851.3,,,18.5,5968.7,187.2,768.2,,2.3,196.8,45.6,30.7,456.0,0.4,,,0.5,,135.7,137.2,371.6,2.9,136.8,,10.8,,2283.6,,,0.2,,4.5,,86.1,
MK000000,135.8,151.58,579.99,563.89,0.01,,190.94,221.44,36.98,76.37,153.39,,6.74,5.3,145.07,5.72,9.8,,0.55,0.09,16.11,202.75,9.66,0.5,3.92,8.5,0.02,7.85,5.21,243.68,,68.26,,24.49,156.36,249.3,800.08,317.55
MO000000,2.95,0.93,7.2,7.2,2.93,,5.31,17.95,,,2.55,,0.6,0.23,10.3,,,0.28,0.3,,,29.46,0.84,,,0.36,,,,2.24,0.02,2.13,,0.06,2.82,19.14,40.06,21.27
MT000000,0.32,,,,1.05,,0.43,31.0,,32.2,,,,,31.0,,,,0.03,,,7.0,0.2,,,,,,,,0.01,0.17,,,10.52,2.72,48.73,2.89
NL000000,620.0,212.0,1415.23,1415.23,,,659.5,11203.3,237.9,7838.0,161.0,,7.7,7.0,5816.200000000001,10.0,1.5,,,3.2,,6938.0,5.51,5.0,,8.0,0.99,6538.0,,1024.0,,0.1,23.0,,910.0,1.7,5344.59,1.7
NL100000,,125.81,416.41,544.0,,,,,,1909.73,13.0,,,0.53,,2.9,,,,,,2586.97,0.08,3.21,,2.99,,2265.05,,270.6,,,,,,,,
NL110000,,67.26,280.79,365.0,,,,,,379.0,2.54,,,0.08,,2.6,,,,,,1062.4,0.03,2.61,,0.52,,1074.35,,207.77,,,,,,,,
NL120000,,12.46,53.17,69.0,,,,,,759.37,0.7,,,0.02,,0.1,,,,,,321.9,0.04,0.14,,0.07,,233.89,,39.58,,,,,,,,
NL130000,,46.1,82.46,110.0,,,,,,771.36,9.76,,,0.44,,0.2,,,,,,1202.66,0.01,0.46,,2.4,,956.81,,23.25,,,,,,,,
NL200000,,40.16,252.82,297.0,,,,,,3201.12,47.42,,,3.48,,7.3,,,,0.2,,1423.49,,1.38,,2.07,,1212.38,,156.92,,,,,,,,
NL210000,,9.36,38.96,38.0,,,,,,1549.66,17.07,,,1.56,,0.1,,,,,,340.21,,0.18,,1.16,,168.31,,9.6,,,,,,,,
NL220000,,12.98,86.81,110.0,,,,,,1495.95,30.07,,,1.87,,0.2,,,,0.1,,243.91,,1.1,,0.88,,197.26,,40.3,,,,,,,,
NL230000,,17.82,127.05,149.0,,,,,,155.51,0.28,,,0.04,,7.1,,,,0.1,,839.37,,0.1,,0.03,,846.81,,107.02,,,,,,,,
NL300000,,41.39,425.52,566.0,,,,,,937.23,5.9,,,0.29,,30.5,,,,2.1,,1613.83,5.38,0.81,,1.42,,1812.01,,375.74,,,,,,,,
NL310000,,0.63,3.87,6.0,,,,,,304.66,0.29,,,0.26,,,,,,0.1,,3.93,,0.02,,0.73,,5.27,,1.93,,,,,,,,
NL320000,,11.1,66.9,94.0,,,,,,195.39,0.02,,,0.03,,1.0,,,,,,343.91,0.01,0.31,,0.56,,428.19,,54.7,,,,,,,,
NL330000,,8.21,103.55,146.0,,,,,,215.64,0.02,,,0.17,,1.2,,,,0.1,,500.04,0.11,0.21,,0.1,,418.49,,95.16,,,,,,,,
NL340000,,21.46,251.19,319.0,,,,,,221.54,5.57,,,0.05,,28.3,,,,2.0,,765.95,5.26,0.27,,0.04,,960.06,,223.96,,,,,,,,
NL400000,,39.86,320.48,360.0,,,,,,2465.81,141.98,,,1.19,,1.9,,,,0.2,,1395.77,0.04,0.54,,1.24,,1401.93,,135.56,,,,,,,,
NL410000,,17.85,202.6,198.0,,,,,,1957.97,99.68,,,0.68,,1.9,,,,0.2,,1009.16,0.04,0.18,,0.59,,837.67,,83.54,,,,,,,,
NL420000,,22.01,117.89,162.0,,,,,,507.84,42.3,,,0.51,,0.1,,,,0.1,,386.61,,0.35,,0.64,,564.27,,52.03,,,,,,,,
NO000000,12.53,637.0,1311.0,1311.0,,,18.8,2711.1,9.0,,,,282.71,24.0,64.5,10.27,,,,,,362.6,4.1,6.8,,11.0,,,,324.0,,,,,14.24,,,
NO011000,,55.9,122.3,,,,,,,,,,,,,,,,,,,,,1.4,,2.1,,,,20.1,,,,,,,,
NO020000,,228.5,357.3,,,,,,,,,,,,,,,,,,,,,0.2,,1.5,,,,55.1,,,,,,,,
NO030000,,83.5,240.4,,,,,,,,,,,,,,,,,,,,,5.6,,5.1,,,,91.5,,,,,,,,
NO040000,,8.4,10.0,,,,,,,,,,,,,,,,,,,,,,,,,,,0.1,,,,,,,,
NO050000,,1.2,1.3,,,,,,,,,,,,,,,,,,,,,,,,,,,0.1,,,,,,,,
NO060000,,131.9,148.3,,,,,,,,,,,,,,,,,,,,,,,0.1,,,,3.6,,,,,,,,
NO070000,,0.3,0.4,,,,,,,,,,,,,,,,,,,,,,,,,,,,,,,,,,,
PL000000,4080.1,3015.47,35526.03,35526.03,,,4306.9,39321.92,3391.8,30422.11,7317.71,75.0,3503.58,5442.46,8346.28,3217.1,114.97,,,61.99,,7848.59,619.44,3189.12,133.42,2882.94,20.76,14947.21,33.95,12121.93,,,15.08,20.43,1123.3,,5001.2,3.2
PL100000,,276.64,3449.34,5055.0,,,,3347.58,,2915.13,417.34,,,884.17,597.8199999999999,41.0,,,,0.1,,1386.13,39.85,132.5,,489.61,0.25,471.45,1.05,906.32,,,,1.09,,,,
PL110000,,169.68,2636.98,2092.0,,,,2721.43,,2530.37,357.9,,,710.75,415.72,13.4,,,,0.01,,1027.01,19.61,81.66,,443.43,0.07,327.74,0.92,566.52,,,,0.02,,,,
PL120000,,141.94,2651.61,2963.0,,,,5382.87,,4377.53,352.62,,,589.9,422.41,27.6,,,,0.01,,744.54,31.44,121.82,,392.48,0.62,972.65,0.01,585.18,,,,0.05,,,,
PL200000,,196.09,1979.53,1614.2,,,,972.63,,953.07,462.54,,,243.44,340.84,32.8,,,,0.05,,707.14,24.41,120.1,,113.14,4.62,164.12,0.65,788.9,,,,1.19,,,,
PL210000,,92.86,958.36,821.9,,,,373.1,,263.77,254.68,,,63.19,170.38,5.5,,,,0.04,,537.32,16.97,42.53,,25.87,3.96,65.88,0.44,435.71,,,,1.18,,,,
PL220000,,103.22,1021.17,792.3,,,,599.53,,689.3,207.86,,,180.25,170.47,27.3,,,,0.01,,169.82,7.44,77.57,,87.27,0.65,98.24,0.21,353.19,,,,0.02,,,,
PL300000,,381.45,6238.13,6039.3,,,,8820.65,,8117.07,984.33,,,1004.13,2252.11,88.7,,,,0.78,,1026.71,124.99,530.64,,422.23,4.29,2128.83,2.73,2463.32,,,,16.91,,,,
PL310000,,264.24,3552.31,2869.5,,,,1927.36,,1775.77,289.25,,,596.04,463.06,62.3,,,,0.61,,464.36,97.01,383.51,,171.27,1.52,1931.09,0.71,1854.94,,,,13.03,,,,
PL320000,,62.26,1091.86,930.7,,,,288.12,,134.16,413.27,,,77.19,174.22,16.8,,,,0.15,,395.05,12.7,87.91,,33.0,2.73,197.74,1.87,396.59,,,,2.78,,,,
PL330000,,106.96,812.36,794.3,,,,626.15,,384.76,59.45,,,173.42,182.1,7.8,,,,0.08,,359.12,20.25,50.84,,46.18,0.18,143.71,0.13,339.79,,,,1.09,,,,
PL340000,,54.95,1593.96,1444.8,,,,6605.17,,6207.15,281.81,,,330.9,1614.85,1.8,,,,0.02,,167.3,15.29,59.21,,217.95,0.04,0.34,0.15,211.79,,,,1.1,,,,
PL400000,,883.67,8257.3,7491.2,,,,6735.38,,7200.88,1744.94,,,1706.44,1060.51,408.8,,,,2.49,,1640.21,79.21,667.11,,1091.74,1.53,4506.0,5.41,2298.0,,,,0.03,,,,
PL410000,,557.19,5318.57,4489.1,,,,5720.4,,6397.19,1379.37,,,1115.12,656.12,162.4,,,,0.74,,1141.9,36.78,305.8,,650.51,0.59,3465.48,2.39,1267.03,,,,0.03,,,,
PL420000,,223.2,2056.46,2097.9,,,,769.08,,556.52,209.04,,,367.98,331.42,192.5,,,,0.34,,416.32,29.99,283.42,,315.92,0.7,919.35,0.33,796.89,,,,,,,,
PL430000,,103.28,882.28,904.3,,,,245.9,,247.16,156.53,,,223.34,72.96000000000001,53.9,,,,1.41,,82.0,12.43,77.89,,125.31,0.24,121.17,2.69,234.09,,,,0.01,,,,
PL500000,,643.95,4993.45,4010.8,,,,1250.94,,1156.21,1247.51,,,408.15,232.78,315.5,,,,0.51,,704.29,27.36,634.72,,160.38,3.23,2231.98,3.52,2375.14,,,,0.03,,,,
PL510000,,323.95,2909.19,2290.7,,,,570.74,,507.12,726.58,,,236.74,120.63,191.7,,,,0.34,,498.55,17.75,390.46,,97.65,1.83,1209.54,2.55,1429.37,,,,0.03,,,,
PL520000,,320.0,2084.26,1720.0,,,,680.19,,649.09,520.92,,,171.41,112.15,123.8,,,,0.16,,205.75,9.61,244.26,,62.73,1.4,1022.45,0.97,945.77,,,,0.07,,,,
PL600000,,489.32,7039.95,5616.1,,,,6628.2,,5914.84,1272.97,,,1102.63,2035.89,271.1,,,,2.09,,1538.08,134.75,856.84,,568.93,0.49,4329.22,0.63,3088.55,,,,0.88,,,,
PL610000,,266.69,3299.19,2444.6,,,,2793.55,,3007.95,943.15,,,460.63,548.4100000000001,110.3,4.6,,,0.23,,665.65,34.43,299.5,,240.58,0.41,3433.25,0.53,1233.54,,,,0.71,,,,
PL620000,,107.96,1858.19,1608.8,,,,2691.82,,1903.29,204.73,,,378.66,1106.06,83.9,1.7,,,1.32,,181.54,55.25,282.51,,132.23,0.06,225.09,0.06,842.45,,,,0.05,,,,
PL630000,,114.68,1882.56,1562.7,,,,1142.83,,1003.6,125.08,,,263.34,381.42,76.9,1.0,,,0.54,,690.9,45.07,274.82,,196.12,0.02,670.88,0.04,1012.55,,,,0.12,,,,
PT000000,556.54,56.87,1107.91,935.28,422.93,13.36,708.69,,23.4,3126.79,716.18,,44.17,22.38,1734.69,9.11,0.02,1109.52,722.58,1.0,172.63,426.54,22.4,,,15.44,,6.55,9.11,66.89,7.4,17.85,,0.09,1713.34,835.54,2515.66,853.38
PT100000,,59.87,1045.3,1165.83,,10.27,890.5,,1101.19,2515.23,681.94,,,24.43,1734.14,17.5,0.02,,332.5,,132.79,368.69,3.0,,,17.16,,125.38,10.13,70.38,,,,0.14,,,,1060.6
PT110000,,0.12,125.25,132.29,,0.1,180.6,,0.02,1754.94,103.28,,,0.65,256.6,0.1,0.02,,98.4,,,110.64,1.1,,,13.24,,,0.1,5.33,,,,0.1,,,,404.5
PT150000,,0.67,5.0,3.48,,0.23,189.1,,0.15,1.43,1.05,,,0.09,24.5,0.1,,,12.0,,1.16,8.2,0.1,,,0.01,,5.88,0.15,0.84,,,,,,,,24.1
PT160000,,3.96,287.95,269.26,,0.52,421.5,,30.46,481.06,234.83,,,1.09,515.2,0.2,,,143.8,,34.75,111.5,1.2,,,3.74,,10.44,0.46,5.55,,,,0.14,,,,387.0
PT170000,,1.46,49.94,46.59,,0.13,25.1,,217.79,71.52,20.58,,,0.31,38.12,0.3,,,0.5,,25.49,53.63,0.1,,,0.01,,13.42,0.11,1.85,,,,,,,,62.6
PT180000,,53.67,577.16,714.21,,9.4,74.2,,852.92,206.28,322.21,,,22.3,899.71,17.0,,,77.8,,71.4,84.73,0.5,,,0.18,,101.52,9.55,56.81,,,,0.27,,,,182.3
PT200000,,,0.11,0.42,,,9.7,,9.97,610.88,0.11,,,,,,,,,,,15.04,0.2,,,,,6.55,,0.1,,,,0.09,,,,2.1
PT300000,,0.01,0.08,0.24,,,2.8,,,0.68,0.04,,,,0.55,,,,,,,25.91,0.1,,,,,,,0.03,,,,,,,,6.6
RO000000,635.14,2427.46,27052.83,27023.36,,20.53,1535.87,5270.58,3474.99,1269.67,12492.34,23.45,237.48,388.98,4000.91,4738.36,3.84,,,4.94,29.47,2613.4,231.31,1343.57,225.68,35.02,341.45,1044.53,3048.41,11421.56,,52.35,2.92,0.91,477.8,880.41,2340.86,932.77
RO010000,,59.74,2370.87,2052.3,,0.09,202.1,,,178.3,1637.27,,,,,125.1,,,,0.3,,915.7,10.0,63.45,,11.34,54.75,355.19,365.77,613.24,,,,0.04,,,,163.5
RO020000,,224.81,1920.52,2520.8,,1.45,121.4,,,33.7,1016.78,,,,,556.7,,,,0.7,38.1,132.1,17.3,110.89,,0.31,60.23,8.63,422.17,644.24,,,,0.01,,,,527.2
RO030000,,361.92,3989.58,3605.6,,0.02,147.5,,,79.8,1786.31,,,,,529.4,,,,0.2,20.5,348.0,12.4,232.41,,1.8,56.31,0.22,487.17,1760.13,,,,0.75,,,,177.3
RO040000,,201.38,3516.42,2579.8,,1.4,108.1,,,3.8,1572.48,,,,,167.8,,,,0.2,13.4,276.8,5.6,66.74,,6.35,7.07,0.44,442.68,1649.78,,,,0.18,,,,161.6
RO050000,,131.25,2998.87,1807.0,,5.42,101.1,,,78.9,1773.69,,,,,134.5,,,,0.2,0.4,460.6,1.1,180.59,,0.45,77.72,4.12,234.41,1003.05,,,,0.01,,,,15.8
RO060000,,97.16,2439.78,1164.4,,1.71,170.9,,,97.2,1644.66,,,,,68.2,,,,1.1,0.1,800.6,5.0,84.12,,2.8,50.59,54.06,185.15,595.66,,,,0.01,,,,46.8
RO070000,,67.97,2017.7,990.8,,0.59,75.4,,,328.7,1466.13,,,,,5.2,,,,0.2,,1056.6,1.3,24.76,,5.32,26.98,356.29,40.82,416.83,,,,0.16,,,,15.7
RO080000,,10.29,120.32,80.0,,0.21,9.1,,,10.9,45.02,,,,,19.6,,,,,,13.6,0.2,17.2,,0.13,0.56,0.05,20.5,60.94,,,,,,,,9.2
SE000000,31.6,1060.6,4975.7,4975.7,,,32.06,5632.2,336.5,200.0,13.3,1.7,581.0,152.8,5414.1,348.7,,,,5.5,,826.4,132.5,343.2,,143.4,,2064.9,,3024.6,,,0.1,,18.0,0.16,410.32,0.16
SE010000,,33.7,169.0,165.2,,,,132.2,6.0,,,,,1.8,129.7,8.1,,,,0.2,,0.9,5.6,7.3,,0.6,,,,111.5,,,,,,,,
SE020000,,423.5,2080.3,1979.8,,,,960.7,72.5,13.0,,,,62.7,943.1,87.7,,,,2.8,,87.3,60.7,92.7,,34.6,,,,1300.2,,,,,,,,
SE040000,,482.2,1563.8,1571.5,,,,863.2,180.3,69.9,8.7,,,30.6,790.2,60.1,,,,0.4,,507.9,16.1,162.1,,88.0,,1978.4,,873.5,,,,,,,,
SE060000,,88.5,259.2,225.4,,,,534.4,2.5,,,,,1.4,519.1999999999999,2.0,,,,0.1,,32.2,5.5,3.7,,5.6,,,,71.2,,,,,,,,
SE070000,,12.1,14.9,16.7,,,,226.5,,,,,,0.1,212.8,,,,,,,4.5,,,,,,,,1.8,,,,,,,,
SE080000,,27.5,31.3,37.7,,,,255.4,0.3,,,,,,239.1,,,,,,,11.0,,0.1,,,,,,0.1,,,,,,,,
SE090000,,152.9,458.6,449.8,,,,1301.7,31.3,90.3,1.5,,,34.9,1162.8,9.4,,,,0.3,,84.6,13.0,21.6,,11.0,,5.7,,219.3,,,,,,,,
SE0A0000,,293.1,1377.4,1347.8,,,,1358.1,43.3,42.9,0.1,,,34.1,1283.2,28.0,,,,1.1,,146.6,31.6,51.8,,47.7,,48.7,,636.6,,,,,,,,
SI000000,72.58,118.93,749.23,749.23,,,80.71,876.92,26.33,1172.11,379.22,,2.72,27.23,257.01,17.61,1.71,3.1,3.1,3.02,,65.67,2.28,6.9,21.02,2.53,5.4,7.47,1.03,154.21,,0.16,,,10.42,103.64,139.52,103.8
SK000000,31.79,601.95,4580.88,4580.88,,281.36,33.07,3075.05,746.19,1991.84,1523.63,,41.42,40.69,757.08,716.07,4.38,,,10.28,,166.2,25.43,417.56,2.21,35.59,170.32,1272.97,199.67,1754.72,,0.66,0.08,0.01,14.22,46.25,124.43,46.92
SK010000,,23.62,234.28,230.62,,16.05,2.0,102.0,31.01,73.23,104.21,,,2.24,28.78,22.0,0.01,,,0.17,,32.47,1.32,19.67,0.08,5.77,2.16,104.63,5.38,80.32,,,,,,,,15.0
SK020000,,478.24,3124.26,3180.8,,138.19,23.0,1298.06,442.25,1047.52,1232.46,,,14.05,250.53,248.0,0.8,,,0.06,,76.2,20.59,293.76,3.66,24.93,19.51,1131.48,102.97,1222.55,,,,0.01,,,,42.0
SK030000,,67.08,397.66,468.54,,9.97,1.0,949.71,73.37,698.02,67.56,,,13.47,251.64,37.0,0.85,,,0.14,,18.96,1.9,41.3,1.37,11.36,21.16,13.27,7.3,218.93,,,,0.2,,,,5.0
SK040000,,110.46,824.68,828.38,,9.29,1.0,725.28,199.57,499.22,238.45,,,12.4,226.08,71.0,2.72,,,0.37,,38.57,1.62,86.15,5.43,6.51,86.38,23.59,20.08,438.02,,,,0.1,,,,3.0
TR100000,,25.0,188.0,175.0,,,,60.0,47.0,39.0,1.0,,,1.0,22.0,31.0,,,,,2.0,0.6,1.0,8.0,,,,4.0,43.0,160.0,,,,0.1,,,,0.2
TR200000,,214.0,3331.0,2843.0,,,,6770.0,628.0,3692.0,69.0,,,22.0,2984.0,698.5,1.0,,93.7,2.0,648.0,5.0,17.0,88.0,,30.0,,155.0,912.0,2312.0,,,,1.0,,,,172.0
TR210000,,93.0,2289.0,2007.0,,,,1630.0,544.0,1090.0,22.0,,,15.0,477.0,625.9,,,4.5,,432.0,3.0,2.0,78.0,,2.0,,144.0,821.0,1714.0,,,,0.9,,,,90.6
TR220000,,121.0,1042.0,836.0,,,,5140.0,84.0,2602.0,47.0,,,7.0,2507.0,72.6,1.0,,89.1,2.0,216.0,2.0,15.0,10.0,,28.0,,11.0,91.0,598.0,,,,1.0,,,,81.4
TR300000,,821.0,3178.0,3339.0,,536.0,,12741.0,322.0,8178.0,497.0,,,53.0,5631.0,476.6,14.0,,171.4,242.0,1.0,1062.0,45.0,1.0,,32.0,1.0,1598.0,66.0,1201.0,,,,40.0,,,,1469.0
TR310000,,37.0,218.0,311.0,,3.0,,3722.0,71.0,3242.0,94.0,,,1.0,506.0,105.7,2.0,,27.9,66.0,1.0,436.0,2.0,,,1.0,,4.3,7.0,82.0,,,,2.0,,,,215.6
TR320000,,163.0,775.0,953.0,,92.0,,5809.0,223.0,3279.0,160.0,,,22.0,3302.0,243.5,4.0,,83.9,166.0,,36.0,8.0,,,3.0,1.0,239.0,33.0,325.0,,,,17.0,,,,255.4
TR330000,,621.0,2185.0,2074.0,,444.0,,3210.0,28.0,1657.0,243.0,,,30.0,1823.0,127.4,10.0,,59.6,10.0,,590.0,37.0,1.0,,28.0,0.1,1359.0,26.0,794.0,,,,21.0,,,,997.9
TR400000,,410.0,2108.0,1870.0,,5.0,,4719.0,88.0,3093.0,648.0,,,6.0,1897.0,67.4,2.0,,120.5,1.0,19.0,256.0,13.0,3.0,,7.0,0.1,2098.0,114.0,968.0,,,,6.6,,,,145.0
TR410000,,331.0,1461.0,1168.0,,5.0,,2709.0,76.0,1486.0,323.0,,,6.0,1379.0,49.1,2.0,,107.0,1.0,18.0,116.0,12.0,3.0,,7.0,,2041.0,99.0,743.0,,,,0.9,,,,111.6
TR420000,,79.0,647.0,701.0,,3.0,,2010.0,12.0,1607.0,325.0,,,1.0,518.0,18.3,,,13.5,0.1,1.0,140.0,1.0,,,,0.1,57.0,15.0,225.0,,,,5.8,,,,33.4
TR500000,,2273.0,6931.0,4685.0,,850.0,,5745.0,285.0,3318.0,1378.0,,,16.0,2804.0,23.8,5.0,,5.0,,2.0,728.0,284.0,22.0,1.0,41.0,0.3,8720.0,334.0,2273.0,,,,,,,,287.5
TR510000,,813.0,1880.0,1613.0,,87.0,,632.0,44.0,413.0,33.0,,,6.0,266.0,9.6,6.0,,,,2.0,24.0,102.0,5.0,1.0,2.0,,859.0,17.0,888.0,,,,,,,,20.0
TR520000,,1460.0,5051.0,3072.0,,763.0,,5113.0,241.0,2905.0,1345.0,,,10.0,2538.0,14.1,5.0,,5.0,,,704.0,182.0,17.0,,39.0,0.3,7861.0,317.0,1385.0,,,,,,,,267.6
TR600000,,438.0,4379.0,2827.0,,371.0,,3116.0,681.0,2201.0,1638.0,,,16.0,1348.0,407.5,22.0,,153.3,309.0,10.0,395.0,59.0,1.0,,9.0,146.0,916.0,242.0,1875.0,,,,2.0,,,,416.8
TR610000,,288.0,850.0,855.0,,166.0,,1713.0,27.0,1011.0,47.0,,,14.0,822.0,44.3,22.0,,34.1,18.0,,32.0,25.0,,,8.0,0.1,521.0,1.0,306.0,,,,0.4,,,,66.2
TR620000,,35.0,1812.0,1972.0,,13.0,,535.0,428.0,409.0,910.0,,,0.08,152.0,165.0,2.0,,63.5,152.0,9.0,224.0,15.0,1.0,,1.0,132.0,21.0,202.0,844.0,,,,0.1,,,,201.8
TR630000,,115.0,1717.0,1535.0,,192.0,,868.0,226.0,781.0,681.0,,,2.0,374.0,198.2,41.0,,55.6,139.0,1.0,139.0,19.0,,,1.0,14.0,374.0,39.0,725.0,,,,2.0,,,,148.8
TR700000,,1804.0,4816.0,4363.0,,423.0,,4994.0,92.0,1941.0,106.0,,,47.0,3373.0,36.0,2.0,,,,4.0,2034.0,371.0,,,127.0,,5966.0,92.0,2231.0,,,,,,,,257.4
TR710000,,1025.0,2275.0,2128.0,,57.0,,3191.0,69.0,1353.0,99.0,,,5.0,2191.0,20.3,1.0,,,,4.0,1251.0,235.0,,,90.0,,2115.0,55.0,966.0,,,,,,,,217.9
TR720000,,779.0,2541.0,22235.0,,366.0,,1803.0,23.0,588.0,7.0,,,42.0,1182.0,15.7,1.0,,,,,783.0,136.0,,,37.0,,3851.0,37.0,1265.0,,,,,,,,39.5
TR800000,,483.0,2818.0,2495.0,,155.0,,4274.0,146.0,2259.0,179.0,,,98.0,2501.0,61.0,2.0,,0.6,0.7,285.0,207.0,80.0,1.0,,3.0,6.0,1664.0,230.0,1604.0,,,,7.0,,,,54.5
TR810000,,8.0,80.0,126.0,,1.0,,538.0,1.0,261.0,9.0,,,6.0,304.0,1.0,,,,,0.1,4.0,1.0,,,,,,1.0,55.0,,,,,,,,0.8
TR820000,,93.0,540.0,445.0,,65.0,,798.0,1.0,375.0,8.0,,,13.0,601.0,0.2,,,0.4,0.6,63.0,28.0,11.0,,,1.0,,256.0,1.0,295.0,,,,0.1,,,,3.2
TR830000,,382.0,2198.0,1924.0,,89.0,,2938.0,144.0,1623.0,162.0,,,79.0,1596.0,59.8,2.0,,0.2,0.1,222.0,175.0,68.0,1.0,,2.0,6.0,1408.0,230.0,1254.0,,,,7.0,,,,50.5
TR900000,,34.0,124.0,142.0,,12.0,,219.0,,87.0,24.0,,,3.0,213.0,0.3,,,1.9,,0.3,134.0,6.0,,,1.0,0.3,16.0,,61.0,,,,1.0,,,,8.3
TRA00000,,369.0,1042.0,1030.0,,1.0,,6051.0,5.0,624.0,24.0,,,14.0,5970.0,4.6,,,,0.2,1.0,120.0,10.0,,,42.0,0.3,626.0,11.0,587.0,,,,,,,,7.0
TRA10000,,151.0,505.0,489.0,,1.0,,3034.0,5.0,256.0,1.0,,,12.0,3105.0,4.5,,,,,,116.0,8.0,,,29.0,0.1,435.0,6.0,309.0,,,,,,,,6.9
TRA20000,,218.0,537.0,542.0,,,,3017.0,1.0,368.0,24.0,,,2.0,2865.0,0.1,,,,0.2,1.0,4.0,2.0,,,13.0,0.3,191.0,5.0,278.0,,,,,,,,0.1
TRB00000,,383.0,1044.0,815.0,,27.0,,4691.0,9.0,380.0,5.0,,,1.0,4932.0,2.7,1.0,,,0.5,0.5,212.0,52.0,,,2.0,1.0,927.0,4.0,626.0,,,,2.0,,,,51.1
TRB10000,,230.0,511.0,441.0,,27.0,,1092.0,,230.0,2.0,,,,999.0,0.6,1.0,,,0.5,0.2,5.0,13.0,,,,0.6,346.0,2.0,251.0,,,,2.0,,,,50.0
TRB20000,,153.0,533.0,374.0,,,,3599.0,9.0,150.0,3.0,,,1.0,3933.0,2.1,,,,,0.3,207.0,39.0,,,2.0,1.0,581.0,2.0,375.0,,,,1.0,,,,1.0
TRC00000,,1045.0,7227.0,6378.0,,1632.0,,2051.0,836.0,1502.0,1932.0,,,1.0,419.0,499.4,91.0,,53.7,820.0,10.0,47.0,408.0,,,,2.0,340.0,19.0,2606.0,,,,23.0,,,,531.3
TRC10000,,254.0,877.0,983.0,,129.0,,614.0,71.0,690.0,59.0,,,1.0,49.0,38.8,55.0,,52.6,68.0,0.1,13.0,67.0,,,,0.7,141.0,3.0,434.0,,,,17.0,,,,207.4
TRC20000,,549.0,4523.0,3666.0,,1039.0,,1287.0,678.0,766.0,1417.0,,,2.0,260.0,364.6,36.0,,0.3,668.0,9.0,17.0,231.0,,,,2.0,199.0,16.0,1508.0,,,,1.0,,,,192.3
TRC30000,,242.0,1827.0,1728.0,,464.0,,150.0,87.0,46.0,456.0,,,,110.0,96.0,,,0.8,85.0,1.0,17.0,110.0,,,,1.0,14.0,0.3,664.0,,,,5.0,,,,131.6
TUR,5576.0,8299.0,37186.0,36205.0,4349.0,4000.0,10680.0,55431.0,3610.0,27314.0,6500.0,,314.0,294.0,33304.0,3684.0,47.0,803.0,1317.0,1341.0,981.0,5200.0,1345.0,122.0,84.0,294.0,154.0,23026.0,2067.0,16504.0,513.0,2218.0,655.0,75.0,13204.0,456.0,31667.0,4209.0
UK000000,532.0,8363.26,19698.5,19698.5,,11.6,588.5,6524.0,2190.0,8920.0,35.97,69.0,1015.91,47.42,6847.0,1778.5,1.5,,,26.7,,5578.0,722.76,1079.06,,102.94,4.0,6690.0,2.0,10133.0,,,36.8,,61.0,14.6,2557.6,14.6
UKC00000,,331.06,1053.37,680.0,,,,,63.0,,,,,1.0,,,,,,,,,12.0,87.07,,1.0,,7.7,,641.92,,,,,,,,
UKD00000,,221.06,491.83,486.0,,,,,13.0,,,,,4.0,,,,,,,,,6.0,17.82,,,,55.53,,229.24,,,,,,,,
UKE00000,,935.64,3174.25,2412.0,,,,,265.0,10.0,,,,3.0,,,,,,4.0,,875.0,47.0,229.68,,4.0,,670.9,,2142.15,,,,,,,,
UKF00000,,866.08,3938.24,3030.0,,,,,487.0,55.0,,,,4.0,,,,,,10.0,,1134.5,92.0,370.87,,8.0,,1695.98,,2945.1,,,,,,,,
UKG00000,,413.05,2010.06,1469.0,,,,,166.0,180.0,,,,4.0,,,,,,4.0,,661.4,42.0,175.87,,3.0,,209.8,,1448.8,,,,,,,,
UKH00000,,1389.57,5830.23,4478.0,,,,,574.0,105.0,,,,6.0,,,,,,14.0,,1088.7,143.0,366.46,,24.0,,4624.83,,4266.69,,,,,,,,
UKI00000,,2.0,17.0,17.0,,,,,2.0,,,,,,,,,,,,,,1.0,2.0,,,,1.0,,14.0,,,,,,,,
UKJ00000,,813.48,3000.01,2186.0,,,,,302.0,,,,,4.0,,,,,,17.0,,,100.0,208.68,,8.0,,45.66,,2013.97,,,,,,,,
UKK00000,,880.26,2382.28,2034.0,,,,,191.0,760.0,,,,15.0,,,,,,12.0,,310.3,41.0,151.75,,8.0,,139.6,,1349.03,,,,,,,,
UKL00000,,128.47,350.12,239.0,,,,,14.0,75.0,,,,1.0,,,,,,,,32.8,2.0,16.91,,1.0,,9.0,,189.72,,,,,,,,
UKM00000,,1942.57,3087.13,2843.0,,,,,112.0,,,,,3.0,,,,,,,,35.5,12.0,124.14,,7.5,,9.0,,936.86,,,,,,,,
UKN00000,,126.91,199.04,209.0,,,,,1.0,,,,,,,,,,,,,28.5,,2.55,,,,9.0,,61.03,,,,,,,,
